timestamp,open,high,low,close,volume
1983-11-21,0.25727386945258623,0.2620186590350266,0.25727386945258623,0.25990980863571167,5177899.0
1983-11-22,0.25990979652563884,0.25990979652563884,0.25780102610588074,0.25780102610588074,3884616.0
1983-11-23,0.2578010211054913,0.2583282376645943,0.2556922347503762,0.2567466199398041,2143291.0
1983-11-25,0.2567466797715819,0.2583282978649495,0.2567466797715819,0.25727391242980957,4475650.0
1983-11-28,0.2572739907525801,0.25780115966624323,0.2546379864215851,0.2546379864215851,5713325.0
1983-11-29,0.254110556339595,0.254110556339595,0.25042015314102173,0.25042015314102173,3039374.0
1983-11-30,0.25042025126568773,0.2514746366164606,0.24831146458788017,0.2488386332988739,5174722.0
1983-12-01,0.24936593701589682,0.2520019410850797,0.24936593701589682,0.2514747083187103,12648437.0
1983-12-02,0.2514745380786442,0.2514745380786442,0.24989298463659376,0.25042015314102173,2553202.0
1983-12-05,0.2504202665003135,0.2509474991484293,0.24936588108539579,0.2493658810853958,1987589.0
1983-12-06,0.24936596607683875,0.24989318292838317,0.24831156432628634,0.24831156432628632,3927514.0
1983-12-07,0.24831149895342264,0.2493659004263832,0.2456754952710212,0.24725711345672607,8342789.0
1983-12-08,0.2472571134567261,0.24831149895342264,0.24672988076771776,0.24725711345672607,8574754.0
1983-12-09,0.24725710745375587,0.24725710745375587,0.24514825663024187,0.2456754893064499,9132422.0
1983-12-12,0.2456754905879549,0.24672987606455277,0.2456754905879549,0.24620270729064941,4474061.0
1983-12-13,0.24620277680144975,0.24936596607683875,0.24567555994990534,0.24831156432628632,9666259.0
1983-12-14,0.24831146458788017,0.25200186923250156,0.24831146458788017,0.2488386332988739,6601464.0
1983-12-15,0.2488386677373749,0.2493659004263832,0.24672988076771776,0.24725711345672607,4914158.0
1983-12-16,0.2472571134567261,0.2488386677373749,0.2456754952710212,0.24725711345672607,4410509.0
1983-12-19,0.2472571134567261,0.2477842662644143,0.24672988076771776,0.24725711345672607,4968178.0
1983-12-20,0.24725717855200216,0.24831156432628634,0.24672994572418952,0.24831156432628632,3191899.0
1983-12-21,0.24831146458788017,0.2488386332988739,0.24672984662106637,0.2488386332988739,9906168.0
1983-12-22,0.2488386677373749,0.2493659004263832,0.2472571134567261,0.24725711345672607,10011029.0
1983-12-23,0.2472571338861981,0.24778428673744202,0.24567551556981296,0.24778428673744202,5112758.0
1983-12-27,0.2477842662644143,0.2477842662644143,0.24620271198376553,0.24725711345672607,3371434.0
1983-12-28,0.24725712506575268,0.24989312887191772,0.24725712506575268,0.24989312887191772,7093992.0
1983-12-29,0.24989309775724883,0.24989309775724883,0.24883864843727999,0.2493658810853958,5942112.0
1983-12-30,0.24936596607683875,0.2509475846789356,0.24831156432628634,0.24831156432628632,3870317.0
1984-01-03,0.2488386532097962,0.2578010811829849,0.2488386532097962,0.25727391242980957,3298349.0
1984-01-04,0.2599097102582192,0.27203538377918424,0.2599097102582192,0.269926518201828,8595408.0
1984-01-05,0.26992666028835516,0.27467154643004676,0.26781788945849067,0.26887229084968567,5363789.0
1984-01-06,0.26887227787128376,0.2699266472590591,0.26201868513560006,0.2625458538532257,6042206.0
1984-01-09,0.26254580304481717,0.26307303556545975,0.25990978422793465,0.26149141788482666,4278638.0
1984-01-10,0.26149141788482666,0.26254580304481717,0.25990978422793465,0.26149141788482666,4354901.0
1984-01-11,0.2620187447629826,0.2651819335274628,0.2620187447629826,0.2630731463432312,5621174.0
1984-01-12,0.2630729085439379,0.2646545254609067,0.2620185079167928,0.2636001408100128,3549379.0
1984-01-13,0.26360029778981164,0.2678178548812866,0.26360029778981164,0.2678178548812866,5357434.0
1984-01-16,0.2678177307186983,0.27572575244171477,0.26570894516248145,0.27308976650238037,4486771.0
1984-01-17,0.27308971464796544,0.27414408326148987,0.2715080658701772,0.27414408326148987,3492182.0
1984-01-18,0.27414438090192794,0.2783620196976478,0.27414438090192794,0.27783480286598206,5911925.0
1984-01-19,0.27783481731677356,0.2783620341758609,0.27467164397239685,0.27467164397239685,3991066.0
1984-01-20,0.27467164397239685,0.2751987969264104,0.27256277653604727,0.27467164397239685,3282461.0
1984-01-23,0.2746713314732532,0.27519848382751483,0.27308971464796544,0.27414408326148987,2343480.0
1984-01-24,0.2741441353161088,0.276252936848579,0.27308976650238037,0.27308976650238037,2843952.0
1984-01-25,0.2730899283669914,0.2736170811338006,0.26834510613035095,0.26887229084968567,2105160.0
1984-01-26,0.26781769538983946,0.26781769538983946,0.2630729085439379,0.2636001408100128,4065739.0
1984-01-27,0.26360037908588685,0.26465476468986976,0.26043712641634403,0.2630731463432312,5795942.0
1984-01-30,0.26307297268052615,0.268344977101554,0.26254574028591315,0.2672905921936035,6531557.0
1984-01-31,0.2672907038704317,0.26834508921891526,0.26518186926841736,0.26518186926841736,2910682.0
1984-02-01,0.2651816938219768,0.2667633107389456,0.2636001408100128,0.2636001408100128,2521426.0
1984-02-02,0.26360031450793847,0.26412746724012165,0.26201868057250977,0.26201868057250977,5649773.0
1984-02-03,0.26201868513560006,0.2636003190985731,0.2614914684891884,0.2625458538532257,4299293.0
1984-02-06,0.2625458277001392,0.2625458277001392,0.25990980863571167,0.25990980863571167,3624053.0
1984-02-07,0.25990975771976654,0.2636002412015422,0.2567465865861475,0.2588553726673126,4292938.0
1984-02-08,0.2588554113157598,0.26043702907122757,0.2572738574653307,0.25780102610588074,2653296.0
1984-02-09,0.25674660218321277,0.25674660218321277,0.25305619835853577,0.25305619835853577,3528725.0
1984-02-10,0.2530563268559757,0.25358355962259393,0.2509475555521664,0.25200194120407104,2918626.0
1984-02-13,0.2520018893965314,0.2578010811829849,0.2520018893965314,0.25727391242980957,4429574.0
1984-02-14,0.2572738190530177,0.26254577626780184,0.2567465865861475,0.2588553726673126,4296115.0
1984-02-15,0.2588554113157598,0.25990979652563884,0.25621940835041296,0.25780102610588074,5397154.0
1984-02-16,0.2578010211054913,0.25885540629491915,0.25305621585989874,0.2567466199398041,4912570.0
1984-02-17,0.25674656849391614,0.25727380092363367,0.2546377985376076,0.2551649510860443,1723848.0
1984-02-21,0.2551649510860443,0.25621935204045476,0.25411056610789007,0.2551649510860443,4385088.0
1984-02-22,0.25516513435433763,0.2583283714420259,0.2546379814272817,0.2562195360660553,4431163.0
1984-02-23,0.2551650282611092,0.2551650282611092,0.2514746238045041,0.2525290250778198,7465771.0
1984-02-24,0.25252899945172524,0.25358344854682074,0.24883859536961425,0.2509474456310272,7024085.0
1984-02-27,0.2509475555521664,0.25358355962259393,0.25042032278554816,0.25200194120407104,4516958.0
1984-02-28,0.252001915940585,0.2525290847492885,0.24989312887191772,0.24989312887191772,2484883.0
1984-02-29,0.24989314488803008,0.25358355045318604,0.24883869536918812,0.25358355045318604,6194731.0
1984-03-01,0.2535835863499337,0.258328378200531,0.2530563535277459,0.258328378200531,4400976.0
1984-03-02,0.2583283714420259,0.25885554034534947,0.25516513435433763,0.2562195360660553,3415920.0
1984-03-05,0.25569234212285874,0.25569234212285874,0.2535835548822039,0.254110723733902,2060674.0
1984-03-06,0.2541105994513006,0.2541105994513006,0.25200181324202914,0.25305619835853577,2945635.0
1984-03-07,0.2525290847492885,0.2525290847492885,0.24883867942065738,0.24989312887191772,3106104.0
1984-03-08,0.24989302703275765,0.25305619835853577,0.248838578011218,0.25305619835853577,3015542.0
1984-03-09,0.2525291099463835,0.2525291099463835,0.24936593701589682,0.2514747083187103,2542080.0
1984-03-12,0.2514746832268224,0.2525290847492885,0.24936591213441994,0.24989312887191772,3558912.0
1984-03-13,0.2498930444647098,0.2514745982854078,0.24883859536961425,0.2509474456310272,4829952.0
1984-03-14,0.25094755543367286,0.2520019410850797,0.24831153538822368,0.2514747083187103,4585277.0
1984-03-15,0.2514745982854078,0.25358344854682074,0.25042021309534973,0.2509474456310272,5149301.0
1984-03-16,0.2509475393464776,0.2525290937578014,0.2472571338861981,0.24778428673744202,4604342.0
1984-03-19,0.24778428673744202,0.24831151947001262,0.24514828283724233,0.24778428673744202,3627230.0
1984-03-20,0.2477842615411506,0.2477842615411506,0.2451482579089967,0.24620270729064941,8670082.0
1984-03-21,0.24620271198376553,0.2472571134567261,0.2456754952710212,0.24725711345672607,5030141.0
1984-03-22,0.24725713730149632,0.2483115228998748,0.24462111738862066,0.24514828622341156,11051693.0
1984-03-23,0.2451482625820129,0.2472571134567261,0.24198509011565922,0.24725711345672607,6037440.0
1984-03-26,0.25533013615560046,0.2558745006686376,0.24716389305902162,0.24934153258800507,4381910.0
1984-03-27,0.24934153258800504,0.2515192381085648,0.24879715157707383,0.24934153258800507,5597342.0
1984-03-28,0.24934146984439548,0.2509747279514591,0.24934146984439548,0.2498859167098999,3493771.0
1984-03-29,0.24988594490854937,0.25206356763740395,0.24988594490854937,0.2504303753376007,2148058.0
1984-03-30,0.25043041009512607,0.25097479110605725,0.24934153258800504,0.24934153258800507,5878560.0
1984-04-02,0.2493415298537324,0.25043040734891275,0.24553063184848695,0.2460750788450241,5738746.0
1984-04-03,0.24607491216662758,0.2471637229327284,0.24171957011492806,0.24389727413654327,5637062.0
1984-04-04,0.24389727413654327,0.2466193587943848,0.24389727413654327,0.24389727413654327,5727624.0
1984-04-05,0.24389745488087664,0.24498626645385968,0.24171974924543585,0.24226419627666473,3346013.0
1984-04-06,0.24226419627666473,0.24280864330789362,0.24171974924543585,0.24226419627666473,2413387.0
1984-04-09,0.24226419958879747,0.24335301117666627,0.24171975255012515,0.24171975255012512,2464229.0
1984-04-10,0.24171975255012515,0.2438974582153386,0.24171975255012515,0.24171975255012512,4756867.0
1984-04-11,0.24171975255012515,0.2438974582153386,0.24171975255012515,0.24171975255012512,3655829.0
1984-04-12,0.24171970458931089,0.24607504906399144,0.24171970458931089,0.24498622119426727,4192843.0
1984-04-13,0.24498608490264406,0.2455304655388704,0.24280846337044248,0.24389727413654327,5557622.0
1984-04-16,0.24389727413654327,0.24444165477276958,0.24280846337044248,0.24389727413654327,2761334.0
1984-04-17,0.24444179076151326,0.24607504906399144,0.24444179076151326,0.24498622119426727,3411154.0
1984-04-18,0.24498622119426725,0.24825268830554792,0.24498622119426725,0.24498622119426727,4693315.0
1984-04-19,0.24498625084352538,0.24770833734516604,0.24498625084352538,0.2460750788450241,3946579.0
1984-04-23,0.2460752398627554,0.24825288079278407,0.24553079250996268,0.2477084994316101,2494416.0
1984-04-24,0.24934157273671265,0.25424134907982593,0.24934157273671265,0.25369691848754883,4482005.0
1984-04-25,0.25478556646428446,0.2569632049446533,0.25478556646428446,0.2564188241958618,3967234.0
1984-04-26,0.2564188527584903,0.25914093828240964,0.2564188527584903,0.25805211067199707,3225264.0
1984-04-27,0.2575075804015726,0.2575075804015726,0.2558743066242331,0.2569631338119507,2154413.0
1984-04-30,0.25696326335581926,0.2602297795614965,0.25641888248328276,0.2591409683227539,3056851.0
1984-05-01,0.25968552507870335,0.26349642498012366,0.25968552507870335,0.26186323165893555,4521725.0
1984-05-02,0.2569633679373339,0.2569633679373339,0.25315246930812263,0.2553301751613617,13849570.0
1984-05-03,0.25587443703914875,0.25914096976084333,0.25587443703914875,0.25750771164894104,5679960.0
1984-05-04,0.2575075804015726,0.2585963910914087,0.2569631338119507,0.2569631338119507,4451818.0
1984-05-07,0.2569632049446533,0.2575076516849893,0.2558743774555258,0.2564188241958618,4648829.0
1984-05-08,0.25641890188040956,0.2575077296994078,0.25424126274030423,0.2558744549751282,2384789.0
1984-05-09,0.2558743774555258,0.25805208192743917,0.2558743774555258,0.2564188241958618,2437219.0
1984-05-10,0.25641876527367713,0.256963145897376,0.2547855079174042,0.2547855079174042,4583688.0
1984-05-11,0.2542411824671074,0.2542411824671074,0.251519113779068,0.251519113779068,3230030.0
1984-05-14,0.2509747850261292,0.2509747850261292,0.24661952257156372,0.24661952257156372,3434986.0
1984-05-15,0.24661952584156124,0.24661952584156124,0.24498625084352538,0.2460750788450241,2855074.0
1984-05-16,0.2460750373196622,0.2471638486395292,0.24498620950190408,0.24553059041500092,3730502.0
1984-05-17,0.2455304655388704,0.2466193587943848,0.24389727413654327,0.24389727413654327,2634230.0
1984-05-18,0.24389738158574578,0.24444176246179955,0.24171967660474075,0.24335293471813202,1636464.0
1984-05-21,0.24335300453754952,0.24444183259360827,0.2417197459555667,0.24280864000320435,1609454.0
1984-05-22,0.24280864330789362,0.24335300784964775,0.2406309376724528,0.24226419627666473,2688250.0
1984-05-23,0.24280858686217005,0.2460750373196622,0.24280858686217005,0.24553059041500092,1688894.0
1984-05-24,0.2455304655388704,0.2455304655388704,0.24389727413654327,0.24389727413654327,2915448.0
1984-05-25,0.24389745488087664,0.24553064749350875,0.24226419627666473,0.24226419627666473,2128992.0
1984-05-29,0.24226416821556349,0.2428086151837299,0.24063090980052948,0.24063090980052948,1569734.0
1984-05-30,0.2406308170384053,0.24171962806554104,0.2395419895133829,0.24008643627166748,1604688.0
1984-05-31,0.2400865849324926,0.24171977773763378,0.2400865849324926,0.24117541313171387,1442630.0
1984-06-01,0.2417198920110793,0.24825288079278407,0.2417198920110793,0.2477084994316101,1908149.0
1984-06-04,0.2477084994316101,0.25097495257770075,0.2471640520788174,0.2477084994316101,5284349.0
1984-06-05,0.24770830892404433,0.24825268986654567,0.24607505061129634,0.24716386198997498,1885906.0
1984-06-06,0.2471639361409882,0.24879719494372596,0.24661957153306543,0.2482527643442154,3218909.0
1984-06-07,0.2482527643442154,0.2509748348522834,0.24661957153306543,0.2482527643442154,4265928.0
1984-06-08,0.24879704634576114,0.2520634960087102,0.24879704634576114,0.2509746849536896,6016786.0
1984-06-11,0.2509746849536896,0.2515191317259176,0.2498858738986689,0.2509746849536896,3102926.0
1984-06-12,0.25097466704568827,0.25315230549823386,0.2504302863038523,0.251519113779068,2470584.0
1984-06-13,0.2515191317259176,0.2520634960087102,0.2504303041730099,0.2509746849536896,1958990.0
1984-06-14,0.25097495257770075,0.25097495257770075,0.2477084994316101,0.2477084994316101,2410210.0
1984-06-15,0.2477083814720277,0.2487971931695938,0.2466195697744616,0.2487971931695938,2818531.0
1984-06-18,0.24879708897045077,0.2520635391930182,0.246075019621828,0.2498859167098999,3752746.0
1984-06-19,0.24988586100214663,0.252607929743931,0.24934141425801726,0.25206348299980164,9135600.0
1984-06-20,0.25206364320861435,0.2547857301784128,0.24879719163812578,0.25369691848754883,2279928.0
1984-06-21,0.25369675547304316,0.2564188241958618,0.25206348124357963,0.2564188241958618,5994542.0
1984-06-22,0.2558746000785603,0.2558746000785603,0.2536969762014416,0.254241406917572,20945150.0
1984-06-25,0.2580808619507005,0.2580808619507005,0.2558318078517914,0.2558318078517914,2824886.0
1984-06-26,0.2558318078517914,0.2569563263817789,0.25470728932180386,0.2558318078517914,1072440.0
1984-06-27,0.25583180884991935,0.2563940425587056,0.2513336324788153,0.251895934343338,2173478.0
1984-06-28,0.2518959512110691,0.2535827035671803,0.2518959512110691,0.2524581849575043,1043842.0
1984-06-29,0.25245827940312116,0.2530205644767151,0.249646922190918,0.25133374333381653,3430219.0
1984-07-02,0.25133374333381653,0.25133374333381653,0.249646922190918,0.25133374333381653,1879550.0
1984-07-03,0.2513336152881478,0.25358266924200124,0.2513336152881478,0.25302043557167053,1968523.0
1984-07-05,0.25302046982074516,0.2535827035671803,0.2518959512110691,0.2524581849575043,1944691.0
1984-07-06,0.25245816805212423,0.25302045287771285,0.2513336324788153,0.251895934343338,2011421.0
1984-07-09,0.2518960013037524,0.2552695748425934,0.2518960013037524,0.2541450560092926,1296461.0
1984-07-10,0.25414500472293416,0.2575185775809895,0.25358270282240947,0.25470730662345886,2419742.0
1984-07-11,0.2552695728204789,0.2597677503516816,0.2552695728204789,0.25808092951774597,5751456.0
1984-07-12,0.25864317489391936,0.2625790498130553,0.25864317489391936,0.2614544630050659,5106403.0
1984-07-13,0.26257908265425695,0.2659526731108067,0.26257908265425695,0.26426583528518677,2052730.0
1984-07-16,0.26426583528518677,0.26707719190369794,0.2637036184860862,0.26426583528518677,2516659.0
1984-07-17,0.2642657159767932,0.26820158961126156,0.2625789641073835,0.2665148377418518,1931981.0
1984-07-18,0.2665148673300021,0.2693261548356513,0.2665148673300021,0.268201619386673,5436874.0
1984-07-19,0.2687639984603565,0.26932623226862695,0.26707717776298523,0.26707717776298523,1237675.0
1984-07-20,0.26820164503861676,0.2698884654123512,0.2665148928206178,0.2676394283771515,2062262.0
1984-07-23,0.2665148928206178,0.26876394689475136,0.26426577059074885,0.2676394283771515,4386677.0
1984-07-24,0.26876400149473545,0.2715753579961367,0.26820169952436806,0.2698885202407837,2051141.0
1984-07-25,0.26988861128564096,0.2760735431505636,0.2693263261645283,0.2732622027397156,2421331.0
1984-07-26,0.2732620283417783,0.27888472261397057,0.2715752762885969,0.27213749289512634,6544267.0
1984-07-27,0.27157527239518414,0.27157527239518414,0.2693261504173279,0.2693261504173279,1375901.0
1984-07-30,0.26876391677992667,0.27101297060205515,0.2676393983883284,0.2693261504173279,1542725.0
1984-07-31,0.2693263261645283,0.2732622027397156,0.26876409216024477,0.2732622027397156,1402910.0
1984-08-01,0.27213760767468753,0.28000935912132263,0.27157539083103177,0.28000935912132263,3763867.0
1984-08-02,0.2788848969535779,0.2918170456354315,0.2721376630168282,0.28900575637817383,5088926.0
1984-08-03,0.2878809871280601,0.29125466179974935,0.2845074317289024,0.2867564857006073,4103870.0
1984-08-06,0.28563192122905007,0.28563192122905007,0.2788847088813782,0.2788847088813782,3938635.0
1984-08-07,0.27832247526360154,0.2822583491330768,0.2777601734900995,0.2788847088813782,4634530.0
1984-08-08,0.27944711793629445,0.2805716538278563,0.2777602970600128,0.2777602970600128,2662829.0
1984-08-09,0.27832246665446403,0.2822583404021939,0.27776016489835526,0.28057152032852173,1952635.0
1984-08-10,0.28113405096118854,0.2845076256993007,0.28113405096118854,0.2822585701942444,3077506.0
1984-08-13,0.2822585701942444,0.28282080425235523,0.2800094465334092,0.2822585701942444,1661885.0
1984-08-14,0.2811338942580331,0.2833829314705384,0.2811338942580331,0.2816961109638214,1487117.0
1984-08-15,0.2805716180024399,0.28394519116848527,0.28000931605057994,0.2811339199542999,2109926.0
1984-08-16,0.2800094465334092,0.28338308942730017,0.27944721247529836,0.2822585701942444,991411.0
1984-08-17,0.28282080425235523,0.2845076256993007,0.2800094465334092,0.2822585701942444,1113749.0
1984-08-20,0.2822582308930437,0.2861940860748291,0.2822582308930437,0.2861940860748291,1997122.0
1984-08-21,0.28506973695154925,0.291254682674081,0.2845074521196575,0.28956782817840576,3336480.0
1984-08-22,0.2884434712644137,0.2901302925278083,0.287881152072768,0.28900575637817383,1213843.0
1984-08-23,0.2878810126050338,0.2884433315242568,0.28675651107806455,0.28731879591941833,1725437.0
1984-08-24,0.28731862099503186,0.28731862099503186,0.28563180157580353,0.2861940860748291,4547146.0
1984-08-27,0.2850697636604309,0.28675653311947213,0.2839451768523479,0.2850697636604309,1059730.0
1984-08-28,0.2850699291919708,0.2867566996304689,0.2850699291919708,0.2856321632862091,889728.0
1984-08-29,0.2856321632862091,0.2873189848415446,0.2856321632862091,0.2856321632862091,1639642.0
1984-08-30,0.28450747877585736,0.2856319974281968,0.2839451768523479,0.2850697636604309,1139170.0
1984-08-31,0.28450764398089506,0.2856321632862091,0.28450764398089506,0.2856321632862091,1512538.0
1984-09-04,0.2850697681373463,0.2856320019139419,0.28394518131160207,0.28450748324394226,646642.0
1984-09-05,0.28338308942730017,0.28394532348541107,0.2822585701942444,0.2822585701942444,2179834.0
1984-09-06,0.2839453417308736,0.2867566996304689,0.28338310763663527,0.2856321632862091,12097123.0
1984-09-07,0.28619428680734593,0.28675653762287767,0.28450748324394226,0.28450748324394226,1126459.0
1984-09-10,0.28338310763663527,0.2861944484972848,0.28282082242555956,0.2856321632862091,7843906.0
1984-09-11,0.2839449942111969,0.28506958029591556,0.2839449942111969,0.2839449942111969,6566510.0
1984-09-12,0.2839451768523479,0.2856319974281968,0.2839451768523479,0.2850697636604309,689539.0
1984-09-13,0.2861942051612226,0.28900556067046845,0.2845074020790339,0.28788095712661743,11768242.0
1984-09-14,0.29013014708816615,0.29069236376432067,0.28844332667035955,0.28956782817840576,2276750.0
1984-09-17,0.2884434712644137,0.290692509485797,0.28731893511477924,0.28900575637817383,10754587.0
1984-09-18,0.2895678882962245,0.2901302073227291,0.288443386554718,0.288443386554718,1582445.0
1984-09-19,0.28844331766516246,0.29406599541919687,0.28788099877295775,0.2918168902397156,13738354.0
1984-09-20,0.2918169657488659,0.2963151431938877,0.29125474894478726,0.29406607151031494,5494070.0
1984-09-21,0.2940661260950911,0.29687748326034136,0.2940661260950911,0.2951906621456146,23069376.0
1984-09-24,0.2979843372930839,0.2997202214973676,0.29740577936172485,0.29740577936172485,5981832.0
1984-09-25,0.2968274724204113,0.29914188199156133,0.29509162140654166,0.29798465967178345,1374312.0
1984-09-26,0.29740610111450305,0.29972054575405876,0.2968274724204113,0.29798465967178345,1167768.0
1984-09-27,0.29856332343428094,0.29972054575405876,0.29740610111450305,0.29798465967178345,3247507.0
1984-09-28,0.2985630873317597,0.29972030873641137,0.29798442402686687,0.29914164543151855,1455341.0
1984-10-01,0.29914164543151855,0.3002988668361703,0.2985630873317597,0.29914164543151855,3531902.0
1984-10-02,0.2985630873317597,0.29972030873641137,0.29798442402686687,0.29914164543151855,3547790.0
1984-10-03,0.29914188199156133,0.29914188199156133,0.29798465967178345,0.29798465967178345,1571323.0
1984-10-04,0.29856332343428094,0.29856332343428094,0.29740610111450305,0.29798465967178345,854774.0
1984-10-05,0.29798452461985137,0.29856318812008814,0.2956701160976328,0.2962486743927002,1885906.0
1984-10-08,0.29682735785776204,0.29682735785776204,0.29335570977253883,0.29393428564071655,513182.0
1984-10-09,0.29451290766750576,0.2956701295153254,0.2927770748957763,0.29335570335388184,923093.0
1984-10-10,0.29393428564071655,0.2945129141114825,0.2927770813017729,0.29393428564071655,1531603.0
1984-10-11,0.29451303538769,0.2962488163095809,0.2939344066786531,0.2950916290283203,1251974.0
1984-10-12,0.2962487869564438,0.29914186007816146,0.2962487869564438,0.29856330156326294,1526837.0
1984-10-15,0.29856322636151733,0.30377070757319075,0.2979845627871625,0.3031920790672302,3226853.0
1984-10-16,0.3031921965829424,0.3055066764354706,0.3031921965829424,0.3055066764354706,2028898.0
1984-10-17,0.30550653960359847,0.31013539203023643,0.3049279111325236,0.3089781701564789,1463285.0
1984-10-18,0.31071413651673074,0.31476443212139027,0.3101355078296057,0.31418576836586,2832830.0
1984-10-19,0.3170785634784916,0.3205501922818168,0.31592134218792506,0.3182357847690582,3004421.0
1984-10-22,0.31765747035179975,0.3182360639705195,0.31360720981554546,0.31418576836586,1215432.0
1984-10-23,0.3124498946226349,0.3124498946226349,0.3008777074751916,0.3037707805633545,6150245.0
1984-10-24,0.3043491709826405,0.3049278343764471,0.30087754130363464,0.30087754130363464,3919570.0
1984-10-25,0.3020349741908822,0.3060852350288888,0.3008777517988221,0.3055066764354706,5074627.0
1984-10-26,0.30377070757319075,0.3043492659423627,0.30261348562966395,0.3031920790672302,1870018.0
1984-10-29,0.3020349296967762,0.3037707805633545,0.3008777074751916,0.3037707805633545,1897027.0
1984-10-30,0.3020348571237034,0.3043492659423627,0.3014562987545315,0.3031920790672302,2095627.0
1984-10-31,0.3020348571237034,0.3043492659423627,0.3014562987545315,0.3031920790672302,2225909.0
1984-11-01,0.3020348571237034,0.3043492659423627,0.3020348571237034,0.3031920790672302,2977411.0
1984-11-02,0.3026134338230395,0.3055065057207673,0.3026134338230395,0.30434921383857727,2489650.0
1984-11-05,0.3031921519183608,0.30550663142993273,0.3031921519183608,0.3037707805633545,2192544.0
1984-11-06,0.3037706147803336,0.30782087281124726,0.3037706147803336,0.3072422444820404,3129936.0
1984-11-07,0.307821086151183,0.3083996798130091,0.3049280477052365,0.3055066764354706,2729558.0
1984-11-08,0.3043492659423627,0.30492792951671754,0.3020348571237034,0.3031920790672302,1550669.0
1984-11-09,0.3037707053255596,0.3055065557622032,0.302034854888916,0.302034854888916,2022542.0
1984-11-12,0.3020347628860977,0.3020347628860977,0.30087754130363464,0.30087754130363464,803933.0
1984-11-13,0.29972054575405876,0.30029910431133916,0.29740610111450305,0.29798465967178345,937392.0
1984-11-14,0.29798465967178345,0.29856332343428094,0.2956702501006334,0.29798465967178345,2718437.0
1984-11-15,0.29914190664656587,0.3026136089604397,0.29914190664656587,0.30145642161369324,3274517.0
1984-11-16,0.302034854888916,0.3031920768238804,0.3014562965240249,0.302034854888916,3066384.0
1984-11-19,0.3020348691399919,0.30261349766897283,0.3002990186214447,0.3002990186214447,2157590.0
1984-11-20,0.3014562987545315,0.3031920790672302,0.30087763518017663,0.3031920790672302,2100394.0
1984-11-21,0.30319215386395143,0.3060851919022763,0.30261356028364766,0.3049280047416687,1474406.0
1984-11-23,0.30608501453274733,0.314764228823517,0.30608501453274733,0.31360700726509094,2036842.0
1984-11-26,0.314764228823517,0.3159214153135605,0.31302837895168656,0.31360700726509094,3012365.0
1984-11-27,0.3141856514596338,0.3170787236819571,0.31360709312459667,0.31534287333488464,3083861.0
1984-11-28,0.3153429906717048,0.321129102200929,0.31418576836585993,0.31418576836586,4694904.0
1984-11-29,0.31360723072256896,0.3147644531055615,0.3112927508881763,0.31187137961387634,2734325.0
1984-11-30,0.31129251011200654,0.31129251011200654,0.3083994388580322,0.3083994388580322,1763568.0
1984-12-03,0.3089782080421826,0.3101354300578342,0.3083995795001586,0.30955687165260315,1493472.0
1984-12-04,0.30839950951817546,0.3095568014080075,0.30782091617584223,0.3078209161758423,1364779.0
1984-12-05,0.30839950951817546,0.3089781379288972,0.30782091617584223,0.3078209161758423,1539547.0
1984-12-06,0.30782091617584223,0.31013535968195216,0.30782091617584223,0.3078209161758423,1158235.0
1984-12-07,0.3072422444820404,0.3089780944012774,0.3066636862896007,0.3072422444820404,737203.0
1984-12-10,0.3072422173701186,0.3083994388580322,0.30550643774081887,0.3083994388580322,1517304.0
1984-12-11,0.3089782080421826,0.3101354300578342,0.3083995795001586,0.30955687165260315,924682.0
1984-12-12,0.3095567304827069,0.31013528862409295,0.3078208456482657,0.3083994388580322,1798522.0
1984-12-13,0.3072422173701186,0.31013528862409295,0.3072422173701186,0.3083994388580322,1692072.0
1984-12-14,0.30839945764959953,0.314764228823517,0.30839945764959953,0.31360700726509094,1679362.0
1984-12-17,0.3136070947408783,0.31881457567214966,0.3136070947408783,0.31881457567214966,2956757.0
1984-12-18,0.32402198645016705,0.32865083790445276,0.32286479988788425,0.32807227969169617,4388266.0
1984-12-19,0.3274936079978943,0.3309653078705508,0.3274936079978943,0.3274936079978943,2175067.0
1984-12-20,0.32749391304275804,0.3298084285382344,0.32286509246230494,0.3234436511993408,2380022.0
1984-12-21,0.3234436046955001,0.32633667851205406,0.3234436046955001,0.32402223348617554,3188722.0
1984-12-24,0.3251793517415216,0.3269152024885954,0.3251793517415216,0.3257579803466797,1288517.0
1984-12-26,0.32575796911670274,0.32633656263351435,0.325179340531492,0.3263365626335144,479818.0
1984-12-27,0.3251791000366211,0.325757728193892,0.32344325063318163,0.3251791000366211,803933.0
1984-12-28,0.3251793251215107,0.3257579536793007,0.3240221030743281,0.3246006965637207,1043842.0
1984-12-31,0.3240219782620057,0.3286508295993185,0.3240219782620057,0.3274936079978943,7710446.0
1985-01-02,0.3274936079978943,0.3274936079978943,0.32633642146485403,0.3274936079978943,2148058.0
1985-01-03,0.32633656263351435,0.3280724133207475,0.32575796911670274,0.3263365626335144,10385986.0
1985-01-04,0.32801734200180016,0.33217700158614427,0.3274231615138004,0.32920581102371216,12030394.0
1985-01-07,0.3303946110965122,0.3303946110965122,0.3268291652202606,0.3268291652202606,9427939.0
1985-01-08,0.3268292432321287,0.3286119665957781,0.3262350261211395,0.3262350261211395,7548389.0
1985-01-09,0.3262350261211395,0.3274234963584588,0.3250465198684792,0.3262350261211395,16618848.0
1985-01-10,0.3256405227212125,0.33277133866468345,0.3250462700516,0.32742324471473694,6120058.0
1985-01-11,0.32564069526662087,0.3274234182047467,0.3250464422821348,0.3268291652202606,2554790.0
1985-01-14,0.326234851928406,0.32980022472129616,0.326234851928406,0.3286117911338806,2572267.0
1985-01-15,0.32801734200180016,0.3298000635423203,0.3274231615138004,0.32920581102371216,3400032.0
1985-01-16,0.32920597262847046,0.32920597262847046,0.32742332224346893,0.3280175030231476,2073384.0
1985-01-17,0.32801759915856793,0.3286118881583864,0.3268291652202606,0.3268291652202606,1482350.0
1985-01-18,0.3268291652202606,0.3274234182047467,0.32564069526662087,0.3268291652202606,1461696.0
1985-01-21,0.32742332224346893,0.3286117918487918,0.32682906943314655,0.3280175030231476,1261507.0
1985-01-22,0.32801759915856793,0.3286118881583864,0.32564069526662087,0.3268291652202606,3868728.0
1985-01-23,0.3256405227212125,0.32801742535372286,0.3256405227212125,0.32742324471473694,1947869.0
1985-01-24,0.32801742535372286,0.3298001473472473,0.3268289920451244,0.32742324471473694,4234152.0
1985-01-25,0.3280176182916635,0.3333657514026623,0.32742343730318396,0.3321772813796997,5610053.0
1985-01-28,0.3315829674071349,0.3387137846850371,0.3309886786109963,0.3357425928115845,3917981.0
1985-01-29,0.335742549501259,0.3410906437621289,0.33514829679709823,0.34049639105796814,2300582.0
1985-01-30,0.3410907661689933,0.3488158019881505,0.34049651325157365,0.3446561396121979,3811531.0
1985-01-31,0.3434675451012101,0.34762716951556616,0.34287332847714985,0.34584444761276245,2345069.0
1985-02-01,0.34406185839797154,0.3458445085844298,0.341090666707921,0.3422791361808777,1256741.0
1985-02-04,0.34109044716082937,0.3440616369384368,0.34109044716082937,0.3434673845767975,2519837.0
1985-02-05,0.3434673845767975,0.3440616369384368,0.34109044716082937,0.3434673845767975,2569090.0
1985-02-06,0.3422791589680092,0.3464387843926243,0.3416848701689895,0.34406188130378723,3188722.0
1985-02-07,0.34525009445307947,0.3482212481190646,0.34525009445307947,0.34643852710723877,2726381.0
1985-02-08,0.3458442747648656,0.3476269957766915,0.34525009445307947,0.34643852710723877,3107693.0
1985-02-11,0.3464389136274509,0.3476273836228738,0.3458446606220726,0.34703320264816284,940570.0
1985-02-12,0.34762710854907514,0.3523810207843781,0.34762710854907514,0.35238102078437805,1124870.0
1985-02-13,0.35238124935126536,0.3589178153859567,0.3517869604153312,0.35772934556007385,2550024.0
1985-02-14,0.35832352861816347,0.35891774540758586,0.3541639030462421,0.354758083820343,1911326.0
1985-02-15,0.3541639030462421,0.3565408062192532,0.3541639030462421,0.354758083820343,1882728.0
1985-02-19,0.35594631388675474,0.356540566291607,0.35535213351249695,0.35535213351249695,1113749.0
1985-02-20,0.3553523726404084,0.3565408062192532,0.35356965024149817,0.354758083820343,1164590.0
1985-02-21,0.35475809093441557,0.3553523797663984,0.35297536849975586,0.35297536849975586,660941.0
1985-02-22,0.35297508678158207,0.35356937513924863,0.3458442747648656,0.34643852710723877,1360013.0
1985-02-25,0.3464387002521342,0.3470329889068174,0.34406179774058177,0.34584444761276245,2205254.0
1985-02-26,0.3470329280445332,0.3523810207843781,0.3458443869589234,0.35238102078437805,2643763.0
1985-02-27,0.35119269327391817,0.3565407881692568,0.3505984404992585,0.35416388511657715,1094683.0
1985-02-28,0.35356978981485326,0.3541640428541814,0.3517870306968689,0.3517870306968689,1652352.0
1985-03-01,0.35178683886003564,0.3553523191363365,0.35059840546012877,0.3535695970058441,1811232.0
1985-03-04,0.35416374237452986,0.35416374237452986,0.35119255172937863,0.35238102078437805,1479173.0
1985-03-05,0.35178674487985606,0.3523810334516768,0.34881559014320374,0.34881559014320374,2483294.0
1985-03-06,0.3494097222984162,0.3494097222984162,0.34465581153034663,0.34525009989738464,1264685.0
1985-03-07,0.3446559718233726,0.34881563217427825,0.3440617912258745,0.3476271629333496,2073384.0
1985-03-08,0.3464387002521342,0.34822142215493784,0.3458444476127625,0.34584444761276245,1058141.0
1985-03-11,0.34465597834933054,0.3470329889068174,0.34465597834933054,0.34584444761276245,967579.0
1985-03-12,0.34643881082801564,0.35178690621280173,0.3458445579989711,0.35000425577163696,993000.0
1985-03-13,0.35000406497497955,0.3517867144443739,0.3488155599647766,0.35119253396987915,630754.0
1985-03-14,0.3494101265855636,0.3529755007601894,0.34881587354623544,0.3517870306968689,931037.0
1985-03-15,0.35297536849975586,0.3541639101483993,0.3517868988817568,0.35297536849975586,1663474.0
1985-03-18,0.3541639101483993,0.3553523797663984,0.35238118771373966,0.35297536849975586,1240853.0
1985-03-19,0.3535696573317387,0.3541639101483993,0.35238118771373966,0.35297536849975586,807110.0
1985-03-20,0.3529755007601894,0.3529755007601894,0.35119284968821224,0.3517870306968689,606922.0
1985-03-21,0.35059846527907995,0.3535696573317387,0.3494099956610809,0.35297536849975586,1933570.0
1985-03-22,0.3553523726404084,0.3565408062192532,0.35178689182726647,0.354758083820343,2159179.0
1985-03-25,0.35416374237452986,0.3547579228790718,0.35119255172937863,0.35238102078437805,807110.0
1985-03-26,0.35297536849975586,0.3535696573317387,0.35059846527907995,0.35297536849975586,2437219.0
1985-03-27,0.3529753435519381,0.35475806586059744,0.3523811628079178,0.35416388511657715,1135992.0
1985-03-28,0.3535694898393775,0.35416374237452986,0.3523810207843781,0.35238102078437805,1323470.0
1985-03-29,0.35297512389308777,0.35713478268116206,0.35238094351883,0.35535213351249695,2990122.0
1985-04-01,0.3553524419236367,0.35772934556007385,0.3547581529877025,0.35772934556007385,1121693.0
1985-04-02,0.3577291185893601,0.3607003092765808,0.3577291185893601,0.3607003092765808,7804186.0
1985-04-03,0.3630730314523194,0.3630730314523194,0.3600219786167145,0.3600219786167145,2737502.0
1985-04-04,0.3588013049770343,0.36124209370080584,0.35636051625326276,0.36063194274902344,1340947.0
1985-04-08,0.3588014769657066,0.3618525290537436,0.35819125175476074,0.35819125175476074,961224.0
1985-04-09,0.3569707952727783,0.3575810204101434,0.3551401568440247,0.35636064410209656,1035898.0
1985-04-10,0.3575810823850201,0.3636831868829026,0.3575810823850201,0.36246269941329956,2473762.0
1985-04-11,0.3642930687103658,0.36795434349437667,0.3642930687103658,0.3661237061023712,1523659.0
1985-04-12,0.3655135331571186,0.3679543956871253,0.3649033822454374,0.3673441708087921,1795344.0
1985-04-15,0.3685648214102575,0.37100561154860934,0.36734440784940664,0.3691750466823578,1340947.0
1985-04-16,0.3703951538970277,0.37283594201665415,0.36978489214631244,0.3722257912158966,2712082.0
1985-04-17,0.3746668505118812,0.3746668505118812,0.36856478333796305,0.3703954219818115,1601510.0
1985-04-18,0.36978495937214684,0.37039522123380597,0.36673394593045894,0.3673441708087921,1091506.0
1985-04-19,0.366734117269516,0.3673443424329478,0.3649035527292503,0.366734117269516,2591333.0
1985-04-22,0.3661237061023712,0.36734411870260125,0.3661237061023712,0.3661237061023712,1617398.0
1985-04-23,0.36551379021192804,0.37039548172176157,0.36551379021192804,0.36978521943092346,3597043.0
1985-04-24,0.37283594201665415,0.3734462037673694,0.3703951538970277,0.3722257912158966,1885906.0
1985-04-25,0.3728362412155795,0.3807689846411125,0.372226089925179,0.3801587224006653,1536370.0
1985-04-26,0.3801586638470172,0.3807689259934692,0.3764974608017372,0.37832802534103394,1080384.0
1985-04-29,0.37771798338932566,0.37771798338932566,0.3728362916225875,0.3734465539455414,1671418.0
1985-04-30,0.37344627165881983,0.3746666474488342,0.3661237580354518,0.3673441708087921,5748278.0
1985-05-01,0.36673412999063615,0.36734435517523517,0.35941168665885925,0.35941168665885925,2847130.0
1985-05-02,0.3600217688476298,0.3636830449104309,0.3600217688476298,0.3636830449104309,1421976.0
1985-05-03,0.3624624612366621,0.36551351148073674,0.361242048535697,0.36490336060523987,869074.0
1985-05-06,0.36429319594867504,0.36490345793692003,0.3636830449104309,0.3636830449104309,905616.0
1985-05-07,0.3649033606052398,0.36551351148073674,0.36368294790427474,0.36490336060523987,1213843.0
1985-05-08,0.3649035527292503,0.3685647557764682,0.3649035527292503,0.366734117269516,1388611.0
1985-05-09,0.3667341825773063,0.37039546024320863,0.3667341825773063,0.3691750466823578,1706371.0
1985-05-10,0.37222593104068963,0.3771075460970158,0.3716156690607325,0.376497358083725,1209077.0
1985-05-13,0.3758872735067055,0.37832806345500397,0.37466686004088273,0.37771791219711304,2335536.0
1985-05-14,0.376497358083725,0.3777177710936398,0.375887133087101,0.376497358083725,1806466.0
1985-05-15,0.37771780662608895,0.3795483708381653,0.3764973935013681,0.3795483708381653,1669829.0
1985-05-16,0.3807688564912532,0.38504028391997297,0.3795483694044694,0.3832096457481384,1286928.0
1985-05-17,0.3819893254620296,0.3880913555622101,0.38137910026200433,0.3880913555622101,1223376.0
1985-05-20,0.3880913247435165,0.39053218836644105,0.3868709114237255,0.38992196321487427,3226853.0
1985-05-21,0.38748103356092,0.3880911845253529,0.38442998287212227,0.38687077164649963,2013010.0
1985-05-22,0.38748094439506536,0.38748094439506536,0.3856502700230605,0.3874809443950653,1787400.0
1985-05-23,0.38748103356092,0.38748103356092,0.38442998287212227,0.38687077164649963,2673950.0
1985-05-24,0.38626053179704944,0.38748094439506536,0.38626053179704944,0.3874809443950653,2303760.0
1985-05-28,0.3880913555622101,0.38931184294560617,0.3874812043288757,0.3880913555622101,1696838.0
1985-05-29,0.3880911326944195,0.3893116193769308,0.3862605690956116,0.3862605690956116,1401322.0
1985-05-30,0.3874812043288757,0.38931184294560617,0.38626079091217047,0.3880913555622101,1854130.0
1985-05-31,0.3893118631761306,0.3917526531530307,0.38809137572931207,0.39114242792129517,1838242.0
1985-06-03,0.3917525914784501,0.3941933810710907,0.3917525914784501,0.3941933810710907,2443574.0
1985-06-04,0.39419337291014184,0.3954137861728668,0.3929729966307577,0.3954137861728668,2273573.0
1985-06-05,0.39419351967695454,0.39785483479499817,0.3929731429431976,0.39785483479499817,2896382.0
1985-06-06,0.39724455551293264,0.40029560816721527,0.39663433018873495,0.3996853828430176,2353013.0
1985-06-07,0.3996853998956336,0.4009057766293906,0.39785483479499817,0.39785483479499817,1468051.0
1985-06-10,0.397854694901747,0.397854694901747,0.3923627426474333,0.3941933810710907,1836653.0
1985-06-11,0.39419342989998624,0.39419342989998624,0.38870158791542053,0.38870158791542053,980290.0
1985-06-12,0.3887015807622354,0.3887015807622354,0.3868709421455049,0.3880913555622101,4134058.0
1985-06-13,0.3887014094564441,0.3899218223352974,0.38565035876764636,0.38687077164649963,3908448.0
1985-06-14,0.38626062068206674,0.38687077164649963,0.38504020780321346,0.38687077164649963,1711138.0
1985-06-17,0.3868711382077905,0.3868711382077905,0.38382008462811246,0.38565072417259216,819821.0
1985-06-18,0.3856505287287997,0.38931184294560617,0.3856505287287997,0.3880913555622101,2440397.0
1985-06-19,0.38931181202999254,0.39053218836644105,0.3880913247435165,0.38992196321487427,1498238.0
1985-06-20,0.3893118631761306,0.3917526531530307,0.38809137572931207,0.39114242792129517,5718091.0
1985-06-21,0.3905323241804229,0.3960241675376892,0.38992209881664025,0.3960241675376892,3616109.0
1985-06-24,0.39541393339406605,0.39907521152875514,0.3935833682934306,0.39785483479499817,2244974.0
1985-06-25,0.3990751945021728,0.40029560816721527,0.39846496917797514,0.3996853828430176,1417210.0
1985-06-26,0.4009057269546188,0.4033466280531077,0.39907516208080196,0.4027363657951355,1924037.0
1985-06-27,0.4039565025449466,0.406397364987455,0.40334635165513755,0.4057871401309967,2993299.0
1985-06-28,0.4070076630382704,0.4100586771965027,0.4045668369183507,0.4100586771965027,3531902.0
1985-07-01,0.4124996055291127,0.41494046923718514,0.4106690409605819,0.41433024406433105,1788989.0
1985-07-02,0.41494046923718514,0.4161608825995495,0.41372009285816463,0.41433024406433105,16507632.0
1985-07-03,0.4167593717575073,0.41800898746057674,0.41550971818500027,0.4167593717575073,1582445.0
1985-07-05,0.4173842668533325,0.4186339205736685,0.4167594210584435,0.4173842668533325,1058141.0
1985-07-08,0.41738434349054937,0.41863399744033813,0.41675949758093045,0.41863399744033813,1960579.0
1985-07-09,0.41863413534103355,0.4198837518330047,0.41738448097960085,0.4180092513561249,845242.0
1985-07-10,0.419258850369053,0.4236327347303025,0.4186340800750081,0.421758234500885,2046374.0
1985-07-11,0.4217582578968329,0.4280065292257369,0.4217582578968329,0.4267567992210388,2108338.0
1985-07-12,0.4280064210352112,0.4361291527748108,0.42738157512553865,0.4361291527748108,1653941.0
1985-07-15,0.43612932962840517,0.44112794745496486,0.43612932962840517,0.4398782551288605,1877962.0
1985-07-16,0.43987825512886053,0.4417527557485526,0.4386286006722206,0.4398782551288605,1928803.0
1985-07-17,0.4405030740169441,0.44237757452057136,0.4386285735133169,0.43925341963768005,2030486.0
1985-07-18,0.4373787645557983,0.4380036483287773,0.43113049486773913,0.4336298406124115,2163946.0
1985-07-19,0.42863130714877057,0.43113061572461403,0.4248823821544647,0.4248823821544647,4299293.0
1985-07-22,0.4248823333858821,0.42675675779842664,0.4186340626634587,0.41925883293151855,4264339.0
1985-07-23,0.41925874942363167,0.4198835953061448,0.40051397885939666,0.40363809466362,4037141.0
1985-07-24,0.40738713208925137,0.40863674811538275,0.40113882474190976,0.40363809466362,3500126.0
1985-07-25,0.40426315202325186,0.40488792243517296,0.4023886514401702,0.4030134975910187,1680950.0
1985-07-26,0.4023885548555185,0.4061374793829064,0.39988924659095687,0.4048878252506256,2777222.0
1985-07-29,0.40488772324905864,0.40488772324905864,0.4017635697706834,0.40238845348358154,2859840.0
1985-07-30,0.4011387113172429,0.40613728761672974,0.4005138656114091,0.40613728761672974,1377490.0
1985-07-31,0.40613730717430924,0.4080118065126406,0.40488765357190115,0.40676215291023254,2394322.0
1985-08-01,0.40676215473584787,0.4136352306452205,0.40676215473584787,0.4117608070373535,2275162.0
1985-08-02,0.41176090178905356,0.41176090178905356,0.4030133245200017,0.40363809466362,8509613.0
1985-08-05,0.40551271306621134,0.40551271306621134,0.4005140960216522,0.4005140960216522,1576090.0
1985-08-06,0.40113915735011707,0.40238881228185874,0.39489084482192993,0.39489084482192993,1981234.0
1985-08-07,0.39364107376761137,0.3961403447839032,0.3911417648818556,0.39426591992378235,1911326.0
1985-08-08,0.39551547606270127,0.41238575004431055,0.39489059219237893,0.4048878252506256,1255152.0
1985-08-09,0.4067624942066784,0.40738737833635297,0.40301356812333444,0.40551283955574036,1604688.0
1985-08-12,0.40426297841558057,0.40488774855919885,0.4030133245200017,0.40363809466362,757858.0
1985-08-13,0.40488799329553615,0.40738737833635297,0.403638338644598,0.40551283955574036,865896.0
1985-08-14,0.4048879019477127,0.4086369029241753,0.4048879019477127,0.40738728642463684,695894.0
1985-08-15,0.4080119729042053,0.40863681889494735,0.405512664680145,0.4080119729042053,738792.0
1985-08-16,0.40676213332256356,0.40801178686479445,0.40613728761672974,0.40613728761672974,637109.0
1985-08-19,0.40551249930782446,0.4073870365155944,0.40551249930782446,0.40676215291023254,409910.0
1985-08-20,0.4073873084429175,0.4111362338830768,0.40676242442045124,0.4092617332935333,802344.0
1985-08-21,0.4098863076906091,0.4123855770372038,0.4098863076906091,0.4117608070373535,1480762.0
1985-08-22,0.4130107351683095,0.4142603517374916,0.41113623457560855,0.41238585114479065,3077506.0
1985-08-23,0.4123858996914042,0.4123858996914042,0.40926178216174586,0.4098866283893585,926270.0
1985-08-26,0.41113628297511556,0.41113628297511556,0.40863697380360153,0.4098866283893585,1118515.0
1985-08-27,0.40988652698037537,0.41426029801368713,0.40988652698037537,0.41426029801368713,953280.0
1985-08-28,0.4142602955027701,0.4161347958410127,0.4130106791032201,0.41488510370254517,708605.0
1985-08-29,0.4142602432733262,0.4148850513943262,0.4117609729198724,0.4130106270313263,724493.0
1985-08-30,0.4130107837884852,0.4130107837884852,0.40801212757598887,0.4098866283893585,1641230.0
1985-09-03,0.40926178216174586,0.4105113988780345,0.40801212757598887,0.4098866283893585,591034.0
1985-09-04,0.40926178216174586,0.4105113988780345,0.40801212757598887,0.4098866283893585,1012066.0
1985-09-05,0.4105110560798195,0.4105110560798195,0.40613728761672974,0.40613728761672974,1248797.0
1985-09-06,0.4061375782674488,0.4098865794465357,0.4061375782674488,0.4092617332935333,1288517.0
1985-09-09,0.40988646247530713,0.40988646247530713,0.40863680839538574,0.40863680839538574,630754.0
1985-09-10,0.408636778852868,0.40926158691293146,0.399889200925827,0.399889200925827,1129637.0
1985-09-11,0.39988950241837545,0.40051431094950685,0.3936412277596671,0.39489084482192993,1404499.0
1985-09-12,0.39614026672985914,0.39614026672985914,0.3873926873533052,0.3898920714855194,1595155.0
1985-09-13,0.39051671551847367,0.39051671551847367,0.3848932923864298,0.3880174458026886,969168.0
1985-09-16,0.38926740110619334,0.3911419023641096,0.3873928998482771,0.39051705598831177,1113749.0
1985-09-17,0.3905169187256846,0.39426591992378235,0.3886424181266358,0.39426591992378235,2178245.0
1985-09-18,0.39426591992378235,0.3948906903410253,0.39176657316856256,0.39426591992378235,1205899.0
1985-09-19,0.39301613258535506,0.4011389420869514,0.39301613258535506,0.4005140960216522,1013654.0
1985-09-20,0.4023884893894737,0.40363810544899537,0.3992643356323242,0.3992643356323242,2067029.0
1985-09-23,0.4017637124133335,0.4036382127397724,0.39926444176051246,0.4005140960216522,2632642.0
1985-09-24,0.40176362510601754,0.40301335483449535,0.399889200925827,0.399889200925827,1231320.0
1985-09-25,0.4005140702847889,0.4005140702847889,0.3911416828632355,0.3911416828632355,1294872.0
1985-09-26,0.38989211997456297,0.3911417364571659,0.3873927355315121,0.389267235994339,622810.0
1985-09-30,0.3905168417796599,0.39176649597631047,0.3880175712558153,0.3898920714855194,659352.0
1985-10-01,0.3898918000955682,0.396764874458313,0.387392417703086,0.396764874458313,959635.0
1985-10-02,0.39551557436666024,0.3967652288095382,0.39364107376761137,0.39426591992378235,8714568.0
1985-10-03,0.39426591992378235,0.39551557436666024,0.3923914193247335,0.39426591992378235,10610006.0
1985-10-04,0.39419397711753845,0.3967579189628867,0.39291208389007176,0.39419397711753845,2386378.0
1985-10-07,0.3935531140571351,0.3941940218960687,0.39098928846335984,0.3922712206840515,1663474.0
1985-10-08,0.39227117612394213,0.3948350014264792,0.39227117612394213,0.39419397711753845,851597.0
1985-10-09,0.39483492058020636,0.39483492058020636,0.3929120034375348,0.3935529887676239,1064496.0
1985-10-10,0.39483505487442017,0.39483505487442017,0.3929121370777116,0.39483505487442017,846830.0
1985-10-11,0.39483500413998707,0.39739882946014404,0.3935530720561065,0.39739882946014404,2067029.0
1985-10-14,0.3954759747375189,0.3986807465553284,0.3954759747375189,0.39868074655532837,1061318.0
1985-10-15,0.3993215315407071,0.40060346293287297,0.3973986150286668,0.39803963899612427,2257685.0
1985-10-16,0.3993215315407071,0.40060346293287297,0.39611672248408397,0.39803963899612427,2774045.0
1985-10-17,0.3980397695354604,0.3980397695354604,0.3929120034375348,0.3935529887676239,1736558.0
1985-10-18,0.3941939350810912,0.3948349593216738,0.38714336769147495,0.3884252607822418,1865251.0
1985-10-21,0.3890662584683771,0.391630083322525,0.38714334126827005,0.391630083322525,1822354.0
1985-10-22,0.3916302048291089,0.39803990491973146,0.39034827258050614,0.39483505487442017,1580856.0
1985-10-23,0.39483505110640094,0.39932179450988775,0.393553118870032,0.3993217945098877,2762923.0
1985-10-24,0.39868076154402454,0.39996277132311303,0.39675792168960977,0.39739882946014404,1418798.0
1985-10-25,0.3980398177531132,0.3980398177531132,0.39547595381736755,0.39547595381736755,1990766.0
1985-10-28,0.3961169213315603,0.3986807465553284,0.39483498929587496,0.39868074655532837,3849662.0
1985-10-29,0.39868068458249445,0.4050903437645729,0.3980397769356813,0.4031674265861511,3660595.0
1985-10-30,0.40188564623033635,0.4057314816650189,0.40124469955629416,0.4038085639476776,2237030.0
1985-10-31,0.4031675071402447,0.40380853145792583,0.39868076424012305,0.40060368180274963,1931981.0
1985-11-01,0.40188544174688434,0.40444934368133545,0.3986805934645111,0.40444934368133545,2951990.0
1985-11-04,0.4057314816650189,0.4057314816650189,0.40188564623033635,0.4038085639476776,2278339.0
1985-11-05,0.4025266766548157,0.40380860899351007,0.3999628508250386,0.4025266766548157,2210021.0
1985-11-06,0.4038085639476776,0.40444954946932715,0.4025266317519859,0.4038085639476776,4998365.0
1985-11-07,0.40444934368133545,0.4050902511816699,0.40188544174688434,0.40444934368133545,2373667.0
1985-11-08,0.40380860697151205,0.4121411088598846,0.40380860697151205,0.4102182686328888,4043496.0
1985-11-11,0.41021822614628617,0.4147050082683563,0.40829530842322537,0.4147050082683563,6682493.0
1985-11-12,0.41470512896494,0.41919187354523346,0.41214118612450074,0.41790997982025146,4866494.0
1985-11-13,0.41790960936033456,0.41790960936033456,0.414063737356504,0.4153456687927246,1372723.0
1985-11-14,0.4166276002289452,0.4166276002289452,0.414063737356504,0.4153456687927246,956458.0
1985-11-15,0.41406376146742185,0.41598667815751633,0.40893611311912537,0.40893611311912537,4027608.0
1985-11-18,0.4089361543603696,0.409577061909059,0.4057313058361985,0.4070132374763489,2109926.0
1985-11-19,0.4076541039130847,0.40893611311912537,0.4070131964290309,0.40893611311912537,2032075.0
1985-11-20,0.4089364147919788,0.4095773227488311,0.40701349668334547,0.40765440464019775,1460107.0
1985-11-21,0.4089361488520373,0.4102180416273301,0.407013231993918,0.4082951247692108,3163301.0
1985-11-22,0.4095770206031792,0.4102180057824062,0.4082950890923117,0.40893611311912537,3203021.0
1985-11-25,0.4095770206031792,0.4108589521140466,0.4076541039130847,0.40893611311912537,2022542.0
1985-11-26,0.4102182686328888,0.41085921537522074,0.40893637514822495,0.4102182686328888,1987589.0
1985-11-27,0.41021816139641143,0.41150009339357274,0.4082952439768688,0.4108591079711914,2936102.0
1985-11-29,0.41085902162646476,0.4115000069141388,0.40701326529079324,0.4115000069141388,3056851.0
1985-12-02,0.41214114881431674,0.41214114881431674,0.40701349668334547,0.40765440464019775,1256741.0
1985-12-03,0.4089362203177771,0.4095771279698386,0.40573137127669523,0.4063722789287567,1925626.0
1985-12-04,0.4076543030489053,0.4102182061706727,0.40637237091182443,0.40957722067832947,5084160.0
1985-12-05,0.4127821056261976,0.41470502341951176,0.41085918783288344,0.413423091173172,8015496.0
1985-12-06,0.4127820905452956,0.41534591609669747,0.4108591728222348,0.4147050082683563,2791522.0
1985-12-09,0.41406410440721136,0.41919187354523346,0.41342319639233915,0.41790997982025146,3862373.0
1985-12-10,0.41790954310127343,0.4268830228844988,0.41790954310127343,0.42496010661125183,4156301.0
1985-12-11,0.4249606486118756,0.43072932709391165,0.4243196627540784,0.4300883412361145,5633885.0
1985-12-12,0.42944706650226006,0.43136998358664297,0.42688320295481263,0.4275241494178772,2461051.0
1985-12-13,0.4294468725974617,0.4339336123558349,0.4281649414025584,0.4332926273345947,3338069.0
1985-12-16,0.43329297778583253,0.4416255567159571,0.43329297778583253,0.4390617311000824,3781344.0
1985-12-17,0.4403436609682939,0.4403436609682939,0.43585687875747675,0.4358568787574768,2797877.0
1985-12-18,0.4358566853826156,0.4403434656028002,0.4345747925740955,0.4371386170387268,4764811.0
1985-12-19,0.43713865848623484,0.43713865848623484,0.43457483377851325,0.4352157413959503,2370490.0
1985-12-20,0.4339337684746533,0.43713861703872675,0.43136994401002204,0.4371386170387268,3895738.0
1985-12-23,0.43649747474564154,0.4371384597668817,0.43329262733459467,0.4332926273345947,2251330.0
1985-12-24,0.43329285071144885,0.4352157679189201,0.43137001119917184,0.4320109188556671,3355546.0
1985-12-26,0.43201093366019494,0.43201093366019494,0.4288060844871154,0.4307290017604828,1460107.0
1985-12-27,0.430728764944788,0.4345746362246521,0.430728764944788,0.4332926273345947,926270.0
1985-12-30,0.43393384803834856,0.4345748722553253,0.4300880135172732,0.4345748722553253,2211610.0
1985-12-31,0.43457486676359813,0.44034354077711607,0.43329285719344357,0.4384206235408783,2403854.0
1986-01-02,0.4397024415033581,0.4397024415033581,0.4345747925740955,0.4371386170387268,3215731.0
1986-01-03,0.4358569608982582,0.44034374395464604,0.4358569608982582,0.43970271944999695,9659904.0
1986-01-06,0.4409413337707519,0.4442221680380892,0.44028515100982357,0.44094133377075195,9861682.0
1986-01-07,0.4409414305076564,0.44684691757699097,0.4409414305076564,0.4461907744407654,1755624.0
1986-01-08,0.4461904896811854,0.44684663239865946,0.43372342013145804,0.43503570556640625,2901149.0
1986-01-09,0.42978681102834865,0.42978681102834865,0.41994438258176847,0.42388132214546204,4073683.0
1986-01-10,0.42519330978393555,0.4271618177658945,0.42388098438551003,0.42519330978393555,2758157.0
1986-01-13,0.42650558501714975,0.42650558501714975,0.4225686490535736,0.4225686490535736,2356190.0
1986-01-14,0.419944287878766,0.42125661402694126,0.4173195958137512,0.4173195958137512,2651707.0
1986-01-15,0.417319297912863,0.4186317026615143,0.41469464749010343,0.4186317026615143,2545258.0
1986-01-16,0.41731952001263245,0.42191264081262825,0.4146948681930186,0.42060035467147827,5673605.0
1986-01-17,0.4219125559688235,0.4225687784447504,0.4186318412756783,0.4212564527988434,1385434.0
1986-01-20,0.4212564527988434,0.4212564527988434,0.4192879444456584,0.4212564527988434,2016187.0
1986-01-21,0.4199442116009032,0.4225688634205171,0.41863192545975325,0.42060035467147827,3570034.0
1986-01-22,0.4206004128574361,0.4245374309001618,0.4206004128574361,0.4232251048088074,2886850.0
1986-01-23,0.42191247640355106,0.42519330978393555,0.4212563733573005,0.42519330978393555,1815998.0
1986-01-24,0.4238812054901943,0.4284743666648865,0.4225689191758962,0.4284743666648865,2853485.0
1986-01-27,0.4291304925847888,0.4343797564506531,0.42781820644481544,0.4343797564506531,1781045.0
1986-01-28,0.4370045340379682,0.4514400821051241,0.43634835107018943,0.449471652507782,2235442.0
1986-01-29,0.4507838543559496,0.45537697478903544,0.44881534576416016,0.44881534576416016,2476939.0
1986-01-30,0.449471675754794,0.449471675754794,0.4422538218105738,0.4442223310470581,1124870.0
1986-01-31,0.44553445730007113,0.4494714740058779,0.44422213165435187,0.4481590688228607,4211909.0
1986-02-03,0.4481592468035598,0.449471652507782,0.44684696040533173,0.449471652507782,1976467.0
1986-02-04,0.4514401963434176,0.4514401963434176,0.44750325661514956,0.45012786984443665,1496650.0
1986-02-05,0.4494716662439904,0.45144009590148926,0.44881548325615817,0.45144009590148926,1054963.0
1986-02-06,0.4514401963434176,0.4520963794772454,0.44750325661514956,0.45012786984443665,1447397.0
1986-02-07,0.4501274923165194,0.4501274923165194,0.4461905558902123,0.44750288128852844,2198899.0
1986-02-10,0.4475031004818774,0.4481592038494421,0.4442222654947669,0.4461907744407654,2611987.0
1986-02-11,0.44487842917442316,0.4455345324549841,0.44290992048946226,0.4448784291744232,2200488.0
1986-02-12,0.44422204790841735,0.44750288128852844,0.44422204790841735,0.44750288128852844,1754035.0
1986-02-13,0.44881546954000323,0.4507839786746748,0.4475031433731105,0.449471652507782,1588800.0
1986-02-14,0.4507838329836684,0.4547207704432842,0.45012761045931265,0.45406466722488403,3094982.0
1986-02-18,0.45406475252593614,0.4639071377926277,0.45275234699932676,0.463250994682312,3809942.0
1986-02-19,0.46193863851841926,0.46325100430362603,0.45340853929519653,0.45340853929519653,3639941.0
1986-02-20,0.4534084291533464,0.4573453664779663,0.4520961034555896,0.4573453664779663,2314882.0
1986-02-21,0.45800153858394493,0.4632508407973689,0.45800153858394493,0.4625946581363678,3439752.0
1986-02-24,0.46325100868557006,0.4652194380760193,0.4612824997577997,0.4652194380760193,3490594.0
1986-02-25,0.4658754772829951,0.4658754772829951,0.457345301800924,0.4580015242099762,1037486.0
1986-02-26,0.4593138694763183,0.46193852084078846,0.4573453610686407,0.45931386947631836,1857307.0
1986-02-27,0.45931424561361583,0.4619388991274425,0.4586581418881831,0.4606265723705292,3212554.0
1986-02-28,0.46128248581404624,0.463250994682312,0.4422537390850009,0.463250994682312,3789288.0
1986-03-03,0.4645630419254303,0.4658753671273024,0.46193835175305076,0.4645630419254303,2183011.0
1986-03-04,0.4652192637264801,0.4737494393708697,0.4652192637264801,0.46981242299079895,3919570.0
1986-03-05,0.46981239304552636,0.47243708372116083,0.4685000675920307,0.4724370837211609,1706371.0
1986-03-06,0.4711249136745549,0.4789988696575165,0.4711249136745549,0.4789988696575165,3895738.0
1986-03-07,0.479655008938658,0.4894973933696747,0.479655008938658,0.4894973933696747,3314237.0
1986-03-10,0.49081008571082446,0.49081008571082446,0.4855607393619508,0.4862169623374939,2675539.0
1986-03-11,0.4875289828742614,0.493434469435122,0.48424818793829466,0.4921221435070038,2907504.0
1986-03-12,0.4921221918917387,0.5006522516101837,0.49080986583459457,0.4947468042373657,2720026.0
1986-03-13,0.4954029730003098,0.4973714022187942,0.49080981241588445,0.4927782416343689,3330125.0
1986-03-14,0.4934342752316074,0.4947465608745849,0.48424799735027163,0.49409037828445435,5749867.0
1986-03-17,0.4940905648489137,0.4940905648489137,0.48293585429118635,0.4868727922439575,2723203.0
1986-03-18,0.4862169623374939,0.488185392652048,0.4849045561550869,0.4862169623374939,5471827.0
1986-03-19,0.4855602279180192,0.4862164502023589,0.47965478411988466,0.4803108870983124,2700960.0
1986-03-20,0.47965490818023676,0.4822795593846245,0.4776863998926222,0.4796549081802368,2658062.0
1986-03-21,0.47965512296724394,0.4809674491570905,0.4776866137981415,0.4776866137981415,3854429.0
1986-03-24,0.47899867575681887,0.4822795093059539,0.4776863502908935,0.482279509305954,2127403.0
1986-03-25,0.4783427663119257,0.4796550525404264,0.4776865436603562,0.4789988696575165,4075272.0
1986-03-26,0.4803112438224106,0.4829359758345917,0.4789989573536537,0.48162364959716797,2375256.0
1986-03-27,0.482935597687489,0.486872533548403,0.482935597687489,0.48424792289733887,2268806.0
1986-03-31,0.48556041165030694,0.4888412459329863,0.48424812565961806,0.487528920173645,1993944.0
1986-04-01,0.485560420775665,0.4908097636803357,0.4849042379993363,0.49015358090400696,5327246.0
1986-04-02,0.48949741211345243,0.493434469435122,0.4875289828742614,0.4921221435070038,3309470.0
1986-04-03,0.49277805287283494,0.49868349734080125,0.49015344181823794,0.49409037828445435,3902093.0
1986-04-04,0.48868465423583984,0.5054663913211952,0.48868465423583984,0.48868465423583984,7406986.0
1986-04-07,0.48734235276930704,0.48734235276930704,0.48062964650453827,0.48197218775749207,2189366.0
1986-04-08,0.4886848865806191,0.4940550921949583,0.4739169737073132,0.4920412600040436,4787054.0
1986-04-09,0.4933835323660113,0.49673986327609465,0.4880134110467337,0.4893559515476227,1769923.0
1986-04-10,0.4906989634037018,0.49271279659858924,0.48667129701392675,0.4906989634037018,2414976.0
1986-04-11,0.4893561707105368,0.49136988065303394,0.4859997976129908,0.48734229803085327,3033019.0
1986-04-14,0.48734258830699617,0.4913701733281296,0.48465754518768084,0.4906989634037018,2043197.0
1986-04-15,0.489356252413554,0.4920412943818708,0.488013711087244,0.49136996269226074,1081973.0
1986-04-16,0.4953978234583222,0.5047956156908118,0.49405528171082363,0.5041242837905884,2362546.0
1986-04-17,0.5041243309486586,0.5068094960634705,0.4967403709888458,0.4967403709888458,3131525.0
1986-04-18,0.4953976332861471,0.4960688428757597,0.48868488644121316,0.49002742767333984,4950701.0
1986-04-21,0.4880136768516005,0.4906987186315534,0.48667105425087287,0.49002742767333984,3222086.0
1986-04-22,0.4906987530555607,0.4940551267134875,0.49002746205025405,0.49136996269226074,5389210.0
1986-04-23,0.48868513020881427,0.49405533850040734,0.4880139202843864,0.4906989634037018,3107693.0
1986-04-24,0.4900275757486091,0.49405524134635925,0.4900275757486091,0.49405524134635925,3400032.0
1986-04-25,0.49472653783705695,0.4974117029518687,0.4933840366482909,0.4967403709888458,2767690.0
1986-04-28,0.4994255673929863,0.5000968588231158,0.4967404830411262,0.4980830252170563,3237974.0
1986-04-29,0.4980828536795667,0.49875414487850656,0.49137010442742796,0.4947264790534973,2818531.0
1986-04-30,0.493384016499053,0.4953978495685993,0.4886850997929906,0.49271276593208313,4070506.0
1986-05-01,0.4920414746807949,0.493384016499053,0.49069893286253685,0.49271276593208313,4176955.0
1986-05-02,0.4933835666576793,0.4947260665675978,0.4866708230023997,0.48868465423583984,2365723.0
1986-05-05,0.49002746205025405,0.49271258538717744,0.488013711087244,0.49136996269226074,1558613.0
1986-05-06,0.49271258538717744,0.49271258538717744,0.488684920723944,0.49136996269226074,2278339.0
1986-05-07,0.4913699626922607,0.4920412943818708,0.49002746205025405,0.49136996269226074,3028253.0
1986-05-08,0.4927126024575276,0.49942526863733916,0.4920413114289636,0.49606889486312866,1129637.0
1986-05-09,0.4960691640399517,0.4980829975340844,0.49472662193863887,0.4974117875099182,1426742.0
1986-05-12,0.49875401002373076,0.5061379671096802,0.4980827190062968,0.5061379671096802,1436275.0
1986-05-13,0.5101655458590542,0.5128507099044841,0.5061379625281242,0.5068092942237854,2804232.0
1986-05-14,0.5068093515211344,0.512179436113287,0.5061380197495758,0.5115082263946533,2302171.0
1986-05-15,0.51150817319624,0.51150817319624,0.5061379671096802,0.5061379671096802,2515070.0
1986-05-16,0.5061383035351156,0.5061383035351156,0.4980830500774799,0.5027819275856018,1139170.0
1986-05-19,0.5021104746873952,0.5047955578748605,0.5014391835483731,0.5034530162811279,942158.0
1986-05-20,0.502781145961082,0.5128502581561625,0.502781145961082,0.509493887424469,1069262.0
1986-05-21,0.5101655721664429,0.5121794046200576,0.509494362489081,0.5101655721664429,1169357.0
1986-05-22,0.511508254682902,0.526276171207428,0.511508254682902,0.526276171207428,1908149.0
1986-05-23,0.5249337622825471,0.5289614286778821,0.5209061772558538,0.5235912203788757,2210021.0
1986-05-27,0.52291960289067,0.5235908937659187,0.5202345614425613,0.5209058523178101,950102.0
1986-05-28,0.5195634202978158,0.5303037510816179,0.5195634202978158,0.5276185870170593,3619286.0
1986-05-29,0.5282898889573964,0.5303037212080662,0.5269473476850504,0.5296323895454407,3679661.0
1986-05-30,0.5303037322186485,0.5370163573511478,0.5276185682496015,0.5356738567352295,2653296.0
1986-06-02,0.5343312387252345,0.5370162802559032,0.532317406721862,0.5350025296211243,1900205.0
1986-06-03,0.53298892849388,0.5370165128766702,0.5323176373072055,0.5363453030586243,2060674.0
1986-06-04,0.5363454263513121,0.5363454263513121,0.5303040077040383,0.5316465497016907,1660296.0
1986-06-05,0.5329890510150194,0.5329890510150194,0.5276188423400862,0.5316465497016907,1027954.0
1986-06-06,0.5329890510150194,0.533660383040331,0.5303040077040383,0.5316465497016907,931037.0
1986-06-09,0.5316464184400516,0.5316464184400516,0.514864586586287,0.5182209610939026,4294526.0
1986-06-10,0.518220705935956,0.518220705935956,0.5108367507497644,0.5128505825996399,1798522.0
1986-06-11,0.5115082113618235,0.5188921689987183,0.5101655885424732,0.5188921689987183,1714315.0
1986-06-12,0.5182208500019899,0.5195634320646755,0.514864476213886,0.5162070989608765,1086739.0
1986-06-13,0.5162072675265904,0.5222486853599548,0.5155359355917216,0.5222486853599548,2298994.0
1986-06-16,0.5303040077040383,0.5343315930126717,0.5289614657063859,0.5316465497016907,3784522.0
1986-06-17,0.5316464969425472,0.5316464969425472,0.5289614132137028,0.530303955078125,861130.0
1986-06-18,0.5303037681276904,0.5329888102256449,0.528289935698843,0.5323175191879272,1649174.0
1986-06-19,0.532317406721862,0.5370162802559032,0.5316461971945657,0.5350025296211243,5365378.0
1986-06-20,0.5350027378847922,0.5490994453430176,0.533660236939003,0.5490994453430176,6353611.0
1986-06-23,0.549099383929677,0.550441884725316,0.5450717188055282,0.5497705936431885,1517304.0
1986-06-24,0.5511130922786963,0.5611821729376654,0.5504418419330609,0.5584971308708191,2279928.0
1986-06-25,0.55916883746854,0.5678954251916044,0.5584976272107013,0.5658815503120422,1912915.0
1986-06-26,0.5692376357155482,0.5732652206758165,0.5678951345183388,0.5719227194786072,2654885.0
1986-06-27,0.571922065523394,0.5772922269090861,0.571922065523394,0.5766209363937378,1952635.0
1986-06-30,0.5772926306096299,0.5893755021769853,0.5772926306096299,0.5880329608917236,4116581.0
1986-07-01,0.5652098373191111,0.5672236700130111,0.5484280880633937,0.5504419207572937,9796541.0
1986-07-02,0.5558119667510583,0.563196005343181,0.5551407570897278,0.5584971308708191,11472725.0
1986-07-03,0.5612016910735179,0.5646278524761776,0.5577755296708581,0.5632573962211609,6612586.0
1986-07-07,0.5632571229082467,0.5639423714683653,0.5536639337780952,0.5577752590179443,2284694.0
1986-07-08,0.5550346043272716,0.55571985315278,0.550923277495148,0.5516084432601929,4729858.0
1986-07-09,0.5516082729232471,0.5564048886299133,0.5481821129141686,0.5564048886299133,1215432.0
1986-07-10,0.559145899400126,0.5701095461150393,0.5584606507153324,0.5680538415908813,2063851.0
1986-07-11,0.5694245100021362,0.5742211283454833,0.5687393440720382,0.5694245100021362,2815354.0
1986-07-14,0.570795185212403,0.5714804344656091,0.5646281495848371,0.5653133988380432,2279928.0
1986-07-15,0.5653130723813615,0.5666835285661056,0.5522937178611755,0.5522937178611755,6542678.0
1986-07-16,0.5495530576725081,0.5536643862724304,0.5461268951322398,0.5536643862724304,4777522.0
1986-07-17,0.5564054216970906,0.5612020004689257,0.554349798476637,0.5605168342590332,2904326.0
1986-07-18,0.5618872356325283,0.5701100190197125,0.5570906569811168,0.5653133988380432,3676483.0
1986-07-21,0.5666833857515172,0.5701095461150393,0.5632572253879952,0.5680538415908813,3048907.0
1986-07-22,0.5687394364890545,0.5714803083060326,0.5673688967549438,0.5707950592041016,4014898.0
1986-07-23,0.5721653022879096,0.5742210072960575,0.5701096803402279,0.5735357999801636,10590941.0
1986-07-24,0.573536014081577,0.5749064707551903,0.5701098931626678,0.5707950592041016,2780400.0
1986-07-25,0.5707949505140842,0.5714801994855311,0.5673687887173318,0.5701097846031189,2394322.0
1986-07-28,0.5728509697825912,0.5742214269461638,0.567369099598037,0.5714805126190186,4594810.0
1986-07-29,0.5714802763341957,0.5714802763341957,0.5659984084161803,0.5673688650131226,3261806.0
1986-07-30,0.5659986424344643,0.5728509697825912,0.5659986424344643,0.5714805126190186,1571323.0
1986-07-31,0.5721653956305525,0.5749063499319846,0.5707949392449563,0.5728506445884705,1935158.0
1986-08-01,0.5742210745811462,0.5783324850792018,0.5721653693321184,0.5742210745811462,4501070.0
1986-08-04,0.572850643841296,0.5783325109067704,0.5707949385004631,0.5749063491821289,1094683.0
1986-08-05,0.574906676293082,0.5755918425794732,0.5701100969857092,0.5714805126190186,3604987.0
1986-08-06,0.5714804602568395,0.5749066236169791,0.5687395877110915,0.5721656680107117,2818531.0
1986-08-07,0.5721653948842718,0.5755915150786735,0.5707949385004631,0.5749063491821289,2820120.0
1986-08-08,0.5749062561421845,0.5755914219278453,0.5728505511340366,0.5735357999801636,873840.0
1986-08-11,0.5735359788966772,0.5851847976123941,0.5735359788966772,0.5838143825531006,1655530.0
1986-08-12,0.5865552405227873,0.590666651725769,0.5838143689378745,0.590666651725769,3080683.0
1986-08-13,0.590666505790243,0.5954631233217951,0.5892960495712617,0.5940926671028137,1862074.0
1986-08-14,0.5954633936854117,0.5975190997123718,0.5934076461281979,0.5975190997123718,1666651.0
1986-08-15,0.5975191216594291,0.6002599939122929,0.5954634155569623,0.5995747447013855,867485.0
1986-08-18,0.5995745854915332,0.6077973246574402,0.5961485064677715,0.6077973246574402,1922448.0
1986-08-19,0.6084825471812597,0.6112234601171695,0.6036859703085387,0.609167754650116,1474406.0
1986-08-20,0.613964162639285,0.6262983089883595,0.613964162639285,0.6221868991851807,6750811.0
1986-08-21,0.6228721373657625,0.6269834637641907,0.622186847082312,0.6269834637641907,1809643.0
1986-08-22,0.6269835001681621,0.6297244538099722,0.624242588056582,0.6249278783798218,2156002.0
1986-08-25,0.6262985928244329,0.6262985928244329,0.6221871811579784,0.6228724718093872,1828709.0
1986-08-26,0.6228724913530348,0.6324656471082637,0.6228724913530348,0.6290395259857178,2319648.0
1986-08-27,0.6317804874162765,0.6379475229221195,0.6297248642880048,0.634521484375,2743858.0
1986-08-28,0.6352059156480524,0.6358911640949301,0.6304093011105354,0.6324650049209595,2156002.0
1986-08-29,0.6324653698303255,0.6352062821388245,0.6310949552063089,0.6352062821388245,2557968.0
1986-09-02,0.6352065606184008,0.6372622665161292,0.6201315778428976,0.6290395259857178,2996477.0
1986-09-03,0.6249281776426144,0.6290395062485693,0.621502015097319,0.6228724718093872,1391789.0
1986-09-04,0.622872211484391,0.6324653629292296,0.6215017553450951,0.6304096579551697,4856962.0
1986-09-05,0.633150681419863,0.6358916357100197,0.6173904538154602,0.6173904538154602,6226507.0
1986-09-08,0.6180758892206284,0.6180758892206284,0.6098531484603882,0.6098531484603882,3981533.0
1986-09-09,0.6084824863096705,0.6167052242948108,0.6077972373791231,0.6132791042327881,2885261.0
1986-09-10,0.613964477310256,0.6153350171641339,0.6057418196105204,0.6098531484603882,1576090.0
1986-09-11,0.6098530510259124,0.6098530510259124,0.5714802669421681,0.5810734629631042,5098459.0
1986-09-12,0.583814054603818,0.5851844688933007,0.5591458913793441,0.5612015128135681,8668493.0
1986-09-15,0.5666838272984608,0.5687395334243774,0.5612019581394351,0.5687395334243774,6469594.0
1986-09-16,0.5687393440720382,0.5694245100021362,0.5612017712966059,0.5694245100021362,3878261.0
1986-09-17,0.5680537627752267,0.5776469107895336,0.5646276028870734,0.5755912065505981,3396854.0
1986-09-18,0.5762764966705334,0.5790173664387513,0.5742207924315978,0.5755912065505981,1955813.0
1986-09-19,0.5762766931004979,0.5797028541564941,0.5742209881608539,0.5797028541564941,3360312.0
1986-09-22,0.5810734558227167,0.590666651725769,0.5762768786363132,0.590666651725769,2928158.0
1986-09-23,0.5920366048812866,0.5947774741356691,0.5865547417818925,0.5920366048812866,2159179.0
1986-09-24,0.592036817410433,0.597518682477705,0.592036817410433,0.5954629778862,2640586.0
1986-09-25,0.5954633738530217,0.5954633738530217,0.5783326846734225,0.5803883075714111,3352368.0
1986-09-26,0.58038842499994,0.5858702948216373,0.5790179679270808,0.5824441313743591,1483939.0
1986-09-29,0.5817586289549456,0.5824439195375237,0.5769620517096004,0.5810734629631042,1928803.0
1986-09-30,0.5810734629631042,0.5817586289549456,0.5797030479189303,0.5810734629631042,1795344.0
1986-10-01,0.5831292408817575,0.5954633515806211,0.5810735350001549,0.5947780609130859,2043197.0
1986-10-02,0.5947780330340936,0.5982041954994202,0.5940928669894264,0.5982041954994202,4637707.0
1986-10-03,0.6016301503077287,0.6064267262673143,0.5975188232167894,0.605741560459137,8426995.0
1986-10-06,0.6043074727058411,0.6105950448377963,0.6043074727058411,0.6043074727058411,5646595.0
1986-10-07,0.6043073590674419,0.6064031595946789,0.5987183459516227,0.5994170308113098,1059730.0
1986-10-08,0.5994172863288532,0.603608973854087,0.5966227150667271,0.6015130877494812,1135992.0
1986-10-09,0.6001157073443707,0.6022115929701028,0.5987184643745422,0.5987184643745422,3231619.0
1986-10-10,0.5987180411221792,0.6022111672483406,0.5987180411221792,0.6008139252662659,929448.0
1986-10-13,0.5994172855135708,0.5994172855135708,0.5952255133100607,0.5980199575424194,1164590.0
1986-10-14,0.598019461866316,0.5994167886792751,0.5952250199501663,0.595923662185669,1946280.0
1986-10-15,0.5959241478379077,0.5973213911056519,0.5938282617652975,0.5973213911056519,1128048.0
1986-10-16,0.598019533817421,0.6015126607313048,0.5952250915650561,0.6001154184341431,2238619.0
1986-10-17,0.5994172771782622,0.5994172771782622,0.5952255050330416,0.5973213911056519,1217021.0
1986-10-20,0.5973213296195754,0.5973213296195754,0.588239185801139,0.5910337567329407,2071795.0
1986-10-21,0.589636683093757,0.5910339266192967,0.5826504231240626,0.5889379978179932,2540491.0
1986-10-22,0.5889378865477906,0.5896365716915493,0.5868420004844666,0.5868420004844666,2430864.0
1986-10-23,0.5882390579366763,0.5910336282610273,0.5854446146382492,0.5896363854408264,2151235.0
1986-10-24,0.588239005546868,0.5896363329265693,0.5875404477119446,0.5875404477119446,1182067.0
1986-10-27,0.588239005546868,0.5896363329265693,0.5847459623204255,0.5875404477119446,1957402.0
1986-10-28,0.5861433314665825,0.5868418894522079,0.5840474457998063,0.5854446887969971,3790877.0
1986-10-29,0.5854447995649011,0.5868420004844666,0.5826503130417944,0.5868420004844666,2063851.0
1986-10-30,0.5938282700228869,0.5994172855135708,0.5917323839211318,0.5980199575424194,4167422.0
1986-10-31,0.596622460740444,0.5994170308113098,0.5952252603889527,0.5994170308113098,1223376.0
1986-11-03,0.5980198217186385,0.5994171493724252,0.5959240207768646,0.5987184643745422,1475995.0
1986-11-04,0.5973213911056519,0.5980199492265417,0.5924310184975533,0.5973213911056519,2210021.0
1986-11-05,0.5959235994999791,0.6008139252662659,0.5931290308519312,0.6008139252662659,2033664.0
1986-11-06,0.6008140607537034,0.6022113030508651,0.598019533817421,0.6001154184341431,1576090.0
1986-11-07,0.5980199492265417,0.600115835299152,0.5966227059587975,0.5973213911056519,1653941.0
1986-11-10,0.5959241478379077,0.5980199492265417,0.5952255050330416,0.5973213911056519,1979645.0
1986-11-11,0.5966227059587975,0.5987185920314079,0.5966227059587975,0.5973213911056519,1199544.0
1986-11-12,0.5980198217186385,0.5994171493724252,0.597321263746693,0.5987184643745422,1394966.0
1986-11-13,0.5987183459516227,0.6029101163739797,0.5980197034339062,0.5994170308113098,3314237.0
1986-11-14,0.5987186011713328,0.6015130877494812,0.5966227150667271,0.6015130877494812,3511248.0
1986-11-17,0.6001156017009297,0.6098963007679491,0.5994170438519573,0.6071018576622009,1984411.0
1986-11-18,0.6071018444543661,0.6084990448058575,0.5994170308113098,0.5994170308113098,2472173.0
1986-11-19,0.5973213911056519,0.600115835299152,0.5952255050330416,0.5973213911056519,2845541.0
1986-11-20,0.5987184494758613,0.6050060215126377,0.5980198068373427,0.6029102206230164,2303760.0
1986-11-21,0.6036088941059722,0.619677168636409,0.6022116510015001,0.6175813674926758,3481061.0
1986-11-24,0.6175813088474339,0.6231702383926165,0.6154854232187585,0.6203757524490356,2812176.0
1986-11-25,0.6203761013935872,0.6245677903246896,0.6168829708283312,0.6224719882011414,2813765.0
1986-11-26,0.6210747190907654,0.6224720052286926,0.6189789169098872,0.621773362159729,2559557.0
1986-11-28,0.6203762361905292,0.6259651700937112,0.6196775929888738,0.6252666115760803,803933.0
1986-12-01,0.6238693675147817,0.6252666115760803,0.6161844616646213,0.6252666115760803,2877317.0
1986-12-02,0.6259647514799084,0.6497179269790649,0.625266193429438,0.6497179269790649,4148357.0
1986-12-03,0.6483206729221966,0.6483206729221966,0.6399372143021774,0.6420331001281738,2577034.0
1986-12-04,0.6413344740867615,0.6441289180241354,0.6399372309470823,0.6413344740867615,2286283.0
1986-12-05,0.6399372816085815,0.6448276118136159,0.6385400383582878,0.6399372816085815,2936102.0
1986-12-08,0.6399372143021774,0.6441289012702038,0.638539971198841,0.6420331001281738,2545258.0
1986-12-09,0.6434304109053098,0.6434304109053098,0.6357455095157126,0.6399372816085815,2421331.0
1986-12-10,0.6399373413547348,0.642731785774231,0.639238698493367,0.642731785774231,3743213.0
1986-12-11,0.6399374087234464,0.6406359669743709,0.6287594605007488,0.6308552622795105,2845541.0
1986-12-12,0.6315539561234285,0.6315539561234285,0.6259649395942688,0.6259649395942688,1674595.0
1986-12-15,0.6231705456814243,0.6280608773231506,0.6161842850355294,0.6280608773231506,1939925.0
1986-12-16,0.6280604729263569,0.6364439294930746,0.623868786984971,0.6357452869415283,4574155.0
1986-12-17,0.632951021194458,0.6350469495768513,0.6322524630843019,0.632951021194458,2176656.0
1986-12-18,0.6364437286710259,0.6364437286710259,0.6280602747496049,0.6301561594009399,8492136.0
1986-12-19,0.630156276029512,0.638539731502533,0.6245672633721973,0.638539731502533,6315480.0
1986-12-22,0.6357450993523036,0.638539626391935,0.6315534146477575,0.6350465416908264,2422920.0
1986-12-23,0.6406357188100036,0.6441288474474541,0.6357453895279482,0.6364440321922302,2988533.0
1986-12-24,0.6378410890421309,0.6392383316209678,0.635745204002892,0.638539731502533,1333003.0
1986-12-26,0.638539731502533,0.6392383316209678,0.6371425312656634,0.638539731502533,594211.0
1986-12-29,0.6385398654209495,0.6385398654209495,0.6308549661126728,0.6343480944633484,1310760.0
1986-12-30,0.632951208964877,0.632951208964877,0.6259649906609822,0.6280608773231506,1425154.0
1986-12-31,0.6280605111686498,0.6329508399593518,0.6259646257283665,0.6273619532585144,2740680.0
1987-01-02,0.6280602897761666,0.6385396285996445,0.6266630474225002,0.637840986251831,12885168.0
1987-01-05,0.6420747489025751,0.6520404343755616,0.6420747489025751,0.6506167650222778,3840130.0
1987-01-06,0.651328427695043,0.651328427695043,0.6463455645380031,0.6491929888725281,3349190.0
1987-01-07,0.6477692335624726,0.6520402837786742,0.6470574637644273,0.6491929888725281,1078795.0
1987-01-08,0.6513283968929335,0.6513283968929335,0.647057433164297,0.649904727935791,1671418.0
1987-01-09,0.6499049087742345,0.6513285781275182,0.6477693831729073,0.6506167650222778,1617398.0
1987-01-12,0.6513286538592807,0.6541760360397241,0.6491932142952661,0.6527522802352905,1677773.0
1987-01-13,0.6534641213993003,0.6634298071417708,0.651328595740226,0.6612942814826965,8430173.0
1987-01-14,0.6620057424630306,0.664853036403656,0.6584465495373868,0.664853036403656,2009832.0
1987-01-15,0.6641414860300325,0.6648532558216176,0.6591586660610118,0.6620059609413147,2354602.0
1987-01-16,0.660582338017246,0.6705480217933655,0.6591587120491673,0.6705480217933655,3079094.0
1987-01-19,0.6691240843423104,0.6712595224380493,0.6641412660239182,0.6712595224380493,1936747.0
1987-01-20,0.6726835575547627,0.6741073131561279,0.6705481182953229,0.6741073131561279,2583389.0
1987-01-21,0.672683596611023,0.6769546479490884,0.6719718266260192,0.672683596611023,3460406.0
1987-01-22,0.6712601236168343,0.6876324343460597,0.6698364969446787,0.684785008430481,4256395.0
1987-01-23,0.6904794861053082,0.699021501967581,0.6790901316222779,0.6911912560462952,7750166.0
1987-01-26,0.6876318368198865,0.6904791308328232,0.6783779263496399,0.6783779263496399,2035253.0
1987-01-27,0.6805136609927535,0.6840728551081934,0.6776663661003113,0.6776663661003113,4273872.0
1987-01-28,0.6776665860957997,0.6840730771834642,0.6726836350595077,0.6769546866416931,6013608.0
1987-01-29,0.6776668193826492,0.6805141161796103,0.6605827366011311,0.6627181768417358,2365723.0
1987-01-30,0.6612940950307795,0.6655651451447053,0.6570230880596457,0.6641414761543274,1558613.0
1987-02-02,0.6655652014767035,0.6733953600151139,0.6641415323658293,0.6705480217933655,2734325.0
1987-02-03,0.6719716909042397,0.6762426550940667,0.6698361656665306,0.6705480217933655,1744502.0
1987-02-04,0.6712600430233304,0.6726837126673728,0.6684127468780574,0.6691246032714844,2289461.0
1987-02-05,0.6691247564204794,0.6719720963602621,0.6577353535185269,0.6627181768417358,3160123.0
1987-02-06,0.6612945103135401,0.6655655631096212,0.6534643475206359,0.6548879742622375,2492827.0
1987-02-09,0.6534640042121177,0.6534640042121177,0.6420746511203441,0.6463456153869629,3401621.0
1987-02-10,0.6434981147735327,0.6506164581828455,0.6278377161302618,0.6392271518707275,4041907.0
1987-02-11,0.6378036005681327,0.6463456153869629,0.6378036005681327,0.6463456153869629,3385733.0
1987-02-12,0.6449220015299919,0.6456339008734427,0.6335326906047797,0.6349563598632812,2038430.0
1987-02-13,0.6335324340004946,0.6463454089944752,0.6299732407244469,0.6392271518707275,3636763.0
1987-02-17,0.6392276443623882,0.644922237191661,0.6378038882980305,0.6413630843162537,4205554.0
1987-02-18,0.6434982696318569,0.6491929888725281,0.6434982696318569,0.6491929888725281,2627875.0
1987-02-19,0.6499049087742345,0.6541759599768887,0.6484812394209507,0.6506167650222778,2335536.0
1987-02-20,0.6491933810101929,0.6563116441466582,0.6491933810101929,0.6548879742622375,2044786.0
1987-02-23,0.6584470455623077,0.6605825715549958,0.6527523239627433,0.6591589450836182,1574501.0
1987-02-24,0.6591589393829904,0.660582565842056,0.6563115138936174,0.6570233702659607,894494.0
1987-02-25,0.6555997438068951,0.660582565842056,0.6548878442917414,0.6570233702659607,1129637.0
1987-02-26,0.6584470691175703,0.6584470691175703,0.6527523473142831,0.6555997729301453,1496650.0
1987-02-27,0.6548875727407836,0.6620059609413147,0.6548875727407836,0.6620059609413147,3665362.0
1987-03-02,0.662005623445735,0.6648529168744657,0.6584464311599731,0.6584464311599731,1860485.0
1987-03-03,0.6584464311599731,0.662005623445735,0.6563109071599619,0.6584464311599731,2473762.0
1987-03-04,0.6584470849596058,0.6598707546589776,0.6548878891397696,0.6577352285385132,961224.0
1987-03-05,0.6591589450836182,0.6598707151764962,0.6577351891838081,0.6591589450836182,1428331.0
1987-03-06,0.6577352285385132,0.6591589845235117,0.6555997887036756,0.6577352285385132,2948813.0
1987-03-09,0.6555998739186765,0.6570235006602781,0.6513288211225954,0.6548879742622375,2122637.0
1987-03-10,0.6555991377312423,0.6591583300170043,0.6548872388742112,0.6584464311599731,5096870.0
1987-03-11,0.6591586660610118,0.6620059609413147,0.6520402778604807,0.6620059609413147,3987888.0
1987-03-12,0.6620059510973645,0.6662769149257064,0.6605822821069866,0.6641414761543274,2127403.0
1987-03-13,0.6641419330972703,0.6662773733378751,0.6627181768417358,0.6627181768417358,851597.0
1987-03-16,0.6612942814826965,0.6627179077316739,0.657023273307352,0.6612942814826965,1809643.0
1987-03-17,0.659870612090915,0.6620061377499894,0.6591588421092304,0.6612942814826965,1367957.0
1987-03-18,0.6577346829606336,0.6612938758281899,0.6563110144421667,0.6598702073097229,5811830.0
1987-03-19,0.6584472100748833,0.6641419330972703,0.6584472100748833,0.6627181768417358,2032075.0
1987-03-20,0.6662770672052363,0.6741073131561279,0.6641416279457965,0.6741073131561279,2491238.0
1987-03-23,0.6733954138532562,0.679090090752044,0.6712598453020123,0.6762427091598511,2600866.0
1987-03-24,0.6748190399351541,0.679801903792993,0.6712598453020123,0.6762427091598511,3531902.0
1987-03-25,0.6748190830998061,0.6748190830998061,0.6705481182953229,0.6741073131561279,1801699.0
1987-03-26,0.6748192387048422,0.6748192387048422,0.6677008904846303,0.6691246032714844,1634875.0
1987-03-27,0.6677008904846303,0.6719719425595692,0.6627180251590761,0.6691246032714844,2499182.0
1987-03-30,0.6563116835486354,0.6648537033679837,0.6541762433080308,0.6627181768417358,3427042.0
1987-03-31,0.6627176805764133,0.670547924261498,0.6627176805764133,0.666988730430603,2705726.0
1987-04-01,0.6655653328008452,0.6662771027825298,0.6577350864318408,0.6612942814826965,7176610.0
1987-04-02,0.6612938758281899,0.6627175012038792,0.6577346829606336,0.6598702073097229,2025720.0
1987-04-03,0.6598705485826509,0.6684125641112264,0.6406510352147562,0.6677007079124451,4845840.0
1987-04-06,0.6723695031186997,0.6745477403185272,0.6694650108224269,0.6709172129631042,3110870.0
1987-04-07,0.6709174164930596,0.673821865662969,0.66075199842453,0.66075199842453,2602454.0
1987-04-08,0.6622047302961648,0.6629307660593762,0.6469565710286699,0.6498609781265259,2367312.0
1987-04-09,0.6513129312252558,0.6520390987808035,0.6375170238869954,0.6389691829681396,3514426.0
1987-04-10,0.6302561237682717,0.6317084152390259,0.6251734336768738,0.6273517608642578,3522370.0
1987-04-13,0.6215427220624368,0.6251732516484951,0.6041163736822954,0.6070207357406616,6731746.0
1987-04-14,0.5954028615456051,0.5983072663922783,0.5866896470055855,0.5917723774909973,5797531.0
1987-04-15,0.5968552723670656,0.6055684899493943,0.5968552723670656,0.6004858016967773,5212853.0
1987-04-16,0.6033900633021257,0.6150076848150652,0.601937904620484,0.6128294467926025,2624698.0
1987-04-20,0.6113772181768818,0.6164599061012268,0.6099250153402861,0.6164599061012268,4645651.0
1987-04-21,0.6150074415931888,0.6258989794579443,0.6128292044321708,0.620090126991272,4127702.0
1987-04-22,0.6215426380330519,0.6244470877137235,0.6135555444355154,0.6164599061012268,8101291.0
1987-04-23,0.6164599061012268,0.6186382763673406,0.6135555444355154,0.6164599061012268,2394322.0
1987-04-24,0.6150074272105472,0.6150074272105472,0.6048420126446522,0.6062942147254944,2764512.0
1987-04-27,0.6062941345228985,0.6084724593597343,0.5954026423610737,0.6026636958122253,4211909.0
1987-04-28,0.6026641706493693,0.6113773008319539,0.6026641706493693,0.6070207357406616,2475350.0
1987-04-29,0.609924697923871,0.614281392181312,0.6062942147254944,0.6062942147254944,1514126.0
1987-04-30,0.6077466221420249,0.625899130967463,0.6070204989051236,0.6244469285011292,4575744.0
1987-05-01,0.6229950104575532,0.630255937576294,0.6208166839136966,0.630255937576294,1495061.0
1987-05-04,0.6295295171621885,0.6389687650533655,0.6288033500815874,0.6346122026443481,3333302.0
1987-05-05,0.6382431411568154,0.6440519094467163,0.6367909380824682,0.6440519094467163,4645651.0
1987-05-06,0.6455040972709153,0.650586785907307,0.6418736556820485,0.6462302207946777,2500771.0
1987-05-07,0.6433256815295205,0.6455039194783921,0.6396951529256454,0.6418734788894653,1504594.0
1987-05-08,0.6418736771603792,0.6469563659668475,0.6382431474350553,0.6389691829681396,1879550.0
1987-05-11,0.640420991586451,0.6542169344345232,0.6302555762274622,0.6309817433357239,3214142.0
1987-05-12,0.6324341393650245,0.6382429943336148,0.6302558132508684,0.635338544845581,2238619.0
1987-05-13,0.6360646035683746,0.6360646035683746,0.6288035465975367,0.6338862776756287,1971701.0
1987-05-14,0.6353386701736355,0.6353386701736355,0.6280776990474091,0.630255937576294,1180478.0
1987-05-15,0.6258992905503192,0.6258992905503192,0.6128295090284378,0.6164599061012268,1936747.0
1987-05-18,0.6179118567776686,0.6179118567776686,0.6026637573915934,0.6113768815994263,3029842.0
1987-05-19,0.6113770481623474,0.6135553738152222,0.5910462141036987,0.5910462141036987,2383200.0
1987-05-20,0.5888678191954875,0.5910460562516798,0.5808806419372559,0.5808806419372559,3171245.0
1987-05-21,0.584511520131116,0.5917725787244035,0.5787027524699545,0.5801549553871155,2349835.0
1987-05-22,0.5852373616717536,0.5954027771949768,0.5845112385592212,0.5954027771949768,2286283.0
1987-05-26,0.6273517608642578,0.6273517608642578,0.5924989219336037,0.6273517608642578,2032605.0
1987-05-27,0.6229945754374758,0.6338860245216145,0.6208162504146839,0.6317077875137329,2402266.0
1987-05-28,0.6360644698143005,0.6425993581034115,0.6273512560905102,0.6360644698143005,2824357.0
1987-05-29,0.6447774784103978,0.6534906893621916,0.6404208289270513,0.6491340398788452,1560202.0
1987-06-01,0.6534906893621916,0.6578472508306391,0.6425991536687246,0.6491340398788452,1752976.0
1987-06-02,0.6491341862169987,0.6534908366824906,0.6360644108503608,0.6404209733009338,1752446.0
1987-06-03,0.6447780400793001,0.6534912586212158,0.6425997134400773,0.6534912586212158,1193718.0
1987-06-04,0.6534912564634091,0.6600261923520117,0.649134603199349,0.6578478217124939,1546432.0
1987-06-05,0.6578472508306391,0.6578472508306391,0.6491340398788452,0.6491340398788452,1193718.0
1987-06-08,0.646956364889183,0.6600261926651001,0.6425997116230562,0.6600261926651001,1421446.0
1987-06-09,0.6600256060068689,0.6665604920826049,0.6491340265299289,0.6513123512268066,1871077.0
1987-06-10,0.6534912586212158,0.6643827597948666,0.651312931981993,0.6534912586212158,1654470.0
1987-06-11,0.6622043389176948,0.670917467046594,0.6578476428308181,0.6643825769424438,1967994.0
1987-06-12,0.6709172898233944,0.6796305036656444,0.668739052374028,0.6774522662162781,1392318.0
1987-06-15,0.6752737064674001,0.6883434786887852,0.6752737064674001,0.6861651539802551,1870547.0
1987-06-16,0.6861652259416978,0.6861652259416978,0.6752737772866043,0.6796303391456604,1917152.0
1987-06-17,0.6839870224654216,0.6883435845375061,0.6796303723784259,0.6883435845375061,2426098.0
1987-06-18,0.6839872002601624,0.6883437634646862,0.6774523114459096,0.6839872002601624,1291694.0
1987-06-19,0.6839872002601624,0.6861654378549573,0.6774523114459096,0.6839872002601624,3578507.0
1987-06-22,0.6839870224654216,0.6948784716530884,0.6818086974219238,0.6883435845375061,3305234.0
1987-06-23,0.6905219095810039,0.6948784716530884,0.6796303723784259,0.6883435845375061,1422506.0
1987-06-24,0.6839872002601624,0.6905220890744151,0.6796305490407045,0.6839872002601624,888139.0
1987-06-25,0.6839875380214393,0.699235692796863,0.6818092113360265,0.6948789954185486,2954638.0
1987-06-26,0.6905220150947571,0.6948785778325369,0.6883436897184049,0.6905220150947571,3434986.0
1987-06-29,0.6883436897184049,0.6948785778325369,0.6861653643420527,0.6905220150947571,1678832.0
1987-06-30,0.6948786058858499,0.6948786058858499,0.6774522662162781,0.6774522662162781,2403325.0
1987-07-01,0.6796305036656444,0.6861653920435998,0.6752739407519834,0.6774522662162781,2805821.0
1987-07-02,0.6796303391456604,0.6796303391456604,0.6752737772866043,0.6796303391456604,6408160.0
1987-07-06,0.6732828617095947,0.6910593098663749,0.6710607383529258,0.6732828617095947,5772640.0
1987-07-07,0.6755051139791042,0.6821712613073739,0.673283034942086,0.6777271032333374,2911741.0
1987-07-08,0.6755049427868648,0.6799490099518628,0.6688386624738433,0.6710607409477234,1608395.0
1987-07-09,0.6710608888324544,0.6710608888324544,0.6599506735801697,0.6599506735801697,1800110.0
1987-07-10,0.6621729543710646,0.6643950343132019,0.6555068043274743,0.6643950343132019,1042253.0
1987-07-13,0.6643948444375314,0.6643948444375314,0.6443964000220638,0.651062548160553,3330125.0
1987-07-14,0.6488406658172607,0.6510627457988963,0.6466185858356251,0.6488406658172607,2169771.0
1987-07-15,0.6399522066794767,0.6443963650524949,0.6332860589027405,0.6332860589027405,2880494.0
1987-07-16,0.6399523019790649,0.6443964610138926,0.6332861532096278,0.6399523019790649,1135992.0
1987-07-17,0.6421744898949414,0.6555067896842957,0.6377303301099436,0.6555067896842957,2326533.0
1987-07-20,0.6466180935250236,0.653284238611756,0.6355078816413879,0.6355078816413879,1551728.0
1987-07-21,0.6377298073107813,0.6377298073107813,0.622175395488739,0.622175395488739,2810058.0
1987-07-22,0.6266195965218724,0.6310636628808868,0.6199534072006048,0.622175395488739,1990237.0
1987-07-23,0.6221759928789493,0.6399524998402114,0.6199540024573427,0.6377304196357727,2559557.0
1987-07-24,0.6399523497173948,0.6399523497173948,0.6266200511839751,0.6288419961929321,2451518.0
1987-07-27,0.6310638042458103,0.644396185874939,0.624397613431246,0.644396185874939,2579152.0
1987-07-28,0.6399522414078737,0.651062548160553,0.6377301621007786,0.651062548160553,2007184.0
1987-07-29,0.6510624475086728,0.6621726627609574,0.6443963004007456,0.6599506735801697,3814179.0
1987-07-30,0.6599509642117489,0.6643950343132019,0.653284724385337,0.6643950343132019,1984941.0
1987-07-31,0.6666166712051117,0.6799490073226968,0.6643945927398237,0.6732828617095947,2657533.0
1987-08-03,0.6643948626969044,0.6888375112897104,0.6643948626969044,0.6799492835998535,2957286.0
1987-08-04,0.6777271269230548,0.6866153535990277,0.6710609344703781,0.6821712851524353,2712082.0
1987-08-05,0.6888374034713448,0.6977256297699967,0.6866153244509857,0.6932814717292786,3585922.0
1987-08-06,0.6977260033486613,0.7043921541961657,0.6888377722910446,0.7021700739860535,2255566.0
1987-08-07,0.7021695549879303,0.7177239702876542,0.6999474764202342,0.7132799029350281,4826245.0
1987-08-10,0.7110574841499329,0.7177236721929469,0.706613418643076,0.7110574841499329,3969352.0
1987-08-11,0.7243903682168273,0.7377227544784546,0.7243903682168273,0.7377227544784546,6567040.0
1987-08-12,0.7377231595425049,0.7399451503204807,0.7266128465212394,0.7288349270820618,2831771.0
1987-08-13,0.728834622288328,0.7332786917686462,0.7243904630252006,0.7332786917686462,1841419.0
1987-08-14,0.7266123422747063,0.7443887948592832,0.7221682740199542,0.7399446368217468,3236386.0
1987-08-17,0.7399449755707989,0.7488332059321461,0.7377229853175811,0.742167055606842,2533606.0
1987-08-18,0.7377228510317736,0.7399448408805283,0.7266125426567643,0.7332786917686462,2136406.0
1987-08-19,0.7332787172450967,0.7332787172450967,0.7243904881928456,0.7266125679016113,861130.0
1987-08-20,0.7355005145072937,0.7377225933627378,0.728834367723739,0.7355005145072937,1811762.0
1987-08-21,0.7377225933627378,0.7399445824354043,0.7266122888682949,0.7355005145072937,2354602.0
1987-08-24,0.7399445824354043,0.7421666612908484,0.7266122888682949,0.7355005145072937,1894379.0
1987-08-25,0.7443891574248753,0.7510553079452413,0.7377230069045092,0.7466112375259399,1840890.0
1987-08-26,0.7488328631140353,0.7488328631140353,0.7288344212934745,0.7399446368217468,897142.0
1987-08-27,0.7377226401829494,0.7377226401829494,0.7221682667732239,0.7221682667732239,1875843.0
1987-08-28,0.7243900803642781,0.7243900803642781,0.704391598701477,0.704391598701477,2184600.0
1987-08-31,0.702169520243732,0.7155019460988212,0.6977254531110036,0.704391598701477,2725851.0
1987-09-01,0.708835875397566,0.7132800785183405,0.6799492060377451,0.6821712851524353,2810587.0
1987-09-02,0.6888375112897104,0.6910595906578741,0.6710610110185975,0.6799492835998535,3145294.0
1987-09-03,0.6843932505616072,0.6888374086356437,0.6666168427224237,0.6777271032333374,1238734.0
1987-09-04,0.6799492093404546,0.6866153569341166,0.6688388586044312,0.6688388586044312,1431509.0
1987-09-08,0.6643945927398237,0.6755049401748827,0.6488402230483317,0.6732828617095947,1996062.0
1987-09-09,0.6755051897390935,0.6999477027564575,0.6710609862752334,0.6977257132530212,2165005.0
1987-09-10,0.7021697219695399,0.7043918010656643,0.6843932687661193,0.6866153478622437,3409565.0
1987-09-11,0.6888374858908911,0.70439186132892,0.6888374858908911,0.6977257132530212,2320707.0
1987-09-14,0.7021696929947104,0.7088358402252197,0.6799491722987517,0.7088358402252197,1582445.0
1987-09-15,0.7043919334376598,0.7088360026822675,0.697725784679346,0.6999477744102478,2966290.0
1987-09-16,0.7043916382241429,0.7043916382241429,0.6910593462951352,0.6955034136772156,2069147.0
1987-09-17,0.699947441785987,0.704391598701477,0.6910593075205302,0.704391598701477,2037371.0
1987-09-18,0.7021692633534905,0.71327960668609,0.6999471857086977,0.7110574841499329,2473232.0
1987-09-21,0.7199457498377396,0.7221678274825324,0.7110574841499329,0.7110574841499329,1624283.0
1987-09-22,0.7132801510787348,0.7377227544784546,0.7110580268465987,0.7377227544784546,3761749.0
1987-09-23,0.7377226305583096,0.7821637161026103,0.7355005515908295,0.7532770037651062,7303184.0
1987-09-24,0.7577210580574791,0.7688314078002645,0.7466108429888646,0.7643872499465942,2206843.0
1987-09-25,0.7688310965405486,0.7843855080570515,0.7666089736219451,0.7777193188667297,7414400.0
1987-09-28,0.7932741021486989,0.8088284311719461,0.7888299440114952,0.7954960465431213,6778880.0
1987-09-29,0.797718476729957,0.7999405117601568,0.7843861767659374,0.7910522818565369,2913330.0
1987-09-30,0.7910521501229072,0.7932742745658781,0.771053658615809,0.7799417972564697,4098045.0
1987-10-01,0.7821639891886661,0.7999404475694456,0.7799418645539586,0.7932743430137634,1999240.0
1987-10-02,0.7932743430137634,0.8021625722041531,0.7910522183790558,0.7932743430137634,6725920.0
1987-10-05,0.7821636932569902,0.7821636932569902,0.7643872416019323,0.7710534334182739,6249280.0
1987-10-06,0.7688314078002645,0.7710534418357093,0.7577210580574791,0.7643872499465942,3620346.0
1987-10-07,0.7643872499465942,0.7666092839820391,0.7577210580574791,0.7643872499465942,2552672.0
1987-10-08,0.7643870754794072,0.7688312323187229,0.7510547396356003,0.7599430084228516,1414562.0
1987-10-09,0.7621652571723342,0.7666093254838114,0.7554990649223328,0.7554990649223328,5296000.0
1987-10-12,0.7532770307665941,0.7599432230165956,0.7488328726723315,0.7554990649223328,1870018.0
1987-10-13,0.7777193188667297,0.7821633851384482,0.7554987181599049,0.7777193188667297,3642059.0
1987-10-14,0.7732754401265102,0.7932740148694216,0.7666092485455397,0.7688313722610474,5613760.0
1987-10-15,0.7643875247056082,0.7732757538250411,0.7510551810264587,0.7510551810264587,2959934.0
1987-10-16,0.753277158119143,0.7577212271819553,0.6866154488059533,0.6888375282287598,4901978.0
1987-10-19,0.6532841742414506,0.6555062523123307,0.48885210286849107,0.622175395488739,6757166.0
1987-10-20,0.5866227382602021,0.6488402660400422,0.5510697946995472,0.6466181874275208,6332957.0
1987-10-21,0.6443963388412103,0.7155021516548927,0.6443963388412103,0.6866153478622437,6365792.0
1987-10-22,0.6443961942262398,0.6910593509674072,0.6421741156287929,0.6910593509674072,5084690.0
1987-10-23,0.6621730342267783,0.7155025103553109,0.6621730342267783,0.7021700739860535,3225794.0
1987-10-26,0.6932815739546896,0.6932815739546896,0.6488404807999163,0.6532845497131348,4053558.0
1987-10-27,0.6932814769268952,0.6955035559639134,0.659950695394154,0.6777271032333374,2767690.0
1987-10-28,0.6666169595552927,0.6755052323697529,0.6488405037091728,0.6577287316322327,3006010.0
1987-10-29,0.6555066350070475,0.6821713629680173,0.6555066350070475,0.6799492835998535,2666536.0
1987-10-30,0.6977254922596391,0.7066137168065663,0.6910593462951352,0.6955034136772156,2823298.0
1987-11-02,0.6888374858908911,0.6999477027564575,0.6888374858908911,0.6977257132530212,3938635.0
1987-11-03,0.6821715943890837,0.6866156648502271,0.6666171682094243,0.684393584728241,2631582.0
1987-11-04,0.6799491822703557,0.6888374086356437,0.6755051139791042,0.6777271032333374,1760390.0
1987-11-05,0.6821712794527822,0.6999476428734155,0.6799492003566578,0.6866153478622437,3530843.0
1987-11-06,0.6910593125385012,0.7066136822901375,0.6688386624738433,0.6710607409477234,2381082.0
1987-11-09,0.6710607805608981,0.6977254993645905,0.6599505671011785,0.6621725559234619,1702134.0
1987-11-10,0.6510627457988963,0.6688391163035114,0.6488406658172607,0.6488406658172607,1388082.0
1987-11-11,0.6599506735801697,0.6666168206880969,0.6577285946165999,0.6599506735801697,2763453.0
1987-11-12,0.668839104414655,0.6710611843567923,0.6577288842696116,0.6643950343132019,2089802.0
1987-11-13,0.6577288695767946,0.6643950194714716,0.6532847097917968,0.6555067896842957,2317000.0
1987-11-16,0.6666169237446264,0.6688389132689256,0.6466183895463629,0.651062548160553,1424624.0
1987-11-17,0.6510627457988963,0.6510627457988963,0.6377303556919061,0.6488406658172607,1559142.0
1987-11-18,0.6443961985977672,0.6532843334823171,0.6355079739304496,0.6466181874275208,2237560.0
1987-11-19,0.642174304212686,0.6488404521798717,0.6310639977455139,0.6310639977455139,2108867.0
1987-11-20,0.6266199111260042,0.6355081380892496,0.6221757078615906,0.6332860589027405,2389026.0
1987-11-23,0.6377304196357727,0.6421745800446502,0.6288421437094335,0.6377304196357727,804462.0
1987-11-24,0.6421741073062899,0.6488402532294711,0.6399520287376407,0.644396185874939,1086739.0
1987-11-25,0.6443963834626791,0.6466183729298787,0.6310639977455139,0.6310639977455139,807640.0
1987-11-27,0.6355081657994309,0.6355081657994309,0.6243978142738342,0.6243978142738342,1044371.0
1987-11-30,0.6021772027015686,0.6110654287521966,0.5821786267505693,0.6021772027015686,3392618.0
1987-12-01,0.6066213484498058,0.6155095756376401,0.6021772797472853,0.6110655069351196,1783693.0
1987-12-02,0.6155097298168226,0.6177318096160889,0.611065660001106,0.6177318096160889,1229202.0
1987-12-03,0.6088433497938441,0.6132874179277672,0.5999551237432161,0.6021772027015686,2336595.0
1987-12-04,0.6021768616161953,0.6021768616161953,0.5888445749833259,0.5999547839164734,2047963.0
1987-12-07,0.5955107182997605,0.6021768616161953,0.5910665629003168,0.5999547839164734,1947869.0
1987-12-08,0.6043992816599211,0.6088433497938441,0.5910668976925881,0.6021772027015686,1514656.0
1987-12-09,0.6021768616161953,0.6043989393159171,0.5932886406000387,0.5999547839164734,1679891.0
1987-12-10,0.5955110207604042,0.5955110207604042,0.5799566036363434,0.5821785926818848,3276635.0
1987-12-11,0.5910668631037683,0.5932889419320863,0.5799566036363434,0.5821785926818848,2774045.0
1987-12-14,0.5821786670171877,0.6066213127926954,0.5799566776879322,0.6043993234634399,2954109.0
1987-12-15,0.6155093312263489,0.6221754765244809,0.6021770406300849,0.6155093312263489,3323770.0
1987-12-16,0.6199537454898315,0.6266199384486305,0.6110655181390312,0.6243978142738342,2668654.0
1987-12-17,0.6288417055201042,0.6310638290675396,0.6066211883079082,0.6088432669639587,2039490.0
1987-12-18,0.6155093312263489,0.6177314095866454,0.6043991189903815,0.6155093312263489,6143360.0
1987-12-21,0.6243978028254745,0.6243978028254745,0.6110655069351196,0.6110655069351196,1773630.0
1987-12-22,0.6110653032057176,0.6110653032057176,0.5866227090340416,0.6066211462020874,3811531.0
1987-12-23,0.6132874963949833,0.6155095756376401,0.6043993589899421,0.6110655069351196,1591978.0
1987-12-24,0.6132873344932901,0.6155094131493406,0.6088432669639587,0.6088432669639587,1401322.0
1987-12-28,0.6043995128747095,0.6043995128747095,0.5866230539730176,0.5888451337814331,1652352.0
1987-12-29,0.5866230539730176,0.5955112834238636,0.5821788494647785,0.5888451337814331,1996592.0
1987-12-30,0.5977327062167516,0.5999547839164734,0.5910665629003168,0.5999547839164734,1622694.0
1987-12-31,0.5977331212619714,0.6132874963949833,0.5955111318021078,0.6110655069351196,30088694.0
1988-01-04,0.6136641001639265,0.6363923593547451,0.611391246694549,0.627301037311554,8889336.0
1988-01-05,0.6363922719736275,0.6454836386856697,0.631846657493336,0.6341195106506348,2096686.0
1988-01-06,0.634119818620428,0.6363925810472219,0.6250284934102005,0.6318469643592834,2008773.0
1988-01-07,0.6273009511787384,0.6341195106506348,0.6182097222181553,0.6341195106506348,1747150.0
1988-01-08,0.6273010225338732,0.6318467293655424,0.6068456172943115,0.6068456172943115,3833245.0
1988-01-11,0.6227553611118616,0.6227553611118616,0.6000271041507929,0.6113911867141724,2170830.0
1988-01-12,0.6091182302222281,0.6273007748672466,0.6045725251852633,0.6250280141830444,1963227.0
1988-01-13,0.6204824976712919,0.6500293598032768,0.6159368830874838,0.6386651396751404,2885790.0
1988-01-14,0.6341197743766612,0.6500296153430865,0.6341197743766612,0.6432110071182251,1546962.0
1988-01-15,0.6545750545879583,0.6659392301913201,0.652302201100422,0.6613935232162476,3587510.0
1988-01-18,0.6636663767037838,0.6636663767037838,0.6545750545879583,0.6613935232162476,2320707.0
1988-01-19,0.6591206192970276,0.6636662334566455,0.650029299143492,0.6591206192970276,1488706.0
1988-01-20,0.6409380388013526,0.6523021211780268,0.6363922864660824,0.6386651396751404,1893850.0
1988-01-21,0.6409380388013526,0.6409380388013526,0.6318466718822743,0.6386651396751404,2785166.0
1988-01-22,0.6454837815221263,0.6636664271354675,0.6409381660359541,0.6636664271354675,2935573.0
1988-01-25,0.6591208066007334,0.6795762138833186,0.654575099315053,0.6727577447891235,2431394.0
1988-01-26,0.6704848408699036,0.6750305478147237,0.6636663722869921,0.6704848408699036,1263626.0
1988-01-27,0.6727574996410577,0.6795759662506519,0.661393327402206,0.6659390330314636,1997122.0
1988-01-28,0.6727575160728068,0.6909402012825012,0.6682118103325227,0.6909402012825012,2074973.0
1988-01-29,0.6932132873812745,0.7000317573547363,0.6841219175547107,0.7000317573547363,2155472.0
1988-02-01,0.7045770216246884,0.711395487305242,0.6863943393365521,0.6886672377586365,1986530.0
1988-02-02,0.6818490028381348,0.6909403706298213,0.6795761494109235,0.6818490028381348,2076032.0
1988-02-03,0.6863948076703557,0.6909405616989963,0.6704850129488973,0.6795763373374939,2488590.0
1988-02-04,0.6750304983880896,0.6863945812494091,0.6750304983880896,0.6841217279434204,1647586.0
1988-02-05,0.684121764431029,0.6932131322227156,0.6818490028381348,0.6818490028381348,2201018.0
1988-02-08,0.6750307679176331,0.6795763845102941,0.6727579137041281,0.6750307679176331,941629.0
1988-02-09,0.6750307210603668,0.684121953614621,0.6750307210603668,0.6795763373374939,1203251.0
1988-02-10,0.6841214436906247,0.7068498295553882,0.6773029784400462,0.7023041248321533,3987358.0
1988-02-11,0.7000316242944505,0.7000316242944505,0.6909403939474318,0.6954860091209412,2064381.0
1988-02-12,0.6932132057038899,0.7023045285421058,0.6909404438700809,0.6977589130401611,1653411.0
1988-02-16,0.6932129623183488,0.6954858151884908,0.684121596754928,0.6909402012825012,1468581.0
1988-02-17,0.6932133720398006,0.6932133720398006,0.6682122052771183,0.6750307679176331,1351010.0
1988-02-18,0.6795763845102941,0.6818492387237991,0.6727579137041281,0.6750307679176331,1344125.0
1988-02-19,0.6795761494109235,0.6818490028381348,0.6704848275363953,0.6818490028381348,3954523.0
1988-02-22,0.681849093515149,0.6932132244110107,0.6773033860562068,0.6932132244110107,2536784.0
1988-02-23,0.6954859856499269,0.6977588390771382,0.6773032959837122,0.6818490028381348,2080798.0
1988-02-24,0.6795763373374939,0.6863948076703557,0.6773034832817592,0.6795763373374939,2065970.0
1988-02-25,0.6818490675261588,0.6932131979888715,0.6727577447891235,0.6727577447891235,1848304.0
1988-02-26,0.6773033602404783,0.6818490675261588,0.6727577447891235,0.6727577447891235,1346773.0
1988-02-29,0.6727576809636066,0.6863946178582403,0.6727576809636066,0.6818490028381348,1671947.0
1988-03-01,0.688667540443517,0.6954860091209412,0.6841217875185276,0.6954860091209412,2915448.0
1988-03-02,0.7000314290944805,0.7023042819646225,0.68639444962507,0.6909402012825012,2125814.0
1988-03-03,0.6932129623183488,0.6932129623183488,0.68639444962507,0.6909402012825012,1045960.0
1988-03-04,0.6909400902635809,0.6909400902635809,0.6818487261609429,0.6886672377586365,1367957.0
1988-03-07,0.6932130952502192,0.6932130952502192,0.6773032598597662,0.6841217279434204,1330355.0
1988-03-08,0.6863944551140251,0.6886673539194902,0.67730313539505,0.67730313539505,2344010.0
1988-03-09,0.679576162925225,0.679576162925225,0.6659392257594021,0.6704848408699036,1922978.0
1988-03-10,0.668211991844537,0.6704848453320731,0.6568479080754945,0.6613935232162476,2322826.0
1988-03-11,0.6659388535376686,0.6659388535376686,0.6545746843618576,0.6568475365638733,2019894.0
1988-03-14,0.65457491330311,0.6613933804596868,0.65457491330311,0.6591206192970276,1489765.0
1988-03-15,0.6591205664218694,0.6659390330314636,0.6568477136072407,0.6659390330314636,957517.0
1988-03-16,0.6682117029655559,0.6886672377586365,0.6682117029655559,0.6886672377586365,2385318.0
1988-03-17,0.6954861413172077,0.7000317573547363,0.6886676713437457,0.7000317573547363,1573971.0
1988-03-18,0.711395487305242,0.711395487305242,0.6863943393365521,0.6886672377586365,3743213.0
1988-03-21,0.6795758736559985,0.6886672377586365,0.677303021151054,0.6886672377586365,580442.0
1988-03-22,0.6841217189817801,0.6863945722579956,0.6818489575398754,0.6863945722579956,994589.0
1988-03-23,0.6818490028381348,0.684121764431029,0.6773032959837122,0.6818490028381348,1436275.0
1988-03-24,0.6750308581303156,0.6795764753304635,0.6636666773784043,0.6682122945785522,1579797.0
1988-03-25,0.6659394679565435,0.6659394679565435,0.6523024339967158,0.6545752882957458,2143291.0
1988-03-28,0.6477568172330082,0.6613937593584835,0.6477568172330082,0.6545752882957458,1372723.0
1988-03-29,0.661393327402206,0.6682117940118002,0.6591205664218694,0.6659390330314636,1730733.0
1988-03-30,0.6659390864536043,0.6704847006132223,0.6568477663000688,0.6591206192970276,5772640.0
1988-03-31,0.6613933804596868,0.6636662334566455,0.650029299143492,0.6591206192970276,2559557.0
1988-04-04,0.6627645145170826,0.6650900279443274,0.6511369943618774,0.6511369943618774,2780930.0
1988-04-05,0.6557885154106149,0.6627649664878845,0.6557885154106149,0.6627649664878845,2263510.0
1988-04-06,0.6650901427956107,0.6883449991977194,0.662764628966784,0.6743921041488647,2076562.0
1988-04-07,0.6790430378444653,0.681368551673292,0.672066590320038,0.6743921041488647,2473232.0
1988-04-08,0.672066882068753,0.679043332621704,0.6674158523920565,0.6767178177833557,2581800.0
1988-04-11,0.6790432929992676,0.6836942284424865,0.6743923575560488,0.6790432929992676,1633816.0
1988-04-12,0.6790432929992676,0.6813688077019212,0.6743923575560488,0.6790432929992676,1299638.0
1988-04-13,0.6836942486290493,0.6860197634003653,0.6767177982771921,0.6813688278198242,1215962.0
1988-04-14,0.6743922259227562,0.6767176462094273,0.658113673162604,0.6650902628898621,2265099.0
1988-04-15,0.6581138968467712,0.6604394588669749,0.6534629607305678,0.6581138968467712,2279928.0
1988-04-18,0.6581133168403112,0.6581133168403112,0.6511368718334146,0.6557879447937012,785397.0
1988-04-19,0.6534623848230532,0.6674153218178557,0.6534623848230532,0.6557879447937012,1638582.0
1988-04-20,0.6557885540572242,0.6604394903954571,0.6441610252874294,0.6488120555877686,2318059.0
1988-04-21,0.6511370750715821,0.6627645966680412,0.6441606278871406,0.6534625887870789,1916093.0
1988-04-22,0.6488120246143643,0.6604394588669749,0.6441609945360589,0.6581138968467712,2277810.0
1988-04-25,0.6604394514747611,0.665090481501008,0.6557885154106149,0.6627649664878845,1437334.0
1988-04-26,0.6627649166774537,0.6767178177833557,0.6581138400197104,0.6767178177833557,2472173.0
1988-04-27,0.6720667116740152,0.6767176462094273,0.6650902628898621,0.6650902628898621,1908678.0
1988-04-28,0.6650904615540845,0.6650904615540845,0.6557884957426693,0.6604394316673279,1609454.0
1988-04-29,0.6604388768109591,0.6604388768109591,0.6464859398161567,0.6557879447937012,2906445.0
1988-05-02,0.6581135222560238,0.6604390829525446,0.6488116553181339,0.6534625887870789,2074443.0
1988-05-03,0.6557879447937012,0.6627643898005977,0.6511368718334146,0.6557879447937012,911442.0
1988-05-04,0.6581140295933944,0.6604395920826817,0.6464866399765015,0.6464866399765015,1318704.0
1988-05-05,0.6441607313119395,0.6441607313119395,0.6371842830073772,0.6395097970962524,2133229.0
1988-05-06,0.6395099557554539,0.6464864057908383,0.6325335057200694,0.6371844410896301,2884202.0
1988-05-09,0.6348589658737183,0.6418354163426169,0.6325335450254804,0.6348589658737183,2125814.0
1988-05-10,0.6325333487916901,0.6441607313119395,0.6325333487916901,0.6395097970962524,2718437.0
1988-05-11,0.6325331926345825,0.6325331926345825,0.6255566520902955,0.6325331926345825,1907090.0
1988-05-12,0.632533637460794,0.6488120555877686,0.6302081223106245,0.6488120555877686,3220498.0
1988-05-13,0.653462738627192,0.6674156831765332,0.6488118040917799,0.6650902628898621,2919685.0
1988-05-16,0.6627652362420657,0.669741690158844,0.6604397202824266,0.669741690158844,2217965.0
1988-05-17,0.6743925223369613,0.6767179436457196,0.6627650399447254,0.667415976524353,2590803.0
1988-05-18,0.6627649466107062,0.6674158825353648,0.6581138697429006,0.6604394316673279,2266688.0
1988-05-19,0.658113673162604,0.6674156831765332,0.6557882998569678,0.6650902628898621,2186718.0
1988-05-20,0.6697411974252742,0.6720667116740152,0.662764748641121,0.6650902628898621,1174123.0
1988-05-23,0.665090481501008,0.6697414175651543,0.6604394514747611,0.6627649664878845,1053374.0
1988-05-24,0.6674155626623846,0.6767175240156386,0.6604391151379573,0.6743921041488647,1257800.0
1988-05-25,0.6767181440756223,0.6790436600352614,0.669741690158844,0.669741690158844,1401322.0
1988-05-26,0.6720668428533951,0.6813688077019212,0.6697413281507416,0.6790432929992676,1689954.0
1988-05-27,0.6790433130485082,0.6813688278198242,0.6767177982771921,0.6813688278198242,682125.0
1988-05-31,0.6883450832360088,0.7069490551948547,0.6860195691232661,0.7069490551948547,2060674.0
1988-06-01,0.7139257389838363,0.7139257389838363,0.704623773427661,0.7092747092247009,6884800.0
1988-06-02,0.7139253014153197,0.7139253014153197,0.6999722676708481,0.7046233415603638,1983882.0
1988-06-03,0.7046235410821119,0.7069490551948547,0.6999724658755941,0.7069490551948547,1633816.0
1988-06-06,0.7022983236116336,0.7046238858432688,0.6953218718220037,0.6999728083610535,1550139.0
1988-06-07,0.6976474927413322,0.7046239925687086,0.6883455242922053,0.6953219771385193,1298050.0
1988-06-08,0.6999725756083639,0.7209020649610108,0.6976471550931357,0.7185765504837036,2321766.0
1988-06-09,0.7232278598229958,0.7232278598229958,0.7116003768907364,0.7162513136863708,2398558.0
1988-06-10,0.72090190507452,0.7348548009196381,0.72090190507452,0.7302038669586182,2333947.0
1988-06-13,0.7302038698642591,0.7325292898729933,0.7092744320512409,0.7115999460220337,1732851.0
1988-06-14,0.7209018678647315,0.727878315427197,0.7185763540232253,0.7232273817062378,2600336.0
1988-06-15,0.7232273817062378,0.7302038292687033,0.7185763540232253,0.7232273817062378,3086509.0
1988-06-16,0.7232274219139392,0.7232274219139392,0.7092744320512409,0.7115999460220337,2443574.0
1988-06-17,0.7162508800015607,0.7185763939723535,0.7069490120425067,0.7115999460220337,4031845.0
1988-06-20,0.711600442087809,0.716251379309564,0.7092749264958695,0.7139259576797485,1006240.0
1988-06-21,0.7139255690569599,0.7325294017791748,0.7139255690569599,0.7325294017791748,1477054.0
1988-06-22,0.7441566971900269,0.7511331914784843,0.7348547361261003,0.7418311834335327,3982592.0
1988-06-23,0.7418312474219392,0.7418312474219392,0.7348547995127368,0.7395058274269104,1752976.0
1988-06-24,0.7418312864075356,0.7441568004868355,0.7371803522109985,0.7371803522109985,1547491.0
1988-06-27,0.7395058076504869,0.7395058076504869,0.7209018844154286,0.7278783321380615,2519837.0
1988-06-28,0.7278783516035343,0.7418312474219392,0.7232274176514187,0.7395058274269104,1744502.0
1988-06-29,0.7371802937555908,0.7418312275833275,0.7255528182431654,0.7278783321380615,2068618.0
1988-06-30,0.7302039039351615,0.7418312864075356,0.7302039039351615,0.7371803522109985,185018938.0
1988-07-01,0.7409014936684315,0.7456509114225993,0.7314027541098678,0.7385268807411194,4865965.0
1988-07-05,0.733777642250061,0.7361523517072904,0.7266536098281681,0.733777642250061,4672131.0
1988-07-06,0.7337779906196942,0.7432767370084569,0.7124058352324384,0.7147804498672485,1647056.0
1988-07-07,0.7171546100102559,0.7266533970832825,0.7147799012482784,0.7266533970832825,1408206.0
1988-07-08,0.7266538474980975,0.7314031720161438,0.721904522980051,0.7314031720161438,1314997.0
1988-07-11,0.7290283192853975,0.7385270611645198,0.7290283192853975,0.733777642250061,1810173.0
1988-07-12,0.7337775007530606,0.7361522097523662,0.7171546816825867,0.7171546816825867,2327062.0
1988-07-13,0.7195294386567805,0.724278760705615,0.6886585574900267,0.7171546816825867,2237560.0
1988-07-14,0.7195296629248729,0.72427898645401,0.7171549052104976,0.72427898645401,2125285.0
1988-07-15,0.7219043726643447,0.72427898645401,0.7100308719418886,0.72427898645401,2389026.0
1988-07-18,0.72427898645401,0.72427898645401,0.7147801954710258,0.72427898645401,1107923.0
1988-07-19,0.7219046295961214,0.7242792442309316,0.7124058352324384,0.7147804498672485,1117456.0
1988-07-20,0.7195292711257935,0.7219039795721858,0.717154514704524,0.7195292711257935,999885.0
1988-07-21,0.7195297036522175,0.7195297036522175,0.7100309121315757,0.7124056220054626,2904856.0
1988-07-22,0.7124055306398399,0.7147801442593719,0.6981573691736492,0.700532078742981,2376315.0
1988-07-25,0.7052814969617116,0.7052814969617116,0.6981573682630087,0.7029067873954773,1714315.0
1988-07-26,0.7076563816908826,0.7124058026429186,0.700532346212665,0.7100310921669006,1128048.0
1988-07-27,0.7124055306398399,0.7124055306398399,0.6981573691736492,0.700532078742981,1399203.0
1988-07-28,0.7029068216814963,0.7076561450958252,0.698157402317363,0.7076561450958252,826706.0
1988-07-29,0.710030720015012,0.7314028632226967,0.707656010783662,0.7219042181968689,2365723.0
1988-08-01,0.7290286421775818,0.7314032567367503,0.7219046066004008,0.7290286421775818,1352598.0
1988-08-02,0.7337774274194478,0.7337774274194478,0.7242786883213049,0.7266533970832825,2568030.0
1988-08-03,0.7290283192853975,0.7361523517072904,0.7266536098281681,0.733777642250061,3519192.0
1988-08-04,0.7337774274194478,0.7337774274194478,0.7219040755090945,0.7266533970832825,2435101.0
1988-08-05,0.7242786883213049,0.7266533970832825,0.7195293667471171,0.7266533970832825,864307.0
1988-08-08,0.7314028632226967,0.7337775724540467,0.7219042181968689,0.7219042181968689,970227.0
1988-08-09,0.7290286320502901,0.7290286320502901,0.7076563816908826,0.7100310921669006,1610514.0
1988-08-10,0.7124055297106148,0.7124055297106148,0.6981573682630087,0.7029067873954773,1221258.0
1988-08-11,0.7100308547778919,0.7124055644599585,0.698157402317363,0.7076561450958252,3042022.0
1988-08-12,0.7052814969617116,0.7147801433270494,0.7029067873954773,0.7029067873954773,1796933.0
1988-08-15,0.7052817396592823,0.7052817396592823,0.6981576085090637,0.6981576085090637,732437.0
1988-08-16,0.7005323188924699,0.7100310644762622,0.6957829940754902,0.6981576085090637,945336.0
1988-08-17,0.7029067883123127,0.7052814978816444,0.6981573691736492,0.700532078742981,1330355.0
1988-08-18,0.700532077829243,0.7052814969617116,0.6981573682630087,0.7029067873954773,1418798.0
1988-08-19,0.7052814978816444,0.7076561115011765,0.6981573691736492,0.700532078742981,2437219.0
1988-08-22,0.7052815233173738,0.7052815233173738,0.6957827806472778,0.6957827806472778,2207902.0
1988-08-23,0.6934080123901367,0.6957827218444171,0.6910333029358564,0.6934080123901367,1510949.0
1988-08-24,0.6981573682630087,0.7029067873954773,0.6934080450803398,0.7029067873954773,1250386.0
1988-08-25,0.7005321040074242,0.7052815233173738,0.693408070992303,0.6957827806472778,1312878.0
1988-08-26,0.700532077829243,0.7029067873954773,0.695782754646574,0.7029067873954773,1139699.0
1988-08-29,0.7029069052927233,0.7124056492010671,0.7005321953281833,0.7052816152572632,2069147.0
1988-08-30,0.7100308547778919,0.7100308547778919,0.705281531363563,0.7076561450958252,1496650.0
1988-08-31,0.7076564140631367,0.7171551604518993,0.7052817994283266,0.7147804498672485,1272099.0
1988-09-01,0.7171551276451182,0.7171551276451182,0.7076563816908826,0.7100310921669006,1443160.0
1988-09-02,0.7171550545372647,0.7337778822500803,0.7171550545372647,0.7314031720161438,2310645.0
1988-09-06,0.7314029327928316,0.733777642250061,0.7266536098281681,0.733777642250061,1324000.0
1988-09-07,0.7361526489257812,0.7385273593417899,0.7337779385097727,0.7361526489257812,2202606.0
1988-09-08,0.7337779385097727,0.7385273593417899,0.7290286136275894,0.7361526489257812,1521011.0
1988-09-09,0.7314027307799088,0.745650887638159,0.7314027307799088,0.7432761788368225,3217320.0
1988-09-12,0.7456510935864128,0.7456510935864128,0.733777642250061,0.733777642250061,1052845.0
1988-09-13,0.7314027307799088,0.7432761788368225,0.7266534091270046,0.7432761788368225,2026779.0
1988-09-14,0.745650887638159,0.7504002092910632,0.7385268571839183,0.7432761788368225,2202077.0
1988-09-15,0.7432763923340147,0.7480257153511047,0.7409016828505716,0.7480257153511047,1772042.0
1988-09-16,0.7385272444837419,0.7527753128642217,0.7385272444837419,0.7504006028175354,2410210.0
1988-09-19,0.7504004248345479,0.7504004248345479,0.7409016828505716,0.7480257153511047,1053374.0
1988-09-20,0.7480255003404126,0.7480255003404126,0.7432761786884564,0.7456508874893188,2183011.0
1988-09-21,0.7504006028175354,0.7527753128642217,0.7456512786739817,0.7504006028175354,1378019.0
1988-09-22,0.7527753128642217,0.7527753128642217,0.7456512786739817,0.7504006028175354,3348131.0
1988-09-23,0.7456511018174579,0.7527751343179911,0.7456511018174579,0.7480257153511047,2056437.0
1988-09-26,0.7480257153511047,0.7527751343179911,0.7456511018174579,0.7480257153511047,1195837.0
1988-09-27,0.7504003043446658,0.7551497225489501,0.7480255952425237,0.7527750134468079,1366368.0
1988-09-28,0.750400244668079,0.7575242754581765,0.750400244668079,0.7551496624946594,1291165.0
1988-09-29,0.7551499777208256,0.7717728031281494,0.7527752678162479,0.7693980932235718,2551083.0
1988-09-30,0.7646485329319714,0.7765218868839466,0.7646485329319714,0.7670231461524963,2203136.0
1988-10-03,0.7717728031281494,0.7741474170829138,0.7646487693642298,0.7693980932235718,4779110.0
1988-10-04,0.7731957919446704,0.7731957919446704,0.7659243805760301,0.768348217010498,3584333.0
1988-10-05,0.7707720646305578,0.7731958031654358,0.7659243916912714,0.7731958031654358,3591218.0
1988-10-06,0.7731958031654358,0.7731958031654358,0.7683482281609146,0.7731958031654358,1584563.0
1988-10-07,0.7756200125339308,0.7950105667114258,0.7731961748989665,0.7950105667114258,3431808.0
1988-10-10,0.7901629571831489,0.7950106328564045,0.782891541608086,0.7877392172813416,1836653.0
1988-10-11,0.7853153794447137,0.7877392172813416,0.7780439638696509,0.7877392172813416,1018950.0
1988-10-12,0.782890963479098,0.782890963479098,0.773195668259527,0.7780433893203735,1687306.0
1988-10-13,0.780467653266995,0.7828913927078247,0.7756199295483311,0.7828913927078247,1356306.0
1988-10-14,0.7853153347969055,0.7853153347969055,0.7780439196352469,0.7853153347969055,1864722.0
1988-10-17,0.7877392172813416,0.7877392172813416,0.7804678017062786,0.7877392172813416,960694.0
1988-10-18,0.7901629061515469,0.7925867438316345,0.7828914910460986,0.7925867438316345,1030602.0
1988-10-19,0.7925867950197767,0.7950106328564045,0.7804678017062786,0.7877392172813416,2618872.0
1988-10-20,0.7877392191290836,0.7998582124710083,0.7877392191290836,0.7998582124710083,1462226.0
1988-10-21,0.7950105108429008,0.8071295022964478,0.7877390963838115,0.8071295022964478,1778926.0
1988-10-24,0.8071294733009163,0.8119771480560303,0.7998580591030473,0.8119771480560303,1709019.0
1988-10-25,0.8095532655715942,0.8144009400566043,0.8095532655715942,0.8095532655715942,1317115.0
1988-10-26,0.8095532655715942,0.8119771028140993,0.8047056890213805,0.8095532655715942,1865251.0
1988-10-27,0.8071295022964478,0.8095533397610793,0.7998580878373585,0.8071295022964478,1317645.0
1988-10-28,0.8095534659054404,0.8119773037477537,0.7974344725635157,0.7998582124710083,1978056.0
1988-10-31,0.7998580878373585,0.8071295022964478,0.7925866733782692,0.8071295022964478,1356306.0
1988-11-01,0.8022822141647339,0.8047060525020715,0.7950107970875615,0.8022822141647339,1734440.0
1988-11-02,0.8047060525020715,0.8095536312419063,0.7998583758273963,0.8022822141647339,2085035.0
1988-11-03,0.8022818422030816,0.8095532559090111,0.7998580049895068,0.8047056794166565,1701075.0
1988-11-04,0.8022820484314673,0.8047058862680951,0.7877392172813416,0.7877392172813416,1584563.0
1988-11-07,0.7901627224244574,0.7901627224244574,0.7780437327115318,0.7804675698280334,1394966.0
1988-11-08,0.7804672253671098,0.782890963479098,0.7756195043062633,0.7780433893203735,2064910.0
1988-11-09,0.775619639635079,0.7780435250721047,0.7683482281609146,0.7731958031654358,1374312.0
1988-11-10,0.77077235273187,0.7828913927078247,0.77077235273187,0.7828913927078247,1518893.0
1988-11-11,0.7804675277985019,0.7828912668496898,0.7707722288219998,0.7756198048591614,2312234.0
1988-11-14,0.7731959577235955,0.775619794677752,0.7707722187042236,0.7707722187042236,1356835.0
1988-11-15,0.7756198048591614,0.7780436908125282,0.7731959678731876,0.7756198048591614,1393907.0
1988-11-16,0.7756196283791383,0.7756196283791383,0.7659243805760301,0.768348217010498,1965346.0
1988-11-17,0.775619639635079,0.775619639635079,0.7683482281609146,0.7731958031654358,1077736.0
1988-11-18,0.7756195043062633,0.7780433893203735,0.7707719301475389,0.7780433893203735,1577149.0
1988-11-21,0.7780433893203735,0.7780433893203735,0.7707719301475389,0.7780433893203735,1573971.0
1988-11-22,0.7780436908125282,0.7780436908125282,0.7731959678731876,0.7756198048591614,1443690.0
1988-11-23,0.7780437327115318,0.7828913090097438,0.773196009511133,0.7804675698280334,1185774.0
1988-11-25,0.775619639635079,0.775619639635079,0.7707720646305578,0.7731958031654358,893435.0
1988-11-28,0.7731959678731876,0.7780436908125282,0.7707722288219998,0.7756198048591614,1326648.0
1988-11-29,0.7756199295483311,0.7828913927078247,0.77077235273187,0.7828913927078247,1388082.0
1988-11-30,0.7828913403640733,0.8047056794166565,0.7828913403640733,0.8047056794166565,1422506.0
1988-12-01,0.7998581589370829,0.8022819966171704,0.7925867438316345,0.7925867438316345,2142232.0
1988-12-02,0.787738983242747,0.7901627224244574,0.7780437327115318,0.7804675698280334,1207488.0
1988-12-05,0.7828914910460986,0.795010581511722,0.7804677513008251,0.7925867438316345,1716963.0
1988-12-06,0.7950104822827351,0.8119771480560303,0.7901628075276211,0.8119771480560303,1356306.0
1988-12-07,0.8119771028140993,0.8144009400566043,0.8047056890213805,0.8095532655715942,1747680.0
1988-12-08,0.809553615300208,0.8240964981355952,0.809553615300208,0.8168250322341919,2962053.0
1988-12-09,0.8168251885917035,0.8192490273452847,0.8119776090193985,0.8144014477729797,1441571.0
1988-12-12,0.8192488992238992,0.8265203164126169,0.8144013204097015,0.8216727375984192,974464.0
1988-12-13,0.8192490273452847,0.8192490273452847,0.8119776090193985,0.8144014477729797,1402910.0
1988-12-14,0.8144013079165816,0.8144013079165816,0.7998583758273963,0.8022822141647339,2048493.0
1988-12-15,0.8071294186954362,0.8071294186954362,0.7998580049895068,0.8047056794166565,1781574.0
1988-12-16,0.8047056794166565,0.8047056794166565,0.8022818422030816,0.8047056794166565,3028782.0
1988-12-19,0.8071294733009163,0.8144009854335873,0.7974343196602921,0.8119771480560303,3019779.0
1988-12-20,0.8144011415900668,0.8168248814975594,0.7998582124710083,0.7998582124710083,2013010.0
1988-12-21,0.8022820503133216,0.8071296280631273,0.7901629590365762,0.7998582124710083,4737272.0
1988-12-22,0.802281981681506,0.802281981681506,0.7925867290764615,0.7950105667114258,1814939.0
1988-12-23,0.7950105667114258,0.7998581440465419,0.7925867290764615,0.7950105667114258,944277.0
1988-12-27,0.797434425356213,0.797434425356213,0.7853153347969055,0.7853153347969055,1048608.0
1988-12-28,0.7853152300834563,0.7901628068999175,0.7780438158913635,0.7828913927078247,1995003.0
1988-12-29,0.7828915057101962,0.7901629209518433,0.7804677659195245,0.7901629209518433,952750.0
1988-12-30,0.7853152300834563,0.7901628068999175,0.7828913927078247,0.7828913927078247,2523544.0
1989-01-03,0.7892423887280341,0.7892423887280341,0.7743977500535895,0.7793459296226501,3375141.0
1989-01-04,0.7842943779371566,0.7867685182377471,0.7768720570026694,0.7818202376365662,3064795.0
1989-01-05,0.7818200908830051,0.7842942307191808,0.7694495916366577,0.7694495916366577,3290405.0
1989-01-06,0.7743975046450907,0.7941904665670512,0.7743975046450907,0.7917162775993347,3227912.0
1989-01-09,0.7966649232191172,0.8016131031931611,0.7941907832484597,0.7991389632225037,1465403.0
1989-01-10,0.8016133194030672,0.8090356413497058,0.8016133194030672,0.8040874600410461,1748739.0
1989-01-11,0.8040872888559387,0.8115096092224121,0.8040872888559387,0.8115096092224121,1444219.0
1989-01-12,0.8115097819876848,0.8288285665189408,0.8040874600410461,0.8040874600410461,1412443.0
1989-01-13,0.8016132296723217,0.8090355507881227,0.8016132296723217,0.8065614104270935,893435.0
1989-01-16,0.8040874600410461,0.8115097819876848,0.8016133194030672,0.8040874600410461,2467406.0
1989-01-17,0.8065616369896408,0.8115099191016679,0.8016134548449284,0.8090357780456543,1865251.0
1989-01-18,0.8065613289999122,0.8189319295888856,0.8040872888559387,0.8115096092224121,2153354.0
1989-01-19,0.813983917994196,0.8313027024269104,0.8115097773702947,0.8313027024269104,3616109.0
1989-01-20,0.8337768676444559,0.8461475226284105,0.831302826618246,0.8387251496315002,4218794.0
1989-01-23,0.8387249755752993,0.8436731565681613,0.8288285136222839,0.8288285136222839,1711138.0
1989-01-24,0.8288280776849482,0.8510950803756714,0.8288280776849482,0.8510950803756714,4970296.0
1989-01-25,0.8510956380383724,0.8535697288546072,0.8461474564059026,0.8486215472221375,2487531.0
1989-01-26,0.8436729281270732,0.8560435771942139,0.8436729281270732,0.8560435771942139,2816413.0
1989-01-27,0.858517686108004,0.8684140456341175,0.8560435962264757,0.8609917759895325,6794238.0
1989-01-30,0.8585174285854924,0.8659397959709167,0.8560433394460965,0.8659397959709167,2722674.0
1989-01-31,0.8634659647941589,0.8659401549264099,0.8585177844642132,0.8634659647941589,1949458.0
1989-02-01,0.8634655265850704,0.8659397154616695,0.8560432598569551,0.8585173487663269,1739736.0
1989-02-02,0.8609921012706163,0.8609921012706163,0.8461474564059026,0.8486215472221375,941629.0
1989-02-03,0.8510956380383724,0.8535697288546072,0.8461474564059026,0.8486215472221375,1612632.0
1989-02-06,0.8486213307410758,0.8486213307410758,0.8387248700333929,0.843673050403595,1370075.0
1989-02-07,0.8486212824559478,0.8708882927894592,0.8461471924116184,0.8708882927894592,2150706.0
1989-02-08,0.8684140456341175,0.8733624253317075,0.858517686108004,0.8609917759895325,1508301.0
1989-02-09,0.8560435962264757,0.8659400557198558,0.8510953164961523,0.8609917759895325,1190011.0
1989-02-10,0.8560435771942139,0.863465846673781,0.8535693874004271,0.8560435771942139,1337770.0
1989-02-13,0.8535690709803561,0.8609914376756986,0.8510949820709842,0.8585173487663269,926270.0
1989-02-14,0.858517686108004,0.8634658658710608,0.8560435962264757,0.8609917759895325,1375371.0
1989-02-15,0.8609921012706163,0.8634661920868513,0.8337768023901193,0.8486215472221375,3376730.0
1989-02-16,0.8535695075988768,0.8560436977410756,0.8486213272490364,0.853569507598877,2194662.0
1989-02-17,0.8585177426005388,0.8708882927894592,0.8560436525562094,0.8708882927894592,2918626.0
1989-02-21,0.868413785143076,0.8733621633563411,0.8659397959709167,0.8659397959709167,2825946.0
1989-02-22,0.8634659647941589,0.8659401549264099,0.8560436942992404,0.8634659647941589,3973589.0
1989-02-23,0.8609921629223091,0.8758369088172913,0.8609921629223091,0.8758369088172913,2652237.0
1989-02-24,0.8708883352563556,0.8733625253886065,0.8609918746291861,0.8634659647941589,2799995.0
1989-02-27,0.8634656068642842,0.8659397959709167,0.8609915177248882,0.8659397959709167,1049667.0
1989-02-28,0.8609918746291861,0.8684141451241046,0.8609918746291861,0.8634659647941589,1925626.0
1989-03-01,0.8659400557198558,0.8708882354829125,0.8609917759895325,0.8609917759895325,1342536.0
1989-03-02,0.8609921629223091,0.8758369088172913,0.8609921629223091,0.8758369088172913,1837182.0
1989-03-03,0.8758366884522324,0.8807848691940308,0.8733625980813331,0.8807848691940308,2483824.0
1989-03-06,0.8807842409633415,0.9104736041396709,0.8783101523571178,0.9079995155334473,3706670.0
1989-03-07,0.9030519564775709,0.9055260470512375,0.8956295847892761,0.8956295847892761,2293698.0
1989-03-08,0.8906808699115739,0.9030514153342937,0.8906808699115739,0.8981032371520996,2705197.0
1989-03-09,0.8931557536125183,0.9005780266584051,0.8906815626299103,0.8931557536125183,2356720.0
1989-03-10,0.8931554189796416,0.8931554189796416,0.8832589586589907,0.8857329487800598,1762509.0
1989-03-13,0.8857325917621452,0.9005773262431966,0.8857325917621452,0.8981032371520996,1215962.0
1989-03-14,0.9005773262431966,0.9005773262431966,0.8931550589699057,0.8981032371520996,1331944.0
1989-03-15,0.8981037753302373,0.9005778659039041,0.8931555941829039,0.8956295847892761,1121163.0
1989-03-16,0.8956293843679887,0.9030517543953274,0.8931553943152386,0.9005776643753052,1797462.0
1989-03-17,0.8758366497325265,0.8857330107786169,0.8659401887191542,0.8783107399940491,3836952.0
1989-03-20,0.8758366884522324,0.8832590595322163,0.8708884077431476,0.8807848691940308,1890672.0
1989-03-21,0.885733272790864,0.8882074637515687,0.873362817823898,0.8758369088172913,1540606.0
1989-03-22,0.8758366497325265,0.8832590204843762,0.8708883692421994,0.8783107399940491,1846186.0
1989-03-23,0.8758364520880064,0.8857328109008475,0.8708881727143265,0.8733623623847961,2059085.0
1989-03-27,0.8684141790133948,0.8783107399940491,0.8634659984903497,0.8783107399940491,1126989.0
1989-03-28,0.8783106772779741,0.8882071375846863,0.8758365871931147,0.8882071375846863,1804347.0
1989-03-29,0.8857329271568615,0.8931553971752403,0.8832589370961895,0.8906812071800232,1978586.0
1989-03-30,0.8906812289240227,0.8906812289240227,0.8832589586589907,0.8857329487800598,1310760.0
1989-03-31,0.8832589574149676,0.8981035978913985,0.8832589574149676,0.8882071375846863,2407032.0
1989-04-03,0.8882071375846863,0.8906812276695456,0.8832589574149676,0.8882071375846863,1536899.0
1989-04-04,0.8904390724292697,0.8929615375998752,0.8853939382442533,0.8879165053367615,3126229.0
1989-04-05,0.8904392747500279,0.8929617404937744,0.8853941394186834,0.8929617404937744,2762923.0
1989-04-06,0.8954840027704807,0.8954840027704807,0.8879165053367615,0.8879165053367615,2547906.0
1989-04-07,0.8853939382442533,0.8929615375998752,0.8853939382442533,0.8879165053367615,1545373.0
1989-04-10,0.8853937810099443,0.8929613790216601,0.8853937810099443,0.8904389142990112,1690483.0
1989-04-11,0.8879167070843557,0.9005292396469394,0.8879167070843557,0.8929617404937744,2304819.0
1989-04-12,0.8929617404937744,0.8980066719812672,0.8904392747500279,0.8929617404937744,1664533.0
1989-04-13,0.8904389142990112,0.8980063084669578,0.8879163476544777,0.8904389142990112,2134818.0
1989-04-14,0.898006816541285,0.9080967830624667,0.8954843503914751,0.9005293846130371,3513896.0
1989-04-17,0.9030515159071678,0.9106191162484898,0.9005291523299204,0.9055740833282471,2662299.0
1989-04-18,0.9156637270767136,0.9232311209281959,0.9131411605376725,0.9207086563110352,5422045.0
1989-04-19,0.9207087173631258,0.9408886394823011,0.9207087173631258,0.938366174697876,6358907.0
1989-04-20,0.9358434478394946,0.9509783342295531,0.9333208818396027,0.9484558701515198,4993598.0
1989-04-21,0.9484564919904832,0.963591490225398,0.9484564919904832,0.9560239911079407,3551498.0
1989-04-24,0.9560238984248091,0.9635913968086243,0.9535014329375091,0.9635913968086243,2881024.0
1989-04-25,0.9686363277832241,0.9686363277832241,0.9610688293994089,0.9635913968086243,3396854.0
1989-04-26,0.9635912637398852,0.9686361940177971,0.961068696679028,0.9661136269569397,3153768.0
1989-04-27,0.9610683666592006,0.9812483866069652,0.95854590238643,0.9711583256721497,4204494.0
1989-04-28,0.9686358613993791,0.9787258204123281,0.966113295204742,0.9711583256721497,3618757.0
1989-05-01,0.9610688355104793,0.9686363339424133,0.9560239045038006,0.9686363339424133,3446637.0
1989-05-02,0.9686361940177971,0.9711586591567529,0.9635912637398852,0.9661136269569397,1821824.0
1989-05-03,0.9661137665171579,0.9686363339424133,0.9585463700071399,0.9686363339424133,6891685.0
1989-05-04,0.9635914029357348,0.9711587994457527,0.9635914029357348,0.9686363339424133,2472702.0
1989-05-05,0.9686355474352272,0.9938603858305317,0.9686355474352272,0.9837704300880432,4229386.0
1989-05-08,0.9837713127637873,0.9837713127637873,0.9711588822497993,0.9736814498901367,905086.0
1989-05-09,0.9686358613993791,0.976203254217691,0.9635909328538378,0.9711583256721497,2015128.0
1989-05-10,0.9661138488910491,0.9736814498901367,0.9661138488910491,0.9736814498901367,2399088.0
1989-05-11,0.9762033729348616,0.988815899676271,0.9762033729348616,0.9862934350967407,1858366.0
1989-05-12,1.008996037446481,1.0241309301048849,1.0064735723237304,1.0165635347366333,3371434.0
1989-05-15,1.0190862615535723,1.0241312955210726,1.0089963974624463,1.021608829498291,1362131.0
1989-05-16,1.0165632408964818,1.041788088676483,1.0165632408964818,1.0342206954956055,2079739.0
1989-05-17,1.0392656912683231,1.0544006824493408,1.0342207621559023,1.0544006824493408,2173478.0
1989-05-18,1.0594458648171114,1.0720582925349802,1.056923297736016,1.064490795135498,1419858.0
1989-05-19,1.0670129358857956,1.0796254616909218,1.0670129358857956,1.074580430984497,4317299.0
1989-05-22,1.0796259345985426,1.087193433012029,1.0644909377715701,1.0695359706878662,3352898.0
1989-05-23,1.0644907497256548,1.072058246802317,1.03674343031439,1.0443109273910522,2926570.0
1989-05-24,1.0367429661545478,1.0518778516099399,1.0367429661545478,1.049355387687683,1786341.0
1989-05-25,1.0392661094665527,1.0468335061802863,1.0367436438953082,1.0392661094665527,1333003.0
1989-05-26,1.0392654300768045,1.049355387687683,1.0367429661545478,1.049355387687683,1056022.0
1989-05-30,1.0493560469494456,1.0594460108993808,1.0291760171276585,1.0316985845565796,1653411.0
1989-05-31,1.031698259633377,1.0518781811777802,1.0291756929989135,1.0417882204055786,1551198.0
1989-06-01,1.0392654083032729,1.0544003953634256,1.036742944433864,1.046832799911499,1321882.0
1989-06-02,1.0569234393580837,1.0720584361850565,1.0544010757828097,1.0695359706878662,2000299.0
1989-06-05,1.0745812344305044,1.0871937696658074,1.0594463348388672,1.0594463348388672,1490294.0
1989-06-06,1.0619680960765785,1.0720580564129283,1.0518781357402287,1.0670130252838135,2121048.0
1989-06-07,1.0897157157302226,1.0972832128744059,1.0846706836601343,1.087193250656128,3542494.0
1989-06-08,1.0871929567896232,1.0871929567896232,1.0695355021999438,1.074580430984497,2195722.0
1989-06-09,1.0695359999777379,1.0796259641647339,1.0619685013570113,1.0796259641647339,1547491.0
1989-06-12,1.0796259345985426,1.0796259345985426,1.06196847227438,1.0695359706878662,1255682.0
1989-06-13,1.061967786971652,1.0670127147104693,1.0392654083032729,1.046832799911499,1593566.0
1989-06-14,1.0493563437085331,1.0594463105119218,1.0493563437085331,1.051878809928894,1085150.0
1989-06-15,1.049355716465201,1.0518781811777802,1.0291756929989135,1.0417882204055786,1770982.0
1989-06-16,1.0190858418283189,1.036743402481079,1.0165634787663462,1.036743402481079,4396739.0
1989-06-19,1.041788088676483,1.0493555837792319,1.029175562864611,1.0342206954956055,1440512.0
1989-06-20,1.0342209803908489,1.0342209803908489,1.0165635209276522,1.0190858840942383,2299523.0
1989-06-21,1.003950855382461,1.0140408162888646,1.0014283906363313,1.006473422050476,3456699.0
1989-06-22,1.0089958127310545,1.0342207641063639,1.0089958127310545,1.0241307020187378,2699901.0
1989-06-23,1.0342207621559023,1.0569230450836733,1.0342207621559023,1.0544006824493408,2792581.0
1989-06-26,1.0544006824493408,1.0594456115617614,1.0518781159712527,1.0544006824493408,1635934.0
1989-06-27,1.056922779454453,1.059445345298562,1.0443104598431698,1.049355387687683,1336181.0
1989-06-28,1.0443111425309608,1.0468335061802863,1.0316986108309003,1.0392661094665527,2318059.0
1989-06-29,1.031698413380464,1.031698413380464,1.0190858840942383,1.0190858840942383,1784752.0
1989-06-30,1.0190866232327966,1.0291765928268433,1.008996755560723,1.0291765928268433,2429275.0
1989-07-03,1.03674343031439,1.0443109273910522,1.02917583131583,1.0443109273910522,1173594.0
1989-07-05,1.041450094811984,1.0594061613082886,1.0337547265811484,1.0594061613082886,3054203.0
1989-07-06,1.0645364452007713,1.0696667945185931,1.0568410766923098,1.0619714260101318,2951990.0
1989-07-07,1.0645368687565857,1.0722324476179774,1.0594066210430653,1.0696672201156616,1965875.0
1989-07-10,1.074797059236594,1.0927531266988857,1.074797059236594,1.087622880935669,1956342.0
1989-07-11,1.0978834499486252,1.1132742905170785,1.0978834499486252,1.1081440448760986,4370259.0
1989-07-12,1.1030140732546556,1.113274671695293,1.1030140732546556,1.110709547996521,2839186.0
1989-07-13,1.1081438639211425,1.1132741087243763,1.1004482894252985,1.103013515472412,2019365.0
1989-07-14,1.11327414346441,1.1184043884277344,1.1055787760194233,1.1184043884277344,3145824.0
1989-07-17,1.1158393695915723,1.1286649819998833,1.11327414346441,1.1184043884277344,1396026.0
1989-07-18,1.1184043769312724,1.1286649703979492,1.115839358121477,1.1286649703979492,2203136.0
1989-07-19,1.131230390160233,1.141490985383477,1.120969794936989,1.123534917831421,3934928.0
1989-07-20,1.1286651516655801,1.1363607275583982,1.100448489189148,1.100448489189148,3157475.0
1989-07-21,1.0927530527114868,1.1030136471887193,1.0824924582342543,1.0927530527114868,3344954.0
1989-07-24,1.0901880038172773,1.0927531266988857,1.0824925315269358,1.087622880935669,2019894.0
1989-07-25,1.090187930003556,1.1055788735421592,1.087622807295625,1.0927530527114868,2473232.0
1989-07-26,1.095318255056121,1.123534917831421,1.092753132161689,1.123534917831421,2252389.0
1989-07-27,1.1260998944079228,1.138925506033146,1.1260998944079228,1.1337952613830566,1945221.0
1989-07-28,1.1337958628180054,1.146621584892273,1.1312307391322616,1.146621584892273,1220198.0
1989-07-31,1.144055844762898,1.1671421527862549,1.1414907224593012,1.1671421527862549,2408091.0
1989-08-01,1.1671426672454526,1.1850987385763863,1.1620124203769222,1.1697078943252563,2457344.0
1989-08-02,1.1620124422421403,1.17227303981781,1.159447318759608,1.17227303981781,1697898.0
1989-08-03,1.1697078943252563,1.177403264628052,1.1697078943252563,1.1697078943252563,1358424.0
1989-08-04,1.169706907622104,1.172272028892568,1.1543160763538691,1.1568810939788818,1009947.0
1989-08-07,1.1620122503847534,1.1774030923843384,1.1543168812077225,1.1774030923843384,1751387.0
1989-08-08,1.1774032867828748,1.1774032867828748,1.1671426892072048,1.17227303981781,1332474.0
1989-08-09,1.1697078269649834,1.174838073538077,1.1491865297360113,1.1517517566680908,2243915.0
1989-08-10,1.1440563201904297,1.1440563201904297,1.128665372681954,1.1440563201904297,1638582.0
1989-08-11,1.1594470529355332,1.1645772987243967,1.120969794936989,1.123534917831421,1994474.0
1989-08-14,1.1209696145548966,1.1876634209511148,1.11327414346441,1.1184043884277344,1575560.0
1989-08-15,1.1184045683970405,1.1261001443713694,1.1158395491481254,1.123534917831421,1273688.0
1989-08-16,1.1260999515881538,1.1286649703979492,1.1184043769312724,1.1286649703979492,1806466.0
1989-08-17,1.1286649703979492,1.1363605450548306,1.120969603032066,1.1286649703979492,1322411.0
1989-08-18,1.1235349424591463,1.136360764503479,1.1235349424591463,1.136360764503479,1080384.0
1989-08-21,1.1414909524790087,1.1414909524790087,1.1081440448760986,1.1081440448760986,2041608.0
1989-08-22,1.1030136471887193,1.10814399625009,1.087622807295625,1.0927530527114868,2420272.0
1989-08-23,1.0978834017728576,1.1004484208352792,1.087622807295625,1.0927530527114868,2252389.0
1989-08-24,1.0927531006621316,1.1158395169830821,1.090187977841642,1.1081440448760986,4040318.0
1989-08-25,1.1055789422147038,1.1107091879492283,1.0953182434546234,1.100448489189148,1584563.0
1989-08-28,1.1081440448760986,1.1107091676965886,1.103013695589605,1.1081440448760986,1550669.0
1989-08-29,1.1081438639211425,1.1132741087243763,1.0953180446220647,1.103013515472412,1416680.0
1989-08-30,1.0978836641934193,1.1081442611231809,1.0953184372268285,1.105579137802124,1340418.0
1989-08-31,1.103013910835533,1.105579137802124,1.103013910835533,1.105579137802124,1468051.0
1989-09-01,1.1030138960479363,1.1184047394134737,1.1004486691157362,1.1158397197723389,2220083.0
1989-09-05,1.1184047394134737,1.1209699663456738,1.1081442462668039,1.1158397197723389,1217550.0
1989-09-06,1.1184045565510152,1.1184045565510152,1.100448489189148,1.100448489189148,1845656.0
1989-09-07,1.1030140679064213,1.1055792952383043,1.0927534695155348,1.0978838205337524,5995072.0
1989-09-08,1.0953181754194177,1.0978834017728576,1.0773622128183926,1.0927530527114868,1746621.0
1989-09-11,1.0978832587766316,1.0978832587766316,1.0824923172426555,1.0901877880096436,1276866.0
1989-09-12,1.0876226656358128,1.0927529103834743,1.0876226656358128,1.0901877880096436,4988302.0
1989-09-13,1.0953182434546234,1.1055789422147038,1.092753120587361,1.100448489189148,3602339.0
1989-09-14,1.0978838205337524,1.1107095426109732,1.0953185932018692,1.0978838205337524,1644408.0
1989-09-15,1.0978833049289365,1.1184043884277344,1.0978833049289365,1.1184043884277344,4317299.0
1989-09-18,1.113274936453953,1.138926386833191,1.113274936453953,1.138926386833191,1391789.0
1989-09-19,1.1440564829159883,1.1543171851447664,1.1414913591815692,1.1491867303848267,2196781.0
1989-09-20,1.1517519577647966,1.1543171851447664,1.1491867303848267,1.1491867303848267,1082502.0
1989-09-21,1.151752215668384,1.156882464286002,1.1363613661699559,1.138926386833191,1289576.0
1989-09-22,1.144055854328729,1.1517513249493567,1.1337952613830566,1.1337952613830566,2332358.0
1989-09-25,1.1312302081270456,1.1312302081270456,1.1158393695915723,1.1184043884277344,1533192.0
1989-09-26,1.1260999515881538,1.138925563864626,1.1235347254873602,1.1286649703979492,2209491.0
1989-09-27,1.1312307391322616,1.146621584892273,1.1286655118009692,1.146621584892273,1676184.0
1989-09-28,1.1466205052515748,1.1568810939788818,1.1466205052515748,1.1568810939788818,2810587.0
1989-09-29,1.1568815599263749,1.1697073787353447,1.1568815599263749,1.1671421527862549,2812176.0
1989-10-02,1.1645773512061464,1.1748379468917847,1.1620122281961172,1.1748379468917847,2327592.0
1989-10-03,1.1797463401233157,1.1849548816680908,1.1771420693509282,1.1849548816680908,1844597.0
1989-10-04,1.1979764699935913,1.203185011642752,1.1927678231171153,1.1979764699935913,3731032.0
1989-10-05,1.1927679747904587,1.2083938121795654,1.190163703634717,1.2083938121795654,2841834.0
1989-10-06,1.2136032183747714,1.2214161426308279,1.210998840137817,1.2188118696212769,1894379.0
1989-10-09,1.2188109627800787,1.2188109627800787,1.2109979391098022,1.2109979391098022,554491.0
1989-10-10,1.2162072658538818,1.218811538155179,1.2109985107965378,1.2162072658538818,1586682.0
1989-10-11,1.2162065612692081,1.2162065612692081,1.2031849968517525,1.2136021852493286,1585622.0
1989-10-12,1.2109979781079785,1.2136023544910486,1.2057894357964953,1.2083938121795654,1362661.0
1989-10-13,1.2083936555776011,1.210997821168527,1.1250561475753784,1.1250561475753784,3195606.0
1989-10-16,1.1250556378182563,1.1771415567197745,1.1120340791724264,1.174537181854248,5026963.0
1989-10-17,1.166724945283982,1.1745378639633541,1.1589121318319384,1.1641206741333008,2651707.0
1989-10-18,1.1615164029826195,1.179746511492045,1.1589121318319384,1.1641206741333008,1108982.0
1989-10-19,1.1667246243562595,1.195371914815807,1.1641203539219278,1.1901633739471436,1842478.0
1989-10-20,1.1849552090032398,1.2083939681114517,1.1849552090032398,1.2031853199005127,1171475.0
1989-10-23,1.2057890527673836,1.2162063445358662,1.187559055240777,1.1953718662261963,2072854.0
1989-10-24,1.192767595897723,1.2005804068831423,1.164120306602634,1.1953718662261963,2823298.0
1989-10-25,1.1927678231171153,1.203185011642752,1.190163552292535,1.1979764699935913,974994.0
1989-10-26,1.1979767125125584,1.2031852552161388,1.177142331243563,1.1823508739471436,3404269.0
1989-10-27,1.1615163087844849,1.1615163087844849,1.158912037845008,1.1615163087844849,2729558.0
1989-10-30,1.164121335671119,1.166725608301736,1.1484955946600288,1.1563084125518799,2336595.0
1989-10-31,1.161517063040502,1.166725608301736,1.153704245148651,1.1563084125518799,2453107.0
1989-11-01,1.1563077836124815,1.1589121600539134,1.1406820511005462,1.1458905935287476,2505538.0
1989-11-02,1.1458904292135719,1.1484948052815487,1.130264698942291,1.1380776166915894,2436690.0
1989-11-03,1.1380776331938545,1.1380776331938545,1.1068260669708252,1.1068260669708252,4565152.0
1989-11-06,1.1042219339299673,1.1198476663783488,1.1042219339299673,1.1172432899475098,2654355.0
1989-11-07,1.1146387451495428,1.1406816587883284,1.1146387451495428,1.1354730129241943,1634875.0
1989-11-08,1.1328688737543486,1.151098871627703,1.1328688737543486,1.1484946012496948,1575030.0
1989-11-09,1.1484950204628166,1.1537036683473432,1.1380778299210994,1.1406821012496948,935803.0
1989-11-10,1.1458910201969486,1.161516863754439,1.1458910201969486,1.153704047203064,796518.0
1989-11-13,1.1510989665985107,1.1510989665985107,1.1432861548198943,1.1510989665985107,2187778.0
1989-11-14,1.1484955946600288,1.161517063040502,1.1484955946600288,1.1563084125518799,2095098.0
1989-11-15,1.1589120626449585,1.1719336280756347,1.15630768642243,1.1589120626449585,1624813.0
1989-11-16,1.1563077836124815,1.1563077836124815,1.1432864275419778,1.1458905935287476,3434986.0
1989-11-17,1.1484947696998868,1.1510990404598644,1.1406818521926414,1.1432862281799316,3637822.0
1989-11-20,1.1458901994251676,1.1458901994251676,1.1354730129241943,1.1354730129241943,790693.0
1989-11-21,1.1302648341013946,1.1328692104808074,1.1146391019615605,1.1224520206451416,1148702.0
1989-11-22,1.1224518767571376,1.1302646892118597,1.1146389590751005,1.1250561475753784,1132814.0
1989-11-24,1.1302653551101685,1.1432869273276898,1.127661082757615,1.1302653551101685,510005.0
1989-11-27,1.1302644722873552,1.1380773884699087,1.1302644722873552,1.1354730129241943,1972230.0
1989-11-28,1.1380782773952058,1.1432869273276898,1.127661082757615,1.1302653551101685,1778926.0
1989-11-29,1.125055957393027,1.1484946012496948,1.1172429358044083,1.1484946012496948,2449930.0
1989-11-30,1.1484950798892413,1.1771423816680908,1.1354735121178199,1.1771423816680908,2251859.0
1989-12-01,1.1823504093565358,1.2057890527673836,1.1823504093565358,1.1953718662261963,2603514.0
1989-12-04,1.1901645508340053,1.2188118696212769,1.1901645508340053,1.2188118696212769,1439453.0
1989-12-05,1.2109979781079785,1.221415273185602,1.1979766223292705,1.2083938121795654,1359483.0
1989-12-06,1.208393658519228,1.208393658519228,1.190163552292535,1.1979764699935913,1142347.0
1989-12-07,1.1901633739471436,1.1979762904774383,1.1797461869825172,1.1901633739471436,1321352.0
1989-12-08,1.195371914815807,1.2005804556844706,1.187559103512812,1.1901633739471436,884432.0
1989-12-11,1.1875596046447754,1.1901638761780697,1.1823509563508428,1.1875596046447754,731907.0
1989-12-12,1.1875589737184191,1.2136018856699724,1.179746058042038,1.2057889699935913,1522070.0
1989-12-13,1.2005817295107253,1.2474591732025146,1.2005817295107253,1.2474591732025146,2214258.0
1989-12-14,1.2396451911687216,1.2630839456389105,1.2344366492157828,1.2604795694351196,4495774.0
1989-12-15,1.2813140529288392,1.2813140529288392,1.2552710274821808,1.2604795694351196,5214442.0
1989-12-18,1.257875350738651,1.2630839981353938,1.234436700521623,1.23964524269104,2277280.0
1989-12-19,1.2370413657508659,1.2396455322164648,1.2240197968314193,1.2344369888305664,1464874.0
1989-12-20,1.239644793024605,1.2578748944594633,1.2370406281118522,1.2526663541793823,2637938.0
1989-12-21,1.2708969336172062,1.2708969336172062,1.2630840150312441,1.265688180923462,1745562.0
1989-12-22,1.2761048511667732,1.3047520299128157,1.2761048511667732,1.3021478652954102,2644293.0
1989-12-26,1.3021487679488395,1.3099615828987492,1.3021487679488395,1.3073573112487793,1065555.0
1989-12-27,1.3047531168586246,1.3073574941002002,1.296940300815988,1.2995445728302002,966520.0
1989-12-28,1.302148327545955,1.3203784333847917,1.2995439515494693,1.3177740573883057,1663474.0
1989-12-29,1.3229829644390083,1.3412130753144407,1.320378798177672,1.3307958841323853,2564853.0
1990-01-02,1.317773679547826,1.3490251302719116,1.317773679547826,1.3490251302719116,3622994.0
1990-01-03,1.34642165393136,1.349025820058104,1.3151699767730478,1.325587272644043,3306822.0
1990-01-04,1.3252825605218523,1.3252825605218523,1.2672023832857178,1.3147225379943848,3264454.0
1990-01-05,1.2936027809015715,1.2936027809015715,1.2434427427328334,1.251362681388855,3073269.0
1990-01-08,1.2513637577606194,1.2804038778222695,1.2355237601535098,1.2724838256835938,2713670.0
1990-01-09,1.2645634448375727,1.267203425974154,1.2381634201313299,1.243443489074707,1850422.0
1990-01-10,1.2408027343990562,1.2408027343990562,1.1959226525170943,1.209122657775879,3137350.0
1990-01-11,1.217042607071561,1.2276026327006244,1.2091226678523819,1.2196826934814453,2579682.0
1990-01-12,1.2064829497511906,1.2064829497511906,1.1668828183869573,1.182722806930542,2915448.0
1990-01-15,1.1774426310547348,1.1800826108843472,1.1616025387367372,1.1642426252365112,1604688.0
1990-01-16,1.1484024681515441,1.188002586364746,1.1352023576337131,1.188002586364746,3398973.0
1990-01-17,1.1880032735255244,1.1906431478178336,1.1484031324069446,1.1563230752944946,1997122.0
1990-01-18,1.1457627068601839,1.1800827692616793,1.1457627068601839,1.1774427890777588,2875728.0
1990-01-19,1.182722806930542,1.1985629021443078,1.182722806930542,1.182722806930542,3045200.0
1990-01-22,1.1853628532094076,1.1880029401011662,1.1404827627618201,1.1484028100967407,2140114.0
1990-01-23,1.1510430066992539,1.1563230752944946,1.127282964696189,1.1563230752944946,2288402.0
1990-01-24,1.1563225790775125,1.1695226915658976,1.1061624289640692,1.1642426252365112,2207373.0
1990-01-25,1.1642422758424877,1.1668822548798312,1.1272821426391602,1.1272821426391602,2422920.0
1990-01-26,1.1246423907338603,1.1378425019267229,1.1008823612589493,1.1167223453521729,3454581.0
1990-01-29,1.1193626416463645,1.122002621712281,1.100882567844607,1.1140825748443604,1790578.0
1990-01-30,1.1167227999931773,1.1167227999931773,1.0718427023422492,1.1035228967666626,2362546.0
1990-01-31,1.1061623203999735,1.1167223453521729,1.1035224474996126,1.1167223453521729,1739736.0
1990-02-01,1.122002521228609,1.1352025270462036,1.1193625413991226,1.1352025270462036,2339243.0
1990-02-02,1.1299227352053185,1.1536827705399029,1.124642668091979,1.1484028100967407,1813880.0
1990-02-05,1.1484026395886755,1.1668826050661236,1.1404825934296767,1.1642426252365112,2509245.0
1990-02-06,1.1616017623821173,1.1616017623821173,1.1220017713940356,1.1325616836547852,1850422.0
1990-02-07,1.1167222907072962,1.1431224051310265,1.1035223935006502,1.1404824256896973,1782104.0
1990-02-08,1.1457620888065905,1.1457620888065905,1.0903220014991901,1.0982420444488525,1725437.0
1990-02-09,1.1167228628608867,1.122002931118937,1.1008828714271368,1.1193629503250122,2353542.0
1990-02-12,1.1193629444095397,1.1246429059694865,1.1061628271692725,1.1088029146194458,1391259.0
1990-02-13,1.114082882066962,1.122002931118937,1.098242890633212,1.1193629503250122,1278984.0
1990-02-14,1.1272825906364339,1.1352026375661273,1.1193626503769125,1.1246426105499268,1735499.0
1990-02-15,1.1220023550230775,1.156322407732957,1.1220023550230775,1.1510423421859741,1518363.0
1990-02-16,1.145762324333191,1.166882372093717,1.1404823657281296,1.145762324333191,2648530.0
1990-02-20,1.1352029417587621,1.1352029417587621,1.111442901273037,1.1193629503250122,1716434.0
1990-02-21,1.1008820669517028,1.1167220468103032,1.0982420880869566,1.1114420890808105,3200373.0
1990-02-22,1.1167220468103032,1.1484022198677488,1.1088021102160643,1.1114420890808105,2391144.0
1990-02-23,1.1061628330149866,1.1272828927067868,1.1035229588912623,1.1193629503250122,1872666.0
1990-02-26,1.1167217085935703,1.1325616836547852,1.1088017743980083,1.1325616836547852,1971701.0
1990-02-27,1.1378431018866706,1.161603037219528,1.1378431018866706,1.1563230752944946,2184070.0
1990-02-28,1.1510430066992539,1.1668831058147686,1.1510430066992539,1.1563230752944946,1811232.0
1990-03-01,1.1510427231731915,1.1906428545374248,1.1510427231731915,1.182722806930542,1802758.0
1990-03-02,1.1932826727993686,1.214402723881487,1.190642586411486,1.209122657775879,1721730.0
1990-03-05,1.2091227188344649,1.2249628112810294,1.195922712909103,1.2038427591323853,3122522.0
1990-03-06,1.2012026984380786,1.2170426845550537,1.198562718530277,1.2170426845550537,1757742.0
1990-03-07,1.2170426583875846,1.222322724759827,1.198562692760143,1.2038427591323853,1342006.0
1990-03-08,1.2064826881126554,1.2223226732211718,1.203842708372929,1.2196826934814453,1304405.0
1990-03-09,1.2144027852067072,1.2170426583875846,1.190642646536861,1.2038427591323853,1817058.0
1990-03-12,1.1959224341069477,1.20648245771944,1.193282454871359,1.201202392578125,1575030.0
1990-03-13,1.1985621611645025,1.1985621611645025,1.1800820970633206,1.1906421184539795,1298579.0
1990-03-14,1.1880028521834565,1.1880028521834565,1.172162652015686,1.172162652015686,2089272.0
1990-03-15,1.1774431187022174,1.180083099625199,1.1695231759332727,1.1748031377792358,1127518.0
1990-03-16,1.1880019920142453,1.1880019920142453,1.1748018881003497,1.180081844329834,2586037.0
1990-03-19,1.1616027510923084,1.1906428545374248,1.1589628774502554,1.182722806930542,1058141.0
1990-03-20,1.1774424622332829,1.1827224211354683,1.1642424583076731,1.1695225238800049,1057611.0
1990-03-21,1.1748024885521278,1.1774424680161863,1.1589625050976287,1.1616023778915405,743558.0
1990-03-22,1.1563222108920908,1.1589622965512332,1.140482230287875,1.1536822319030762,1493472.0
1990-03-23,1.1536824394993643,1.1695225296240104,1.148402480571247,1.1616023778915405,1351539.0
1990-03-26,1.1668822335182771,1.1800822351334783,1.1536822319030762,1.1536822319030762,793341.0
1990-03-27,1.1536827540821215,1.1800827692616793,1.1536827540821215,1.1774427890777588,1049667.0
1990-03-28,1.1748021397030486,1.1906421184539795,1.1748021397030486,1.1906421184539795,1155587.0
1990-03-29,1.1880028214479625,1.198562741279602,1.1748027083180794,1.198562741279602,1108453.0
1990-03-30,1.193282961845398,1.2064829703015885,1.1721627989772367,1.193282961845398,2871491.0
1990-04-02,1.1853627348198859,1.2038428078655885,1.1827226481918092,1.198562741279602,1043842.0
1990-04-03,1.1985624370585437,1.2328825944808415,1.1959224577707177,1.2223224639892578,3036197.0
1990-04-04,1.2258323941503515,1.2258323941503515,1.2043736171173978,1.2070560455322266,2834419.0
1990-04-05,1.2097387704218292,1.2204681634902954,1.2043741280780922,1.2204681634902954,3006539.0
1990-04-06,1.2177858670876776,1.2285152603743752,1.2097387950274059,1.2258329391479492,1379608.0
1990-04-09,1.2258330850710504,1.2365623712539673,1.2231507635253211,1.2365623712539673,1203251.0
1990-04-10,1.233880077300183,1.2472916841506958,1.2311976475490805,1.2472916841506958,1752976.0
1990-04-11,1.2446094711615932,1.252656543652901,1.2365622902892854,1.2472916841506958,965990.0
1990-04-12,1.2472913856594081,1.2633856351714832,1.2446091733121902,1.260703206062317,1439453.0
1990-04-16,1.2607028674791654,1.2767968959069675,1.2553382274635463,1.26338529586792,1768334.0
1990-04-17,1.252656543652901,1.2580211863931061,1.2446094711615932,1.2472916841506958,1045960.0
1990-04-18,1.252656451076686,1.252656451076686,1.2151035211465584,1.2204681634902954,1529485.0
1990-04-19,1.2124208877704223,1.2231502780760184,1.2016913890838623,1.2016913890838623,2059614.0
1990-04-20,1.19632690505044,1.199009225883453,1.1695033715773748,1.1802327632904053,3995302.0
1990-04-23,1.1775506338481683,1.1829152758923671,1.1614564909535992,1.1668212413787842,2081858.0
1990-04-24,1.1668210886818573,1.1775504797471315,1.1426798774992617,1.1587740182876587,1790578.0
1990-04-25,1.1587738306348339,1.1748678604359781,1.1587738306348339,1.1721855401992798,1614221.0
1990-04-26,1.177550366543744,1.185597327783379,1.1614562273025513,1.1614562273025513,1031131.0
1990-04-27,1.1641382724993872,1.1668207006594018,1.1507264568421216,1.1534088850021362,1482350.0
1990-04-30,1.1587738306348339,1.1748678604359781,1.153409081780483,1.1721855401992798,836238.0
1990-05-01,1.1802329490669674,1.1855976999584195,1.164138913154602,1.164138913154602,1239264.0
1990-05-02,1.1614565918993738,1.1695035556650586,1.1587742706441455,1.164138913154602,1187363.0
1990-05-03,1.166820976509936,1.166820976509936,1.1560915864761279,1.1614562273025513,1112690.0
1990-05-04,1.166820976509936,1.1695031885421863,1.153409157681955,1.1614562273025513,2618342.0
1990-05-07,1.1614562273025513,1.1695031885421863,1.1587739068893395,1.1614562273025513,765272.0
1990-05-08,1.1641384039034925,1.1882796097829886,1.1587737637397921,1.1855971813201904,1701075.0
1990-05-09,1.1802326266717642,1.204373836517334,1.1802326266717642,1.204373836517334,1529485.0
1990-05-10,1.1990095242494578,1.204374275631447,1.1936448812484741,1.1936448812484741,1264685.0
1990-05-11,1.2151035211465584,1.2258329142150246,1.2070565576309529,1.2204681634902954,2079739.0
1990-05-14,1.225832512792579,1.263385430425281,1.223150192499088,1.2392442226409912,1933040.0
1990-05-15,1.236561897539109,1.2553384663091138,1.2285149359846343,1.2338796854019165,1682010.0
1990-05-16,1.2285152603743752,1.231197581600801,1.212421224634826,1.2258329391479492,1175712.0
1990-05-17,1.2311975565587616,1.2499740215238253,1.2204681634902954,1.2204681634902954,1281102.0
1990-05-18,1.2151035211465584,1.2204681634902954,1.2097387704218292,1.2204681634902954,1259918.0
1990-05-21,1.2124208029441668,1.2446089716089301,1.2124208029441668,1.2392442226409912,1011006.0
1990-05-22,1.2446093791800883,1.2499740215238253,1.21242119997469,1.2204681634902954,1705842.0
1990-05-23,1.2231506179215235,1.2258329391479492,1.212421224634826,1.2258329391479492,1317645.0
1990-05-24,1.223149858852573,1.2338792454807699,1.2151027917861938,1.2151027917861938,954869.0
1990-05-25,1.2177861802781496,1.2204685021944153,1.207056892613086,1.2124215364456177,672062.0
1990-05-29,1.2124201818952869,1.2311965227127075,1.2124201818952869,1.2311965227127075,1195837.0
1990-05-30,1.2285153261789779,1.252656543652901,1.2285153261789779,1.2472916841506958,2786755.0
1990-05-31,1.2392446370935355,1.2526564598083496,1.236562207521977,1.2526564598083496,1476525.0
1990-06-01,1.2553387809989152,1.2607034233800467,1.2472916006652326,1.2526564598083496,2096686.0
1990-06-04,1.2499732971191406,1.2580203643521721,1.2392439102687418,1.2499732971191406,1376960.0
1990-06-05,1.2580206814573422,1.263385430425281,1.2392442226409912,1.2392442226409912,1679362.0
1990-06-06,1.244609552653169,1.2472917658178913,1.2338801580892451,1.2365623712539673,1645467.0
1990-06-07,1.2365614654575852,1.2392438934194103,1.209738052886756,1.217785120010376,2334477.0
1990-06-08,1.2151038583618836,1.2177861802781496,1.20169203201851,1.2124215364456177,987704.0
1990-06-11,1.209738475595595,1.2338796854019165,1.209738475595595,1.2338796854019165,990352.0
1990-06-12,1.2338796854019165,1.2419266469563912,1.2231502949483177,1.2338796854019165,1470699.0
1990-06-13,1.236561975946375,1.236561975946375,1.2177856227477406,1.223150372505188,1209606.0
1990-06-14,1.2177853640966736,1.2177853640966736,1.1855971975315005,1.1909618377685547,2297934.0
1990-06-15,1.1748682260513306,1.185597618718032,1.1560918701703442,1.1748682260513306,4758456.0
1990-06-18,1.1721855401992798,1.1775502890536307,1.166820899725883,1.1721855401992798,2735384.0
1990-06-19,1.1748676661265607,1.1855970536797926,1.166820706747339,1.1829147338867188,1328237.0
1990-06-20,1.1855970536797926,1.188279481853803,1.1641382785733287,1.1829147338867188,2163946.0
1990-06-21,1.185597618718032,1.1882800481704483,1.1695034755274858,1.1748682260513306,1437864.0
1990-06-22,1.1695029120575449,1.1802322995547958,1.1534088850021362,1.1534088850021362,3624582.0
1990-06-25,1.1534088226328967,1.1560912506478622,1.137314796447754,1.137314796447754,2058026.0
1990-06-26,1.1453614950745985,1.1560909879343992,1.1346321105957031,1.1346321105957031,1988118.0
1990-06-27,1.1319504864339875,1.1587740182876587,1.129268165762912,1.1587740182876587,1275277.0
1990-06-28,1.1614557770180278,1.1695027351379395,1.1614557770180278,1.1695027351379395,1231850.0
1990-06-29,1.169503052146804,1.169503052146804,1.1480443829628049,1.1560914516448975,998296.0
1990-07-02,1.1560916976165831,1.1614563389587342,1.1534092685645359,1.1587740182876587,1747680.0
1990-07-03,1.1623442072757857,1.18417227268219,1.1623442072757857,1.18417227268219,1428331.0
1990-07-05,1.175986496983497,1.175986496983497,1.1541583275278904,1.159615397453308,1542725.0
1990-07-06,1.1541580229478283,1.175986186643025,1.1541580229478283,1.1705290079116821,790693.0
1990-07-09,1.1678006899773115,1.1732576484546158,1.1596151420153151,1.1623436212539673,1302286.0
1990-07-10,1.1541584523352595,1.159615522850789,1.135058981146096,1.1377874612808228,2552142.0
1990-07-11,1.137787727845667,1.1405163188657335,1.121416732955777,1.1323306560516357,4719266.0
1990-07-12,1.1296017078918206,1.1514296531677246,1.1241446388883105,1.1514296531677246,3207258.0
1990-07-13,1.1541581745245642,1.1759863410864755,1.1541581745245642,1.1650722026824951,2270925.0
1990-07-16,1.1705295672717684,1.1841721898814104,1.1678011970943627,1.1787152290344238,2378434.0
1990-07-17,1.184171771108603,1.1896287300257802,1.162343714947797,1.167800784111023,1367427.0
1990-07-18,1.1623441439943558,1.181443727746646,1.1623441439943558,1.1759867668151855,1389670.0
1990-07-19,1.173258176103366,1.1869007989241958,1.173258176103366,1.1759867668151855,1413502.0
1990-07-20,1.1759867668151855,1.1869007989241958,1.173258176103366,1.1759867668151855,2351954.0
1990-07-23,1.1732577513624556,1.1814433000424163,1.1514296950465936,1.1650722026824951,1577149.0
1990-07-24,1.1596157187912943,1.1596157187912943,1.126873620903906,1.1459732055664062,2806880.0
1990-07-25,1.1432444215502764,1.1459730119310791,1.132330390765293,1.1377874612808228,2288931.0
1990-07-26,1.1323299329468342,1.1350585222244263,1.1241444958521523,1.1350585222244263,1673536.0
1990-07-27,1.132330390765293,1.1459730119310791,1.1296020208766424,1.1377874612808228,1791637.0
1990-07-30,1.1323308689592397,1.1568875312805176,1.1268739063852595,1.1568875312805176,2356720.0
1990-07-31,1.1623437310675568,1.1869003772735596,1.1541581823322227,1.1869003772735596,2512952.0
1990-08-01,1.1869015097249538,1.20600099466928,1.1841729173790598,1.19508695602417,2911211.0
1990-08-02,1.1678011970943627,1.1841721898814104,1.1623441260012883,1.1787152290344238,1647586.0
1990-08-03,1.1732577430282,1.1732577430282,1.151429686867394,1.167800784111023,2821179.0
1990-08-06,1.1296022481470964,1.1405162811279297,1.1241451765336308,1.1405162811279297,1778926.0
1990-08-07,1.1487013846810556,1.1514298645607142,1.1077737455019132,1.1132307052612305,3031960.0
1990-08-08,1.1132305008812902,1.1568867221712347,1.1132305008812902,1.1514296531677246,1920330.0
1990-08-09,1.1514299722005328,1.1514299722005328,1.135058981146096,1.1377874612808228,3084920.0
1990-08-10,1.1405159450420796,1.1405159450420796,1.1132307052612305,1.1132307052612305,1658178.0
1990-08-13,1.1132308712697248,1.12687349319458,1.1077739106966482,1.12687349319458,754680.0
1990-08-14,1.1268737503029915,1.1377877841853812,1.1214167884848503,1.124145269393921,959106.0
1990-08-15,1.1323300770245075,1.1678007499322096,1.1323300770245075,1.1514296531677246,1831886.0
1990-08-16,1.1487014920658059,1.1487014920658059,1.135058981146096,1.1377874612808228,1270510.0
1990-08-17,1.1296017598872572,1.135058718895905,1.113230552123162,1.1214162111282349,2962053.0
1990-08-20,1.1159596611617457,1.1405163188657335,1.1159596611617457,1.1323306560516357,2488590.0
1990-08-21,1.1159595617315838,1.121416633039399,1.1050455293620456,1.1105026006698608,1603099.0
1990-08-22,1.1105021852242882,1.11595914424453,1.0723031413444433,1.077760100364685,1880610.0
1990-08-23,1.047746189018791,1.0695742392169332,1.0313752064931936,1.0450176000595093,3642059.0
1990-08-24,1.0532035491378056,1.0613890977965217,1.0313754928785956,1.0368324518203735,4190195.0
1990-08-27,1.053203715333265,1.0886742847902218,1.053203715333265,1.072303295135498,1320822.0
1990-08-28,1.0750319040330496,1.0804889752964417,1.0422899174370612,1.0504753589630127,1606277.0
1990-08-29,1.0422896596475326,1.0941312174742832,1.0395610695676534,1.0750316381454468,1564968.0
1990-08-30,1.0750315712706955,1.0995882189856252,1.0613891729502738,1.0668461322784424,2104630.0
1990-08-31,1.0641177622146054,1.0723034233901267,1.0477467706018022,1.0695748329162598,2293698.0
1990-09-04,1.055932211285164,1.0695748329162598,1.0477467706018022,1.0695748329162598,1825002.0
1990-09-05,1.0695749430157486,1.0723035337704903,1.0504753589630127,1.0504753589630127,1418798.0
1990-09-06,1.0504749594208675,1.0532035491378056,1.0368324518203735,1.0368324518203735,1191070.0
1990-09-07,1.0368328369924227,1.0586609013605197,1.0368328369924227,1.0532039403915405,1688894.0
1990-09-10,1.0723031864787602,1.0750315558576702,1.036832510369989,1.0477465391159058,1866310.0
1990-09-11,1.0477464799499785,1.0477464799499785,1.0341039723494847,1.0368324518203735,1817587.0
1990-09-12,1.0395612716674805,1.0422898622778218,1.0313758305747123,1.0395612716674805,3231619.0
1990-09-13,1.0395612716674805,1.0586608547094432,1.0368327913032245,1.0395612716674805,2586037.0
1990-09-14,1.036832510369989,1.0477465391159058,1.0341040307450236,1.0477465391159058,1179419.0
1990-09-17,1.0450182784458915,1.0532039403915405,1.0368328369924227,1.0532039403915405,2588155.0
1990-09-18,1.0477464451135594,1.0695745006470105,1.0422894863532195,1.064117431640625,1382256.0
1990-09-19,1.0613890625065006,1.0695745006470105,1.0559318832540694,1.064117431640625,1418798.0
1990-09-20,1.0586609013605197,1.0613894920910993,1.0504753496609607,1.0532039403915405,1420387.0
1990-09-21,1.0695752425029748,1.0832177591123016,1.0586612071662889,1.0804892778396606,2868843.0
1990-09-24,1.0777607965670197,1.0832177591123016,1.0695752425029748,1.0804892778396606,2096157.0
1990-09-25,1.0804889301201648,1.105045474163469,1.0777604497255946,1.0995885133743286,2211610.0
1990-09-26,1.0968602416310371,1.121416903059947,1.094131760443198,1.1050457954406738,2867784.0
1990-09-27,1.1159592953869548,1.1214163653923377,1.1023166754965301,1.1132307052612305,1807525.0
1990-09-28,1.1077730057666064,1.145972139557933,1.1023159394052773,1.1432435512542725,2419742.0
1990-10-01,1.148701448889704,1.2087286710739136,1.148701448889704,1.2087286710739136,3877731.0
1990-10-02,1.216914323766211,1.22782846629375,1.2087288822396933,1.2114572525024414,4191784.0
1990-10-03,1.2123132373990706,1.2150873821213644,1.181797309180287,1.190119743347168,1926155.0
1990-10-04,1.1901194174228698,1.1901194174228698,1.1734744415562912,1.1873453855514526,1520482.0
1990-10-05,1.1651516750843887,1.1928933309261287,1.1568291334954182,1.1845707893371582,1663474.0
1990-10-08,1.1901193026836732,1.2039902453415394,1.1901193026836732,1.2012161016464233,1645997.0
1990-10-09,1.1901198715673484,1.1956683857920858,1.1707007443279458,1.1762491464614868,1832946.0
1990-10-10,1.1762481736286368,1.1817964590821926,1.1457322673607682,1.14850652217865,2729029.0
1990-10-11,1.1512810589217206,1.162377746798081,1.1512810589217206,1.1596037149429321,2017246.0
1990-10-12,1.167926105489437,1.215086999273792,1.1596036739447737,1.192893624305725,2360957.0
1990-10-15,1.1845709163836051,1.2317318036272897,1.1845709163836051,1.2289577722549438,3821064.0
1990-10-16,1.2123127640319535,1.217861163401263,1.1984419337453907,1.2039902210235596,4095397.0
1990-10-17,1.1956682569741242,1.2012165464187115,1.190119743347168,1.190119743347168,2298464.0
1990-10-18,1.176248359839309,1.1901190756690576,1.176248359839309,1.1845707893371582,3608694.0
1990-10-19,1.1928933309261287,1.1956675861832,1.1790225030052588,1.1845707893371582,3822123.0
1990-10-22,1.1762491464614868,1.1845715815250037,1.1707007443279458,1.1762491464614868,2115752.0
1990-10-23,1.1762491464614868,1.1845715815250037,1.165152454285601,1.1762491464614868,1289046.0
1990-10-24,1.1762486976100157,1.1873453855514526,1.1707002975937204,1.1873453855514526,1349950.0
1990-10-25,1.190118979576613,1.190118979576613,1.176248264866812,1.1817965507507324,1456930.0
1990-10-26,1.176249071066536,1.179023215909892,1.1679265244452794,1.1707006692886353,1862603.0
1990-10-29,1.1679267138348497,1.1762492618056803,1.1623783111572266,1.1623783111572266,1510419.0
1990-10-30,1.165152454285601,1.1845715815250037,1.1596041642432566,1.1762491464614868,2115752.0
1990-10-31,1.1928938392263422,1.2095388174057007,1.187345550530279,1.2095388174057007,1583504.0
1990-11-01,1.2067653156407534,1.2178620100021362,1.1956686212793706,1.2178620100021362,3277694.0
1990-11-02,1.2178623965984159,1.2400556802749634,1.2150881380590002,1.2400556802749634,2836538.0
1990-11-05,1.242828691928715,1.2483772039413452,1.2261837163465832,1.2483772039413452,1166179.0
1990-11-06,1.231732588152627,1.2372809907046542,1.231732588152627,1.2345068454742432,884432.0
1990-11-07,1.2345061178639736,1.2372802614593215,1.2150868885142603,1.220635175704956,2421331.0
1990-11-08,1.220635194949207,1.220635194949207,1.1928935343760811,1.2039902210235596,1912386.0
1990-11-09,1.1707006181999278,1.190119743347168,1.1707006181999278,1.190119743347168,5388150.0
1990-11-12,1.1873457675945118,1.206765005763193,1.1873457675945118,1.1984424591064453,2321237.0
1990-11-13,1.190119795283315,1.1956683091524052,1.1707006692886353,1.1707006692886353,3887794.0
1990-11-14,1.1707007443279458,1.1817974365038315,1.1707007443279458,1.1762491464614868,2033664.0
1990-11-15,1.1707007443279458,1.179023291482659,1.165152454285601,1.1762491464614868,1067674.0
1990-11-16,1.1762485675756436,1.1762485675756436,1.1651518808609462,1.1734743118286133,1419858.0
1990-11-19,1.1790235087055587,1.1845717997701186,1.165152668952942,1.165152668952942,1768864.0
1990-11-20,1.1679268144852217,1.1734751055497816,1.1623784113294449,1.165152668952942,2496005.0
1990-11-21,1.1707001681727243,1.1734743118286133,1.1568293378021377,1.1734743118286133,1063437.0
1990-11-23,1.1707001681727243,1.1817968548874216,1.1679260245168352,1.1734743118286133,468696.0
1990-11-26,1.1596042779552262,1.1707008591280574,1.1568300205708109,1.1623783111572266,2044256.0
1990-11-27,1.1651523287553402,1.192894000160646,1.1623780719418624,1.190119743347168,2487531.0
1990-11-28,1.1956677901063062,1.2067644767537846,1.190119278645856,1.2039902210235596,2108867.0
1990-11-29,1.2178604986586483,1.2206345286924483,1.2095378481018513,1.21231210231781,2159709.0
1990-11-30,1.2123133186140833,1.2345067020615756,1.2067650287978062,1.2234100103378296,2631582.0
1990-12-03,1.2234103011372184,1.2261844467047593,1.2150877523433765,1.2178620100021362,1402381.0
1990-12-04,1.220635441164856,1.2428288189364622,1.2178614090573592,1.2317321300506592,1672477.0
1990-12-05,1.2317317856392456,1.2456027269363403,1.2317317856392456,1.2456027269363403,729259.0
1990-12-06,1.2594737796019986,1.265022179523477,1.2456029479350301,1.2483772039413452,1716434.0
1990-12-07,1.2483771723553678,1.256699603890287,1.2400545166381511,1.251151204109192,1045960.0
1990-12-10,1.2511523781588643,1.2511523781588643,1.23450738737864,1.2400556802749634,1141818.0
1990-12-11,1.2345060591819026,1.2372802026453822,1.2178610863098924,1.2289577722549438,1195307.0
1990-12-12,1.234506260183225,1.2483772039413452,1.2261837163465832,1.2483772039413452,2347187.0
1990-12-13,1.2456029479350301,1.2539254917716718,1.242828691928715,1.2483772039413452,787515.0
1990-12-14,1.2483772039413452,1.2511512357653567,1.234506260183225,1.2483772039413452,1171475.0
1990-12-17,1.253925269296371,1.253925269296371,1.2372801845763097,1.2456027269363403,738262.0
1990-12-18,1.2456030447344595,1.2761189664461923,1.2456030447344595,1.2650222778320312,1409795.0
1990-12-19,1.2650216583903808,1.2705699439350586,1.251150720346475,1.2677958011627197,1712726.0
1990-12-20,1.2539260387420654,1.259474328992591,1.2483777484915397,1.2539260387420654,1262037.0
1990-12-21,1.2733448990445144,1.2733448990445144,1.2428289728076727,1.2566999197006226,3263925.0
1990-12-24,1.256699603890287,1.256699603890287,1.2483771723553678,1.251151204109192,501531.0
1990-12-26,1.251151204109192,1.256699603890287,1.2483771723553678,1.251151204109192,765802.0
1990-12-27,1.2511523781588643,1.2511523781588643,1.2400556802749634,1.2400556802749634,897142.0
1990-12-28,1.2372806072235107,1.240054751594107,1.2317322063911478,1.2372806072235107,496235.0
1990-12-31,1.2372806761368547,1.2456032218033581,1.2372806761368547,1.2428289651870728,783808.0
1991-01-02,1.240054751594107,1.253925697629429,1.2317322063911478,1.2372806072235107,1166709.0
1991-01-03,1.2372808469697143,1.2400549918778527,1.220635753338499,1.2234100103378296,3014483.0
1991-01-04,1.21863853931427,1.2299221176237054,1.2129966361794084,1.21863853931427,1561790.0
1991-01-07,1.2101748531701146,1.2158168666745115,1.198891282081604,1.198891282081604,1821824.0
1991-01-08,1.2017118625356054,1.2017118625356054,1.1847863963216019,1.1876072883605957,2815883.0
1991-01-09,1.1988923125549675,1.2158179116957863,1.1735040278239084,1.1791459321975708,1849893.0
1991-01-10,1.1876072883605957,1.1904281803995893,1.181965390302567,1.1876072883605957,1238205.0
1991-01-11,1.1876085260136091,1.1876085260136091,1.181966622075933,1.184787631034851,758917.0
1991-01-14,1.1735032482851526,1.1735032482851526,1.1622195610135628,1.1678614616394043,1193718.0
1991-01-15,1.1650407222100176,1.1735035181045532,1.1650407222100176,1.1735035181045532,476110.0
1991-01-16,1.1706827754369444,1.1706827754369444,1.1537572937925735,1.1565783023834229,831472.0
1991-01-17,1.190428286280079,1.2073538679795388,1.1847865017002932,1.2045328617095947,1870018.0
1991-01-18,1.2101754841185988,1.2383848824676758,1.2101754841185988,1.23556387424469,2961523.0
1991-01-21,1.2242795441693628,1.2468469142913818,1.2214586513991281,1.2468469142913818,1403970.0
1991-01-22,1.2468465910796696,1.2468465910796696,1.1876072883605957,1.1876072883605957,3178130.0
1991-01-23,1.1876077345081433,1.1904286276068594,1.1283684095346844,1.1340101957321167,6856202.0
1991-01-24,1.1424732073767292,1.1565779035264008,1.1396521997587314,1.1509358882904053,6433051.0
1991-01-25,1.1509360872313013,1.1593989975680143,1.1481153070859391,1.153757095336914,3552027.0
1991-01-28,1.1565780938074386,1.165040776113401,1.1537570857253265,1.1622198820114136,2740150.0
1991-01-29,1.1622195995949571,1.167861500408089,1.1565778127619224,1.1650404930114746,2235442.0
1991-01-30,1.1650404930114746,1.167861500408089,1.1509357979686938,1.1650404930114746,3248037.0
1991-01-31,1.165041228253499,1.1791459321975708,1.165041228253499,1.1791459321975708,1853600.0
1991-02-01,1.1791459321975708,1.1904295129845583,1.1735040278239084,1.1791459321975708,1976997.0
1991-02-04,1.184787631034851,1.1876085260136091,1.176324832118417,1.184787631034851,1291694.0
1991-02-05,1.1819656974886967,1.2101748531701146,1.1763239119444415,1.198891282081604,2788344.0
1991-02-06,1.2017120316257852,1.2383840892129103,1.19889113918987,1.232742190361023,3383614.0
1991-02-07,1.2440261022419763,1.2694144807616707,1.2412050953086249,1.249668002128601,2907504.0
1991-02-08,1.2412059799793667,1.2609524726867676,1.2355641900516288,1.2609524726867676,1988118.0
1991-02-11,1.2581306831834995,1.2919817406220744,1.2581306831834995,1.2891608476638794,2434042.0
1991-02-12,1.2835198603580376,1.2863408693020657,1.2609524726867676,1.2609524726867676,2124755.0
1991-02-13,1.2553107758993531,1.283519955591398,1.2524897667460144,1.2778781652450562,1565498.0
1991-02-14,1.2750568889672054,1.2863405802674486,1.2440267093965034,1.2637730836868286,1822883.0
1991-02-15,1.2694150505503423,1.2806986274281733,1.252489343293208,1.2750568389892578,2014598.0
1991-02-19,1.2750563689966719,1.2750563689966719,1.2581307819585283,1.2665935754776,1555435.0
1991-02-20,1.2553103619049397,1.2553103619049397,1.2299219717788485,1.23556387424469,2123696.0
1991-02-21,1.2327429800018344,1.23556387424469,1.2271011915161232,1.23556387424469,1803288.0
1991-02-22,1.2299216286273316,1.2412053164307042,1.2271008491516113,1.2271008491516113,1072440.0
1991-02-25,1.232743126181208,1.2383850293160696,1.21863853931427,1.21863853931427,1187363.0
1991-02-26,1.2186383553891196,1.2186383553891196,1.2045336566708142,1.2073546648025513,1190541.0
1991-02-27,1.2073548470246909,1.2242803284689878,1.2073548470246909,1.21863853931427,1712197.0
1991-02-28,1.2214591594506061,1.2242800533941582,1.2101753557161612,1.2129963636398315,1790048.0
1991-03-01,1.2101744017999856,1.2214581966400146,1.2101744017999856,1.2214581966400146,1883258.0
1991-03-04,1.2214591594506061,1.2327428492049328,1.2129963636398315,1.2129963636398315,1785282.0
1991-03-05,1.2158171126468449,1.2355634800267026,1.2158171126468449,1.229921579360962,1976467.0
1991-03-06,1.2412052667123494,1.2440262740352668,1.224279792675315,1.229921579360962,2826475.0
1991-03-07,1.2186373049200216,1.2271000940600292,1.2186373049200216,1.2214581966400146,2470584.0
1991-03-08,1.2214586409226829,1.2299213191608027,1.215816855430603,1.215816855430603,1587211.0
1991-03-11,1.215816855430603,1.218637748176643,1.2101748419783838,1.215816855430603,860070.0
1991-03-12,1.2129956525593246,1.2214584434090545,1.196070184839916,1.2045328617095947,2305878.0
1991-03-13,1.2073545757527273,1.215817371563502,1.1988917799419527,1.2129963636398315,1147643.0
1991-03-14,1.215817371563502,1.2271010613178286,1.2073545757527273,1.2129963636398315,2158650.0
1991-03-15,1.2186380548040572,1.2271008491516113,1.2101751464764046,1.2271008491516113,3671187.0
1991-03-18,1.2214594578968974,1.2553105354309082,1.2214594578968974,1.2553105354309082,2181952.0
1991-03-19,1.2412048676687684,1.249667772936628,1.2242793990732204,1.232742190361023,1691013.0
1991-03-20,1.2186380548040572,1.2383845369549842,1.2186380548040572,1.2271008491516113,1825531.0
1991-03-21,1.2299210688209772,1.2383839732966853,1.2214583923053621,1.2242792844772339,1815469.0
1991-03-22,1.2186373049200216,1.2271000940600292,1.2129954075000071,1.2214581966400146,1133344.0
1991-03-25,1.2271011915161232,1.2383848824676758,1.2271011915161232,1.23556387424469,1020010.0
1991-03-26,1.2383844157208108,1.2665935754776,1.2383844157208108,1.2665935754776,1761979.0
1991-03-27,1.2694150354400613,1.2722358156458131,1.24684754001264,1.2524893283843994,1230790.0
1991-03-28,1.255309888778867,1.272235361836923,1.255309888778867,1.2665935754776,1316586.0
1991-04-01,1.2637734908395208,1.2637734908395208,1.227101624774242,1.2383853197097778,3193488.0
1991-04-02,1.2383850536539758,1.258131430063706,1.2383850536539758,1.2553105354309082,1732851.0
1991-04-03,1.2665943765946648,1.2665943765946648,1.2524896738150015,1.2609524726867676,2464758.0
1991-04-04,1.262444925059438,1.2681833706285741,1.2509681498517013,1.2567065954208374,2774574.0
1991-04-05,1.250967444596131,1.2567058869301162,1.2251447439193726,1.2251447439193726,1682010.0
1991-04-08,1.2280147277465312,1.2280147277465312,1.2107995067961097,1.2165379524230957,1509360.0
1991-04-09,1.2107987743185677,1.2165372164740604,1.2050604480935416,1.2079296112060547,1713256.0
1991-04-10,1.207930274990291,1.2136686043686553,1.1993227809227445,1.2021918296813965,2644293.0
1991-04-11,1.202192318978449,1.2222767118382118,1.202192318978449,1.2107999324798584,2653826.0
1991-04-12,1.2136686716443343,1.2194071172713203,1.2021918963208988,1.2165379524230957,1759331.0
1991-04-15,1.2165372543140998,1.2251447439193726,1.2165372543140998,1.2251447439193726,1359483.0
1991-04-16,1.2194064175158574,1.2251447439193726,1.2136679751818722,1.2251447439193726,3824242.0
1991-04-17,1.2194076639511673,1.2423612248884848,1.2165384978166498,1.2394920587539673,3205139.0
1991-04-18,1.233751798106422,1.2480978395650784,1.2280134742672941,1.2423593997955322,3142117.0
1991-04-19,1.2394920587539673,1.2480996730881084,1.2394920587539673,1.2394920587539673,3724147.0
1991-04-22,1.239490963357448,1.239490963357448,1.230883240699768,1.230883240699768,2320707.0
1991-04-23,1.2394913623767383,1.2394913623767383,1.228014588356018,1.228014588356018,2414976.0
1991-04-24,1.2337530213560495,1.2394914668151875,1.2136686361448656,1.219407081604004,1415091.0
1991-04-25,1.2165379524230957,1.2222762821195452,1.2107995067961097,1.2165379524230957,1897027.0
1991-04-26,1.210799199951379,1.2251451364874448,1.210799199951379,1.222275972366333,1391259.0
1991-04-29,1.2194063795865735,1.228013984854579,1.2079296112060547,1.2079296112060547,1707430.0
1991-04-30,1.207929648778357,1.2251447439193726,1.207929648778357,1.2251447439193726,1534781.0
1991-05-01,1.2165378143352978,1.2337529174011166,1.2165378143352978,1.228014588356018,1392848.0
1991-05-02,1.2280147605179408,1.2280147605179408,1.2050612092585198,1.213668704032898,1178360.0
1991-05-03,1.2107994713805632,1.219407081604004,1.2079303066162608,1.219407081604004,1485528.0
1991-05-06,1.2136686716443343,1.2194071172713203,1.2079303419478848,1.2165379524230957,1714315.0
1991-05-07,1.2107987743185677,1.2165372164740604,1.2079296112060547,1.2079296112060547,1954224.0
1991-05-08,1.2107990130873802,1.2136681767656905,1.1878455877304077,1.1878455877304077,2532547.0
1991-05-09,1.184976667475737,1.1878459479546701,1.1648922837758275,1.1677615642547607,4467706.0
1991-05-10,1.162022673754578,1.1677611165820312,1.141938297754212,1.1448075771331787,4174307.0
1991-05-13,1.1476769941390246,1.1591536504685194,1.1390693859613978,1.153415322303772,4225678.0
1991-05-14,1.1534150674786383,1.1534150674786383,1.1333308074087525,1.1448075771331787,3845426.0
1991-05-15,1.144807677411076,1.1534151685104974,1.124723299651446,1.1362000703811646,2516659.0
1991-05-16,1.1419383977807789,1.1419383977807789,1.1333309066813575,1.1362000703811646,1924566.0
1991-05-17,1.136200020899526,1.1505459547042847,1.1333308573246712,1.1505459547042847,2026779.0
1991-05-20,1.1534150674786383,1.1648918372030646,1.1390691343057255,1.1448075771331787,1060259.0
1991-05-21,1.1534156087038476,1.162023219018796,1.150546443909043,1.159153938293457,1742384.0
1991-05-22,1.1620229304813987,1.1677613745766515,1.1505461582213983,1.153415322303772,1122752.0
1991-05-23,1.1620227597580586,1.1648919234188975,1.1419383822712104,1.1476768255233765,1271570.0
1991-05-24,1.1448076618625376,1.1534151528450538,1.1419383822712104,1.1476768255233765,2061733.0
1991-05-28,1.1534150674786383,1.1534150674786383,1.1333308074087525,1.1448075771331787,1938336.0
1991-05-29,1.1448076618625376,1.1476768255233765,1.1362000549495328,1.1476768255233765,2211610.0
1991-05-30,1.1476772780997073,1.1821076033985307,1.1419388325846365,1.1792384386062622,1902853.0
1991-05-31,1.1792379807649873,1.1878455877304077,1.1706302578690777,1.1878455877304077,2094038.0
1991-06-03,1.1878460499636412,1.1935843795532506,1.159153938293457,1.159153938293457,1328237.0
1991-06-04,1.1591536187673737,1.1620228987017824,1.1419385188134337,1.1562845706939697,1031131.0
1991-06-05,1.1562844324363812,1.1677612030102247,1.1448076618625376,1.1476768255233765,1357894.0
1991-06-06,1.1648918372030646,1.1648918372030646,1.1448075771331787,1.1448075771331787,2026250.0
1991-06-07,1.1390691652166338,1.147676771726158,1.136200001690287,1.141938328742981,1259389.0
1991-06-10,1.147676771726158,1.153415098778852,1.141938328742981,1.141938328742981,798637.0
1991-06-11,1.1505457880908274,1.1677609989079474,1.1476766249314634,1.1648917198181152,1561790.0
1991-06-12,1.1562846023166513,1.1591536504685194,1.1448078300566509,1.153415322303772,1553317.0
1991-06-13,1.1534149512501912,1.1734993252266752,1.1534149512501912,1.1648917198181152,1480232.0
1991-06-14,1.162022434762522,1.199322015643398,1.162022434762522,1.1964527368545532,2145939.0
1991-06-17,1.1878460489136016,1.1935843784981384,1.1792384386062622,1.1792384386062622,1011006.0
1991-06-18,1.179238387090249,1.190715045757955,1.1734999418258667,1.1734999418258667,1372194.0
1991-06-19,1.1706307134032101,1.1706307134032101,1.1562848894291866,1.159153938293457,1159824.0
1991-06-20,1.1562848697063435,1.1734999741120664,1.1562848697063435,1.170630693435669,1424624.0
1991-06-21,1.170630661228411,1.1821075517571755,1.1648923318945579,1.1734999418258667,2716318.0
1991-06-24,1.1677616446203363,1.1734999741120664,1.1591539185216762,1.170630693435669,1643349.0
1991-06-25,1.1706307123683886,1.1792384386062622,1.1677616635066546,1.1792384386062622,1289576.0
1991-06-26,1.1792382490964322,1.190714906421146,1.1792382490964322,1.184976577758789,1962698.0
1991-06-27,1.1878461037792238,1.213668704032898,1.1878461037792238,1.213668704032898,2223261.0
1991-06-28,1.199322711269479,1.2308836369480438,1.199322711269479,1.228014588356018,1873725.0
1991-07-01,1.2308837642555281,1.259575876170673,1.2308837642555281,1.2567065954208374,2192014.0
1991-07-02,1.2538361634042063,1.2567053253237703,1.2394902378759682,1.2423593997955322,3685486.0
1991-07-03,1.2438802027886637,1.2497200763218468,1.2292806959251463,1.2380404472351074,1659237.0
1991-07-05,1.2322005737019246,1.2438802027886637,1.2322005737019246,1.2380404472351074,962283.0
1991-07-08,1.229279468325461,1.2467988354703292,1.2175998509023793,1.243878960609436,1542195.0
1991-07-09,1.240959882736206,1.2467996362084857,1.235120011284342,1.240959882736206,2428216.0
1991-07-10,1.249719453366333,1.2672388292736352,1.249719453366333,1.2555592060089111,2363075.0
1991-07-11,1.2613996267318726,1.2613996267318726,1.2526397579886603,1.2613996267318726,2800525.0
1991-07-12,1.2643187046051025,1.273078331848336,1.2555589593823244,1.2643187046051025,1634346.0
1991-07-15,1.2643190503994384,1.2789185511107046,1.2643190503994384,1.2730786800384521,1234498.0
1991-07-16,1.2789190102794394,1.2789190102794394,1.2526397579886603,1.2613996267318726,1823413.0
1991-07-17,1.2555594076497472,1.2643191559999836,1.2526394128799438,1.2526394128799438,666766.0
1991-07-18,1.2526392374957993,1.2672388553619385,1.2526392374957993,1.2672388553619385,1156646.0
1991-07-19,1.2672388292736352,1.2701588235744918,1.2555592060089111,1.2555592060089111,1345714.0
1991-07-22,1.2555596387199015,1.2555596387199015,1.2292805068124308,1.2322003841400146,906675.0
1991-07-23,1.2380401629195057,1.2380401629195057,1.2117609150246451,1.2146809101104736,1924037.0
1991-07-24,1.2205207688215745,1.2234405279159546,1.217600773767998,1.2234405279159546,2202077.0
1991-07-25,1.223440599333305,1.2322003490461817,1.2205208400684864,1.2292804718017578,942688.0
1991-07-26,1.2380402215146344,1.2555596029607825,1.2292804718017578,1.2292804718017578,3401621.0
1991-07-29,1.2292806959251463,1.2438802027886637,1.2263608181483683,1.2380404472351074,1781045.0
1991-07-30,1.2380401130264393,1.2497197389602661,1.2351201180582867,1.2497197389602661,1097331.0
1991-07-31,1.2555597535629375,1.2613996267318726,1.2526397579886603,1.2613996267318726,1332474.0
1991-08-01,1.258479200309768,1.261399076631057,1.2526392117080543,1.2555592060089111,2482765.0
1991-08-02,1.261399102599139,1.275998602485708,1.261399102599139,1.2672388553619385,2131640.0
1991-08-05,1.2643193719797263,1.273079003846757,1.2613994946907163,1.2701592445373535,1605747.0
1991-08-06,1.2701583571003054,1.2847577333450317,1.2643184886228904,1.2847577333450317,1772042.0
1991-08-07,1.2818388716730011,1.2905985035400316,1.2672392492687365,1.2701592445373535,1522600.0
1991-08-08,1.2672392492687365,1.275998999115374,1.2643193719797263,1.2701592445373535,985056.0
1991-08-09,1.2672383638718356,1.2876777265735015,1.2672383638718356,1.2847577333450317,1804877.0
1991-08-12,1.2818381038081865,1.2847578613685553,1.2759982347488403,1.2759982347488403,859011.0
1991-08-13,1.2759984931134631,1.2759984931134631,1.2497193719742403,1.258479118347168,2562205.0
1991-08-14,1.2643195043265305,1.2672393819211885,1.2555597535629375,1.2613996267318726,1891731.0
1991-08-15,1.2584797491372146,1.2672393819211885,1.2555597535629375,1.2613996267318726,2450459.0
1991-08-16,1.2672385970379778,1.2672385970379778,1.238039603216994,1.2467992305755615,2037371.0
1991-08-19,1.2059206499870159,1.2234400231828249,1.2030007741176394,1.211760401725769,1372194.0
1991-08-20,1.2205207688215745,1.2263605229695311,1.2146808966940195,1.2234405279159546,1852541.0
1991-08-21,1.2322004968464355,1.2672393819211885,1.2205209864678035,1.2613996267318726,1411914.0
1991-08-22,1.2672387467405355,1.270158740851218,1.2526391301258029,1.258479118347168,786986.0
1991-08-23,1.2613987390697794,1.2789181102887455,1.2584788635298745,1.2759982347488403,1224965.0
1991-08-26,1.2730780711634095,1.2905975580215454,1.2672383208637112,1.2905975580215454,912501.0
1991-08-27,1.287679127579134,1.2935190024103813,1.278919374322089,1.281839370727539,81029.0
1991-08-28,1.2789179828471413,1.2876777265735015,1.2730781143697263,1.2847577333450317,2274102.0
1991-08-29,1.2818389770608116,1.2935186051567127,1.2759991040230527,1.278918981552124,1202192.0
1991-08-30,1.2730781143697263,1.2905976018224468,1.2730781143697263,1.2847577333450317,699602.0
1991-09-03,1.2935179821826643,1.30811736279678,1.2905979880802814,1.2964377403259277,1582445.0
1991-09-04,1.3022778153616446,1.3022778153616446,1.2818385613078214,1.2935181856155396,1069262.0
1991-09-05,1.2964377403259277,1.311037356899163,1.2935179821826643,1.2964377403259277,1563379.0
1991-09-06,1.3022786717221972,1.313958421689937,1.2935190362158764,1.3051985502243042,1393378.0
1991-09-09,1.3051985502243042,1.3051985502243042,1.2964387967383275,1.3051985502243042,955398.0
1991-09-10,1.3051976919436796,1.3051976919436796,1.2905981910539264,1.2935181856155396,1554376.0
1991-09-11,1.296437723121633,1.3168770916692754,1.296437723121633,1.3139573335647583,1696309.0
1991-09-12,1.3168776617319407,1.3314772844314575,1.3110379070358211,1.3314772844314575,1879550.0
1991-09-13,1.3314778106822345,1.3314778106822345,1.2964387967383275,1.3051985502243042,1523130.0
1991-09-16,1.3051977403712303,1.3197973597822603,1.3022778636808572,1.3168773651123047,1608925.0
1991-09-17,1.316877877690482,1.3285575069777056,1.316877877690482,1.3197978734970093,1219139.0
1991-09-18,1.3197969025900278,1.3373162746429443,1.3139571512322363,1.3373162746429443,1461696.0
1991-09-19,1.3343975389128453,1.3431572914123535,1.3314776607395566,1.3431572914123535,1320293.0
1991-09-20,1.3489970444999513,1.3489970444999513,1.313958270545852,1.3227179050445557,4961822.0
1991-09-23,1.3227172364726334,1.3256371131630063,1.3139576064015144,1.3168773651123047,841534.0
1991-09-24,1.322717127091975,1.3256370035408922,1.3051976324393277,1.3081175088882446,1599922.0
1991-09-25,1.3081183945393682,1.3110383909448182,1.2759994958962917,1.281839370727539,2359898.0
1991-09-26,1.2847577333450317,1.2964373523203372,1.281837976075611,1.2847577333450317,1177830.0
1991-09-27,1.2905976018224468,1.3051970960466974,1.2789179828471413,1.2847577333450317,1187363.0
1991-09-30,1.2847591647502437,1.3051985502243042,1.2818394042277925,1.3051985502243042,917267.0
1991-10-01,1.3081182782540983,1.3227179050445557,1.3081182782540983,1.3227179050445557,874370.0
1991-10-02,1.3227180571962578,1.3227180571962578,1.3022786717221972,1.3051985502243042,876488.0
1991-10-03,1.3022783705763596,1.3227177513239081,1.2993584927494608,1.3197978734970093,1106334.0
1991-10-04,1.3183726343664417,1.3213420328939214,1.3005568430800538,1.3124340772628784,1707430.0
1991-10-07,1.3064954970240295,1.3064954970240295,1.2916491031646729,1.2916491031646729,1563379.0
1991-10-08,1.3035265683783739,1.3183729648590086,1.3005571691065188,1.3183729648590088,845771.0
1991-10-09,1.312434720894965,1.3154041208786704,1.2768030008723128,1.279772400856018,1958461.0
1991-10-10,1.2857097712393393,1.3064948320388794,1.282740493978783,1.3064948320388794,1071910.0
1991-10-11,1.306495400183617,1.3124340772628784,1.3005568430800538,1.3124340772628784,727141.0
1991-10-14,1.3183733066386454,1.3243119867461912,1.3154041465485111,1.3213427066802979,622280.0
1991-10-15,1.3272810582124146,1.3450969757592874,1.3272810582124146,1.339158296585083,2110456.0
1991-10-16,1.3421277411701331,1.3421277411701331,1.3272811027245899,1.3302503824234009,1463814.0
1991-10-17,1.3421276961600555,1.3480662553585194,1.3361891369615915,1.339158296585083,3308941.0
1991-10-18,1.3391575945380891,1.371820012933745,1.3391575945380891,1.3629120588302612,2679246.0
1991-10-21,1.3629122702108585,1.368850827217102,1.356973713204615,1.368850827217102,1224435.0
1991-10-22,1.3688506149154653,1.3747892909763473,1.359942780787659,1.3629120588302612,1514656.0
1991-10-23,1.3688515600068896,1.3688515600068896,1.3421279191970825,1.3421279191970825,1156646.0
1991-10-24,1.3480663005677547,1.3480663005677547,1.324311823025779,1.3302503824234009,955928.0
1991-10-25,1.333219737386619,1.3450969757592874,1.3272810582124146,1.339158296585083,1295931.0
1991-10-28,1.3480657577195536,1.368850827217102,1.3480657577195536,1.368850827217102,1199544.0
1991-10-29,1.3718203381963021,1.39854420684306,1.3688509394739694,1.3955748081207275,1973290.0
1991-10-30,1.4074522108023582,1.4133907690032814,1.4015135326257147,1.41042160987854,1621635.0
1991-10-31,1.4133909203674753,1.4282375574111938,1.4104217609247578,1.4282375574111938,2634760.0
1991-11-01,1.434175372123718,1.446052603610731,1.428236816368047,1.4341753721237183,3911096.0
1991-11-04,1.428237511428395,1.428237511428395,1.4015136375955293,1.413390874862671,1956342.0
1991-11-05,1.4193288611119028,1.4252674168606827,1.404482351764282,1.4074516296386719,2259274.0
1991-11-06,1.4044833320328656,1.4282378115589258,1.398544772139228,1.4252684116363525,3280342.0
1991-11-07,1.425268204473991,1.4430840015411377,1.425268204473991,1.4430840015411377,2109397.0
1991-11-08,1.4490228005230814,1.4549613595535513,1.4341761629954328,1.4430840015411377,1714315.0
1991-11-11,1.4430839545034464,1.4490227532918136,1.4282375574111938,1.4282375574111938,1191600.0
1991-11-12,1.4371450993564738,1.440114498138428,1.428237262937737,1.4401144981384277,1918211.0
1991-11-13,1.44011404785506,1.4430832057572247,1.428236816368047,1.4341753721237183,1050197.0
1991-11-14,1.446052603610731,1.446052603610731,1.434175372123718,1.4341753721237183,1468051.0
1991-11-15,1.4312070324572528,1.4341763122815658,1.389636754989624,1.389636754989624,1918741.0
1991-11-18,1.3955752694473975,1.4015138289037237,1.3836980305589996,1.3985446691513062,3326418.0
1991-11-19,1.3836975516812628,1.3866669503575055,1.3450965686471483,1.3747895956039429,2161298.0
1991-11-20,1.3866678164912312,1.4015142192672123,1.383698415960256,1.3926063776016235,2080798.0
1991-11-21,1.3926056953243298,1.41042160987854,1.3866671371234065,1.41042160987854,1614750.0
1991-11-22,1.4074525549881445,1.4074525549881445,1.3540050382066198,1.3658822774887085,2017246.0
1991-11-25,1.359942780787659,1.3747892909763473,1.3450962705989709,1.3629120588302612,2532018.0
1991-11-26,1.3658816686896764,1.3747895041990417,1.339157802234492,1.368850827217102,2971056.0
1991-11-27,1.3688506149154653,1.371820012933745,1.3510348266841752,1.3629120588302612,833590.0
1991-11-29,1.3599438047862424,1.377759726408087,1.3569745245078575,1.3718210458755493,342651.0
1991-12-02,1.3599434208333558,1.380728496889566,1.35400486195322,1.377759337425232,1669299.0
1991-12-03,1.3688506149154653,1.3807278470615514,1.359942780787659,1.3629120588302612,1419858.0
1991-12-04,1.3658824853187799,1.3718210458755493,1.3480665636969353,1.3718210458755493,2264040.0
1991-12-05,1.3658817514698183,1.371820308835972,1.3480658394199505,1.3510351181030273,1442101.0
1991-12-06,1.3450964146532007,1.386666791604355,1.3361885795714021,1.356973648071289,2410210.0
1991-12-09,1.3718203169034042,1.3866669503575055,1.3688509182271615,1.3747895956039429,3142646.0
1991-12-10,1.3718203381963021,1.39854420684306,1.3718203381963021,1.3955748081207275,2051141.0
1991-12-11,1.3926060942821086,1.4015139341354368,1.3866675343798898,1.401513934135437,1868958.0
1991-12-12,1.401513551847026,1.4371452614684037,1.401513551847026,1.4312067031860352,2310115.0
1991-12-13,1.4371452798555038,1.4608998732160647,1.4371452798555038,1.4519919157028198,2074973.0
1991-12-16,1.457930305751135,1.463868863423909,1.4371451139450073,1.4371451139450073,1741854.0
1991-12-17,1.4401137511801836,1.4401137511801836,1.4104207385674832,1.4193285703659058,3506482.0
1991-12-18,1.4222995042800903,1.4312074664298626,1.4193302235554284,1.4222995042800903,2034723.0
1991-12-19,1.4252686593795472,1.454961823936328,1.4222993789166019,1.4460538625717163,2011421.0
1991-12-20,1.4846537653653422,1.5232547395096572,1.4757456913638465,1.4995001554489136,5649243.0
1991-12-23,1.5054394882646813,1.5648255496783976,1.5024700892134202,1.5618561506271362,2149117.0
1991-12-24,1.5618564472328682,1.5618564472328682,1.5262248516082764,1.5262248516082764,1891202.0
1991-12-26,1.5321627203554726,1.5351321186323599,1.4995002991152175,1.5202854871749878,1964286.0
1991-12-27,1.5084086790443836,1.5113780781580088,1.502470120768577,1.5054395198822021,1134403.0
1991-12-30,1.502470360142204,1.529194116592407,1.487623722135877,1.5291941165924072,2974234.0
1991-12-31,1.5262246886179587,1.5351326465606687,1.5173167306752484,1.535132646560669,1989707.0
1992-01-02,1.526225101710115,1.5470103025436401,1.514347861230352,1.5470103025436401,4140413.0
1992-01-03,1.5381019416200647,1.5677952173662062,1.5351327820114862,1.5559178590774536,2480117.0
1992-01-06,1.5574854612350466,1.5665230047696026,1.5454352814662955,1.5574854612350464,2345069.0
1992-01-07,1.5424228151660975,1.5514604814190405,1.5394103003226798,1.5484479665756226,4694904.0
1992-01-08,1.542421579360962,1.5544717508025927,1.5333840420716829,1.542421579360962,1727555.0
1992-01-09,1.5303714079193311,1.5484467259430734,1.5273590172121634,1.542421579360962,2780930.0
1992-01-10,1.5363967402920573,1.5424217658801602,1.5183214200825355,1.521333932876587,1902853.0
1992-01-13,1.5183213949203491,1.521333907664476,1.5062713439438415,1.5183213949203491,1894379.0
1992-01-14,1.5092836618423464,1.5153088087612936,1.4942210988514752,1.5092836618423462,2674480.0
1992-01-15,1.500246304882939,1.5032588178442323,1.4731334447860718,1.4731334447860718,2663888.0
1992-01-16,1.4701219593374422,1.4731344744042734,1.4580716556247204,1.4671093225479126,4924221.0
1992-01-17,1.4731335660079845,1.4942214019175508,1.464095782935172,1.4881962537765503,2558498.0
1992-01-20,1.479158925328563,1.4821715609384045,1.4701213836669922,1.4701213836669922,2430334.0
1992-01-21,1.4701202545313286,1.4942205905637294,1.4640949879393923,1.4912079572677612,1890672.0
1992-01-22,1.4942227073367567,1.503260254859924,1.488197553931915,1.5032602548599243,2104101.0
1992-01-23,1.4942226988303846,1.4972350929315614,1.46108465959923,1.485184907913208,1318174.0
1992-01-24,1.4761473604414896,1.4942226988303846,1.4731348446175836,1.485184907913208,1356835.0
1992-01-27,1.4942221641540527,1.5032597083918737,1.4881970129394864,1.4942221641540527,1299109.0
1992-01-28,1.5002471936459334,1.5092847378837544,1.4942221641540527,1.4942221641540527,1179419.0
1992-01-29,1.4851834966312452,1.500246304882939,1.4671082971408715,1.4731334447860718,1956872.0
1992-01-30,1.473133398333279,1.4881960843873827,1.47012088546698,1.4821710586547852,1396026.0
1992-01-31,1.4881962269195577,1.4912087400743803,1.4520457038938224,1.455058217048645,1389670.0
1992-02-03,1.4520463709306095,1.455058885469312,1.4399961910531214,1.4490338563919067,1354717.0
1992-02-04,1.452046368826457,1.4640964269638064,1.4430087035007684,1.4640964269638062,1815998.0
1992-02-05,1.4701209318247785,1.4881961313151522,1.4671082971408715,1.4731334447860718,1734970.0
1992-02-06,1.4701210262680007,1.4701210262680007,1.4490331907389997,1.455058217048645,1014184.0
1992-02-07,1.4580707742263213,1.4580707742263213,1.3857698477145233,1.4158952236175537,3515485.0
1992-02-10,1.4309587447181535,1.4550589843888635,1.427946108251965,1.446021318435669,2542080.0
1992-02-11,1.4490335430113581,1.4701213836669922,1.4460209074015167,1.4701213836669922,1435746.0
1992-02-12,1.4701211941631556,1.4791587346597554,1.4580708967224185,1.4761462211608887,1131755.0
1992-02-13,1.470121725317221,1.4761467544917934,1.4339710633790685,1.4520463943481445,1458518.0
1992-02-14,1.4399961910531214,1.455058885469312,1.4369836765144188,1.4490338563919067,935803.0
1992-02-18,1.4520464574209453,1.467109152734337,1.4038457350399443,1.4128834009170532,1416150.0
1992-02-19,1.421921108589985,1.4309588972291085,1.4068585332671073,1.418908715248108,1534781.0
1992-02-20,1.418908715248108,1.421921108589985,1.4068585332671073,1.418908715248108,1949458.0
1992-02-21,1.4038456490256803,1.409870799815484,1.3737202602446932,1.3857704401016235,3674894.0
1992-02-24,1.3857699177299372,1.4038451198404722,1.3857699177299372,1.3948074579238892,1609454.0
1992-02-25,1.3917953968048093,1.397820547281346,1.379745217574407,1.3917953968048096,1557024.0
1992-02-26,1.3978200000221905,1.4339704018375186,1.3978200000221905,1.4279453754425049,2080798.0
1992-02-27,1.427944998309495,1.4399951696395876,1.4158948269794023,1.4399951696395874,1339888.0
1992-02-28,1.4460205558615558,1.4580707302034674,1.443008042706733,1.455058217048645,2129522.0
1992-03-02,1.4580718370382577,1.4610844742026203,1.4399966226656509,1.4430091381072998,1590389.0
1992-03-03,1.4490331907389997,1.4550582170486448,1.443008042706733,1.455058217048645,2211610.0
1992-03-04,1.4550586507980843,1.4550586507980843,1.430958416652661,1.4339708089828491,1308642.0
1992-03-05,1.4219197903078242,1.4249324243020423,1.3978195704121796,1.4038445949554443,1496650.0
1992-03-06,1.409870077835675,1.4189077385309499,1.3978199041495134,1.4008322954177856,1621106.0
1992-03-09,1.4038458964798333,1.421921108589985,1.4008332596925592,1.418908715248108,933155.0
1992-03-10,1.4189073997587773,1.4309575705678925,1.4008319609612263,1.4038445949554443,2164475.0
1992-03-11,1.4038451198404722,1.4068577549610872,1.3737197424153702,1.3948074579238892,1985470.0
1992-03-12,1.3917947783537585,1.3917947783537585,1.3797446044779118,1.3887821435928345,1108982.0
1992-03-13,1.3948069364179616,1.4068572289496624,1.3857693996030644,1.4038445949554443,1061318.0
1992-03-16,1.3978205643737749,1.4098707437515259,1.394807928237333,1.4098707437515259,891317.0
1992-03-17,1.4068585332671073,1.4309588972291085,1.4068585332671073,1.418908715248108,1857307.0
1992-03-18,1.4158947657645595,1.4219197903078242,1.4008319609612263,1.4038445949554443,2137466.0
1992-03-19,1.4038457350399443,1.4158959156351945,1.3978207056036613,1.4128834009170532,1270510.0
1992-03-20,1.4098701971259975,1.4158952236175537,1.3917948742060793,1.4158952236175537,2530958.0
1992-03-23,1.412883400917053,1.412883400917053,1.4038457350399443,1.4128834009170532,1015243.0
1992-03-24,1.4158957725790653,1.418908408715507,1.406858229337756,1.4098707437515259,3200373.0
1992-03-25,1.4068575648447883,1.409870077835675,1.3978199041495134,1.4008322954177856,1787930.0
1992-03-26,1.4068578481674194,1.4098703617649868,1.4008325775270065,1.4068578481674194,1226554.0
1992-03-27,1.4038453814266398,1.41288304502726,1.3948077178260199,1.3978203535079956,1543784.0
1992-03-30,1.4068580171086158,1.4068580171086158,1.3978203535079956,1.3978203535079956,1432568.0
1992-03-31,1.3978206199585537,1.40083301276944,1.3857704401016235,1.3857704401016235,1229202.0
1992-04-01,1.3827570957498505,1.4008322954177854,1.3827570957498505,1.4008322954177856,1250915.0
1992-04-02,1.40083301276944,1.40083301276944,1.3767327747782565,1.3857704401016235,2144350.0
1992-04-03,1.38275773195134,1.3948079111817424,1.376732703197474,1.3917953968048096,852126.0
1992-04-06,1.3940374573569785,1.4308034131810803,1.3940374573569785,1.4277395009994507,1971171.0
1992-04-07,1.4277409099357572,1.4461237821941302,1.4154856204986572,1.4154856204986572,3137880.0
1992-04-08,1.4093571570298133,1.4124208227315413,1.3879103829674304,1.3940379619598389,2666536.0
1992-04-09,1.3971019042924309,1.4154847654462623,1.3940379909380598,1.406293272972107,2226968.0
1992-04-10,1.4154848426531559,1.4399954080581665,1.4154848426531559,1.4399954080581665,3681250.0
1992-04-13,1.4399958297802462,1.4828892699036909,1.433868248531692,1.4706339836120605,2096157.0
1992-04-14,1.4798255236758637,1.4982085155620806,1.4798255236758637,1.4951447248458862,2545787.0
1992-04-15,1.4951442724932082,1.513527135023204,1.4920803589094687,1.504335641860962,2805821.0
1992-04-16,1.513527018920161,1.5165908084743882,1.5012717369087736,1.5073994398117065,2769278.0
1992-04-20,1.501271171818099,1.5227178144194775,1.4951435950161143,1.5165902376174927,3504363.0
1992-04-21,1.5165920184377817,1.5288473102266535,1.5074006424420612,1.5104643106460571,1792696.0
1992-04-22,1.510464213017204,1.53191112700473,1.5043366294161131,1.5257834196090698,2029427.0
1992-04-23,1.5288465052841207,1.5349740860550771,1.522718800718652,1.5319104194641113,1695779.0
1992-04-24,1.5319098367335553,1.5411012043936414,1.522718221484539,1.5349735021591187,1761979.0
1992-04-27,1.5319099847998843,1.5502928456913119,1.5257822819730904,1.5472289323806763,2246563.0
1992-04-28,1.5564202960667057,1.5564202960667057,1.5319098581690451,1.544165015220642,2766630.0
1992-04-29,1.5472293713915022,1.5502932855714928,1.5288465052841207,1.5319104194641113,2906445.0
1992-04-30,1.531911252615448,1.5380388367189766,1.5227196288709957,1.528847336769104,4305118.0
1992-05-01,1.5257835447173398,1.5380388367189766,1.5257835447173398,1.528847336769104,1241382.0
1992-05-04,1.531911252615448,1.5380388367189766,1.5257835447173398,1.528847336769104,2085565.0
1992-05-05,1.528846839243901,1.53191075409317,1.519655466079712,1.519655466079712,1197426.0
1992-05-06,1.5257830481891712,1.5349744213533603,1.5135277601757133,1.519655466079712,863778.0
1992-05-07,1.519655071472765,1.525782651991083,1.4982082920696373,1.5012720823287964,879666.0
1992-05-08,1.5135281286123188,1.5288472114096152,1.510464213017204,1.5257834196090698,1722789.0
1992-05-11,1.525782701346074,1.5319104058571142,1.5196551206295452,1.5227187871932983,1330885.0
1992-05-12,1.5257821976860122,1.5257821976860122,1.5012716353218003,1.5135269165039062,927859.0
1992-05-13,1.5165912064767695,1.525782701346074,1.5104635019657293,1.5227187871932983,1806995.0
1992-05-14,1.531910591852115,1.5564210414886475,1.5227189720723102,1.5564210414886475,2480646.0
1992-05-15,1.5564202960667057,1.5564202960667057,1.5380374366948435,1.544165015220642,1885906.0
1992-05-18,1.556419270178788,1.5625469684600828,1.5533556067297187,1.562546968460083,836238.0
1992-05-19,1.559483181216628,1.5656107557035377,1.556419270178788,1.562546968460083,1649174.0
1992-05-20,1.559484209124072,1.559484209124072,1.5441650152206419,1.544165015220642,1971171.0
1992-05-21,1.5441645808152882,1.5441645808152882,1.5135264492165006,1.5165902376174927,1027954.0
1992-05-22,1.516590705850815,1.5196546189921942,1.510463003362527,1.5135269165039062,870133.0
1992-05-26,1.516591119599586,1.516591119599586,1.4706337716802185,1.4828890562057495,2872021.0
1992-05-27,1.4859530072384939,1.5104634531062735,1.4828890931848278,1.5012720823287964,1179949.0
1992-05-28,1.4951449610992917,1.498208752299607,1.4767619663083096,1.4920810461044312,2028368.0
1992-05-29,1.4920808961890812,1.5074000982405666,1.476761817932129,1.476761817932129,1521011.0
1992-06-01,1.4767617277046505,1.4920808050256351,1.4736979369993586,1.4890168905258179,1519952.0
1992-06-02,1.492080765571044,1.4951446799898431,1.4706339836120608,1.4706339836120605,1578208.0
1992-06-03,1.4736978980308597,1.4767616886551367,1.4675701929877836,1.4706339836120605,1420917.0
1992-06-04,1.4675701929877836,1.4736978980308597,1.4645064023635066,1.4706339836120605,1025835.0
1992-06-05,1.4706334085539094,1.4951440953473385,1.4706334085539094,1.4798249006271362,1419858.0
1992-06-08,1.485952881375663,1.4982081651687622,1.485952881375663,1.4982081651687622,1130166.0
1992-06-09,1.4982081651687622,1.5043357451680635,1.4920804613749643,1.4982081651687622,870133.0
1992-06-10,1.495144810876098,1.498208601768582,1.476761817932129,1.476761817932129,1705842.0
1992-06-11,1.489016230345224,1.5135269165039062,1.4767610729575884,1.5135269165039062,1684128.0
1992-06-12,1.513527018920161,1.519654721823094,1.5043355264630007,1.5073994398117065,1021598.0
1992-06-15,1.5012716353218003,1.5196546189921942,1.4920801434866031,1.5135269165039062,1033779.0
1992-06-16,1.5073988724145158,1.5257817266149019,1.5073988724145158,1.5165902376174927,828824.0
1992-06-17,1.5104634531062735,1.5104634531062735,1.492080587756812,1.5012720823287964,2713141.0
1992-06-18,1.4982085155620806,1.5043360969944692,1.4798255236758637,1.4951447248458862,2417094.0
1992-06-19,1.498209142651763,1.5165920184377817,1.498209142651763,1.5104643106460571,1558613.0
1992-06-22,1.5043356418609621,1.5043356418609621,1.4890164453257293,1.504335641860962,937922.0
1992-06-23,1.5043357176121637,1.5043357176121637,1.4859528541564941,1.4859528541564941,1169886.0
1992-06-24,1.4890172065728522,1.492081121722992,1.4645067519335966,1.4675705432891846,2220613.0
1992-06-25,1.4614427064263926,1.467570288071954,1.4553151247808314,1.458378791809082,1418269.0
1992-06-26,1.4583790454278691,1.4706343346447728,1.4583790454278691,1.4675705432891846,1417210.0
1992-06-29,1.4675698669063302,1.4920804340435525,1.4675698669063302,1.4859528541564941,1226554.0
1992-06-30,1.4920808103351664,1.4982085155620806,1.4920808103351664,1.4951447248458862,1433098.0
1992-07-01,1.4951452540144772,1.5257834196090698,1.4920813384193623,1.5257834196090698,1767275.0
1992-07-02,1.5288462912768306,1.5472291548109862,1.5257825013202204,1.5411015748977661,1492413.0
1992-07-06,1.5651620114718952,1.5900552497577287,1.5651620114718952,1.5869436264038086,2057496.0
1992-07-07,1.593166873111649,1.605613492254566,1.5838320030498882,1.5869436264038086,2658062.0
1992-07-08,1.5838313869461902,1.5900546312332153,1.5807196390754912,1.5900546312332153,2035253.0
1992-07-09,1.5931662533767277,1.5993896233909393,1.5900546312332153,1.5900546312332153,1213314.0
1992-07-10,1.590054701969369,1.590054701969369,1.5776082128416167,1.5807197093963623,1221258.0
1992-07-13,1.577608585357666,1.5838318313910187,1.5713850878698694,1.577608585357666,942158.0
1992-07-14,1.5744963185664036,1.586942932265094,1.5744963185664036,1.5838313102722168,799696.0
1992-07-15,1.5838312964247088,1.6025011539459229,1.5807195487318568,1.6025011539459229,1306523.0
1992-07-16,1.599390168089415,1.642953395843506,1.5962785448861883,1.6429533958435059,2345069.0
1992-07-17,1.63984164691305,1.6491766422499594,1.6273950283729137,1.6429533958435059,2208432.0
1992-07-20,1.6305059404267122,1.6367291841188814,1.6211710748884582,1.6273943185806274,1857307.0
1992-07-21,1.6336178730800148,1.6367294955181075,1.6118362645589699,1.6180596351623535,2007714.0
1992-07-22,1.624284269334742,1.624284269334742,1.6087261438369749,1.608726143836975,2095627.0
1992-07-23,1.60872467057731,1.6149479150772095,1.605612922600169,1.6149479150772095,1143936.0
1992-07-24,1.6087261438369749,1.6211727699624945,1.6025027679105621,1.608726143836975,1631168.0
1992-07-27,1.6118359578958548,1.6305059404267122,1.6118359578958548,1.6273943185806274,735085.0
1992-07-28,1.6242840462853643,1.6305074213571729,1.6149491722685845,1.621172547340393,1979645.0
1992-07-29,1.6336183323603142,1.6522883236922035,1.6336183323603142,1.6367299556732178,3445048.0
1992-07-30,1.6367290226621827,1.6398407699284807,1.6273941580447753,1.6336174011230469,2306938.0
1992-07-31,1.627394583781386,1.6398411989212038,1.6242828357010353,1.6398411989212036,1300168.0
1992-08-03,1.6367289237400484,1.6429524178965031,1.6273940596868302,1.6305056810379028,1516245.0
1992-08-04,1.6336183323603142,1.6367299556732178,1.627395085734507,1.6367299556732178,1031131.0
1992-08-05,1.6367298979825937,1.6491766422499594,1.6305066515761404,1.6429533958435059,1275277.0
1992-08-06,1.6460639135204211,1.6460639135204211,1.6211708169846848,1.6305056810379028,1641230.0
1992-08-07,1.6305059404267122,1.6429526792654,1.6273943185806274,1.6273943185806274,1405029.0
1992-08-10,1.6242828369140627,1.6273945849967373,1.6149479698476243,1.6242828369140625,1629050.0
1992-08-11,1.633618274779367,1.642953395843506,1.6211717819664604,1.6429533958435059,1206958.0
1992-08-12,1.6398407699284807,1.6491757602730501,1.6336174011230469,1.6336174011230469,1349950.0
1992-08-13,1.6367298979825937,1.6460648933195032,1.633618274779367,1.6429533958435059,1560202.0
1992-08-14,1.6522874439270656,1.6771806686302937,1.6491758222709538,1.6740690469741821,1718022.0
1992-08-17,1.6771806590894216,1.7145204959318512,1.6771806590894216,1.7082972526550293,3342835.0
1992-08-18,1.708297000451135,1.7145202428091904,1.6989620111869044,1.7114084959030151,2081858.0
1992-08-19,1.7114096134567591,1.7114096134567591,1.7051863670349119,1.705186367034912,2310645.0
1992-08-20,1.7082981159730655,1.7114096134567591,1.7020747438239885,1.705186367034912,1609984.0
1992-08-21,1.708297000451135,1.717631863988218,1.6989620111869044,1.7114084959030151,2784107.0
1992-08-24,1.6927390098571777,1.7051856229971682,1.6865157661507701,1.6927390098571777,1702664.0
1992-08-25,1.6927388930086424,1.7114087485662741,1.6865156497318206,1.7082972526550293,1231320.0
1992-08-26,1.7051856229971682,1.7051856229971682,1.689627262276799,1.6927390098571777,1384374.0
1992-08-27,1.695851089328307,1.6989627117904786,1.6771811031008776,1.6802927255630493,1832416.0
1992-08-28,1.6802928918587787,1.6834045146289023,1.6553997839705772,1.6585112810134888,1799051.0
1992-08-31,1.6647349075070341,1.6647349075070341,1.6522882887910946,1.655400037765503,1022658.0
1992-09-01,1.6553997161374154,1.6834044456481936,1.6522879677675897,1.6834044456481934,1593566.0
1992-09-02,1.683403891085154,1.6865156384298785,1.6709572788877534,1.6771806478500366,2624698.0
1992-09-03,1.6771806686302937,1.6802922902864055,1.6616224346225679,1.6740690469741821,1710608.0
1992-09-04,1.6678456572701947,1.6865156384298785,1.6678456572701947,1.6771806478500366,779042.0
1992-09-08,1.6709582805633543,1.6771816532563113,1.6678466570804962,1.6709582805633545,1695779.0
1992-09-09,1.6709575866223785,1.6802925789214143,1.6678459644317627,1.6678459644317627,1761979.0
1992-09-10,1.6740693345401827,1.6771809567307985,1.6678459644317627,1.6678459644317627,2292109.0
1992-09-11,1.6678465659839552,1.6678465659839552,1.6336183323603142,1.6367299556732178,1727026.0
1992-09-14,1.6460646107802968,1.6522879818457672,1.639841365442034,1.6491763591766357,2046904.0
1992-09-15,1.6429526792654,1.652287544803654,1.624282571007368,1.6273943185806274,212370.0
1992-09-16,1.6242828369140627,1.6398412001458502,1.6180595922031038,1.6242828369140625,1847774.0
1992-09-17,1.6242828369140627,1.6305062073522167,1.6211713402857784,1.6242828369140625,891846.0
1992-09-18,1.646064877510071,1.6522882495839821,1.6367298822628182,1.6460648775100708,2112574.0
1992-09-21,1.6429528925083308,1.6429528925083308,1.6118361671000687,1.6149479150772095,1488706.0
1992-09-22,1.6087245236044472,1.6149477675357922,1.5993895319802505,1.6025011539459229,2532018.0
1992-09-23,1.6025025478522559,1.621172547340393,1.6025025478522559,1.621172547340393,1463814.0
1992-09-24,1.6305062061345417,1.6398411989212038,1.6305062061345417,1.6398411989212036,1138110.0
1992-09-25,1.639841631163388,1.6522882495839821,1.633618259089477,1.6460648775100708,1385963.0
1992-09-28,1.6491762661874154,1.6616228818893433,1.6398412729791696,1.6616228818893433,1156117.0
1992-09-29,1.6585106666903529,1.6771806478500366,1.6553991707999594,1.6771806478500366,1403440.0
1992-09-30,1.6771815066821403,1.7051863670349119,1.6740698834712167,1.705186367034912,3049437.0
1992-10-01,1.7020747438239885,1.7082981159730655,1.6989631206130649,1.705186367034912,1296461.0
1992-10-02,1.6989622870699894,1.7051855304385957,1.6865156746056091,1.6896271705627441,1220728.0
1992-10-05,1.698252324463972,1.7108787381689716,1.6572163842651748,1.6856259107589722,3355016.0
1992-10-06,1.6793132505048458,1.6793132505048458,1.6572168607388202,1.6729999780654907,1102098.0
1992-10-07,1.6698421230563312,1.6824685316580112,1.6572157144546509,1.6572157144546509,2052730.0
1992-10-08,1.650903281987128,1.6698428392410278,1.6382768679700612,1.6698428392410278,2435630.0
1992-10-09,1.66668581950053,1.6793122291564941,1.6572158528293617,1.6793122291564941,1371134.0
1992-10-12,1.6856271505924962,1.7266629934310915,1.6856271505924962,1.7266629934310913,1623754.0
1992-10-13,1.726660885183213,1.7456005603178868,1.7235043151752125,1.7361305952072144,1702134.0
1992-10-14,1.729817712037021,1.7456008195071926,1.7235045710836359,1.7329744100570679,1711138.0
1992-10-15,1.7235049633075432,1.7329748044360593,1.7235049633075432,1.7298181056976318,1490824.0
1992-10-16,1.7298174551912135,1.7424438627665508,1.710877907599875,1.7361305952072144,2099864.0
1992-10-19,1.7298180443963664,1.7708538511078658,1.7298180443963664,1.7613840103149414,2473762.0
1992-10-20,1.7676976647784988,1.7803242069462533,1.7392882637595675,1.7456015348434448,2201547.0
1992-10-21,1.7487576397386557,1.7487576397386557,1.695095419883728,1.695095419883728,5554445.0
1992-10-22,1.7045647785967881,1.7077213488613716,1.6540591441900674,1.6572157144546509,5192198.0
1992-10-23,1.6572157144546509,1.6666856803350933,1.6477458761175543,1.6572157144546509,3672776.0
1992-10-26,1.6540593179097263,1.6761555671691895,1.6445896061214071,1.6761555671691895,1426742.0
1992-10-27,1.672999652479994,1.6887826391916747,1.672999652479994,1.682469367980957,1105275.0
1992-10-28,1.6729998228459522,1.6919393833199525,1.6603732791387225,1.688782811164856,2006125.0
1992-10-29,1.6919387578964233,1.7045651693928903,1.6856256159198775,1.6919387578964233,826706.0
1992-10-30,1.698252324463972,1.698252324463972,1.6824692116751743,1.6856259107589722,1305994.0
1992-11-02,1.685626321284369,1.7045658826828003,1.6824696214317734,1.7045658826828003,1085680.0
1992-11-03,1.701408387024759,1.701408387024759,1.672998996573083,1.6761555671691895,832531.0
1992-11-04,1.6729994970539723,1.6919390538397734,1.6603729558055753,1.6856259107589722,1347832.0
1992-11-05,1.6793126639821938,1.6793126639821938,1.6509031392426579,1.6603728532791138,1820765.0
1992-11-06,1.6603725538836485,1.6603725538836485,1.6256500202576376,1.6288065910339355,2729558.0
1992-11-09,1.6193369079352022,1.6256500496017547,1.6035537986820831,1.6130236387252808,3692901.0
1992-11-10,1.6098683461262944,1.628807913707324,1.603555071903638,1.616181492805481,2305349.0
1992-11-11,1.616181492805481,1.6224947670281373,1.6130249194658877,1.616181492805481,2059614.0
1992-11-12,1.6224935964030747,1.631963437132858,1.6161803267354264,1.62565016746521,2179304.0
1992-11-13,1.6319632893536002,1.641433001682494,1.6224934494813397,1.6288065910339355,1439453.0
1992-11-16,1.6288078526606995,1.6477474195318866,1.6288078526606995,1.644590973854065,1675654.0
1992-11-17,1.6540597105881432,1.6666862510568632,1.6509031392426579,1.6603728532791138,1647056.0
1992-11-18,1.6603719027712922,1.7014078169444597,1.6603719027712922,1.6982512474060059,2931336.0
1992-11-19,1.7045648931367716,1.732974410057068,1.7045648931367716,1.7329744100570679,1954754.0
1992-11-20,1.7424445152282715,1.7487576576082409,1.736131245304919,1.7424445152282715,2237030.0
1992-11-23,1.736131245304919,1.7456012139616395,1.726661531734965,1.7424445152282715,1127518.0
1992-11-24,1.7392873153194217,1.7613834332053766,1.7392873153194217,1.758226990699768,2107808.0
1992-11-25,1.7519148091832228,1.7866374838784531,1.7519148091832228,1.7803243398666382,2566971.0
1992-11-27,1.7803247446817407,1.7897944628527134,1.7645416259765627,1.7645416259765625,991411.0
1992-11-30,1.7645407944690055,1.774010508177549,1.7487576832013298,1.751914381980896,2866195.0
1992-12-01,1.7424445407289675,1.7582276519966433,1.7361312707132202,1.751914381980896,1633816.0
1992-12-02,1.7424445407289675,1.7582276519966433,1.7361312707132202,1.751914381980896,1272099.0
1992-12-03,1.7550712433178033,1.7834806442260744,1.7550712433178033,1.7834806442260742,1937806.0
1992-12-04,1.7834797163650635,1.7834797163650635,1.7582270278959302,1.767696738243103,880725.0
1992-12-07,1.7740110901736528,1.7929507788910137,1.7613846735432213,1.7897942066192627,1671418.0
1992-12-08,1.7866369245133815,1.8150461912155154,1.7866369245133815,1.8150461912155151,1357894.0
1992-12-09,1.815045768530287,1.815045768530287,1.7897930787266025,1.796106219291687,1736558.0
1992-12-10,1.7929507788910137,1.796107351162765,1.780324489804009,1.7897942066192627,1272629.0
1992-12-11,1.7929496490091448,1.7992629171175758,1.7866365084440605,1.796106219291687,1517834.0
1992-12-14,1.8024203539223442,1.8150466411226611,1.7929505109786987,1.7929505109786987,2347187.0
1992-12-15,1.796107082778778,1.799263782122265,1.78663736737854,1.7929505109786987,2127933.0
1992-12-16,1.7992633298874723,1.8087330429075505,1.792950060330711,1.802419900894165,1250386.0
1992-12-17,1.8087335190143845,1.837142920639482,1.8055769471767982,1.827673077583313,1930922.0
1992-12-18,1.8497688105879266,1.8687084913253782,1.8308292573938478,1.8687084913253784,3179718.0
1992-12-21,1.8687084913253782,1.8750216332089467,1.843455668704358,1.8687084913253784,2086094.0
1992-12-22,1.868708401299375,1.8781782412118864,1.852925419807434,1.852925419807434,1446867.0
1992-12-23,1.849767604735665,1.8781771073218605,1.849767604735665,1.871863842010498,2890027.0
1992-12-24,1.8687098719535176,1.8718664452274207,1.8592401521318076,1.8623965978622437,550254.0
1992-12-28,1.8592386889302306,1.8592386889302306,1.8402988815618408,1.852925419807434,1032720.0
1992-12-29,1.8529242291063124,1.8687072004560137,1.8402976989746094,1.8402976989746094,1254093.0
1992-12-30,1.8402996438244121,1.859239459037781,1.8402996438244121,1.8592394590377808,1646526.0
1992-12-31,1.8623952218984368,1.8876480445194568,1.8623952218984368,1.8687084913253784,2090331.0
1993-01-04,1.8742492607104693,1.8838445572992153,1.8582574012689819,1.8678525686264038,2309056.0
1993-01-05,1.86465322971344,1.8710501772973198,1.8582565405920886,1.86465322971344,2372078.0
1993-01-06,1.8614549788188053,1.8838437795639038,1.8518598154226977,1.8838437795639038,1390730.0
1993-01-07,1.8902404002204616,1.896637089430908,1.8742484187318136,1.8870419263839722,1759331.0
1993-01-08,1.883845211964214,1.883845211964214,1.8614563941955569,1.8614563941955566,1971701.0
1993-01-11,1.8486630055815283,1.8710516941188164,1.8486630055815283,1.8614563941955566,1713256.0
1993-01-12,1.864653528419262,1.877447167173954,1.864653528419262,1.871050477027893,2549494.0
1993-01-13,1.874248364272807,1.9094305416017907,1.874248364272807,1.9030338525772095,2306938.0
1993-01-14,1.9030347135570498,1.925423264503479,1.8966378924071268,1.925423264503479,2060144.0
1993-01-15,1.9318190824190873,1.9350175561626402,1.8998353788336564,1.9030338525772095,2318589.0
1993-01-18,1.9030339771248483,1.9062323218464605,1.8806453056110206,1.8838437795639038,2375256.0
1993-01-19,1.8838446919648961,1.8902413845062258,1.880646216462898,1.8902413845062256,1524189.0
1993-01-20,1.8870421483621653,1.8902406225749004,1.8422649309279704,1.8454632759094238,5035437.0
1993-01-21,1.8486615300090374,1.8774468898773193,1.8454630561771326,1.8774468898773193,2314882.0
1993-01-22,1.874248392626731,1.8806452109793468,1.86465322971344,1.86465322971344,2286283.0
1993-01-25,1.86465322971344,1.874248392626731,1.8614548851527641,1.86465322971344,1893320.0
1993-01-26,1.8614559033211566,1.8646542496312453,1.8390672206878662,1.8390672206878662,2296875.0
1993-01-27,1.8422656962292898,1.8454640425393785,1.8390672206878662,1.8390672206878662,4125584.0
1993-01-28,1.8390673851026202,1.8422658609299913,1.8198771762951265,1.8230756521224976,1229731.0
1993-01-29,1.8198763467439165,1.8198763467439165,1.7591071429630427,1.7623056173324585,4448110.0
1993-02-01,1.7719003627406378,1.7974873781204224,1.768702147357248,1.7974873781204224,3563678.0
1993-02-02,1.7974868917571862,1.819875556464399,1.7878918605094365,1.816677212715149,2033664.0
1993-02-03,1.8166772127151491,1.8326690606926304,1.8070820522361677,1.816677212715149,1991296.0
1993-02-04,1.8230737057761464,1.8294703921389777,1.8102802038192751,1.810280203819275,1733910.0
1993-02-05,1.8070823389485928,1.8102808124365455,1.784693670689185,1.791090488433838,1505653.0
1993-02-08,1.7846940252158228,1.7910908442311937,1.7782973354317293,1.7814958095550537,1113749.0
1993-02-09,1.7782974722543872,1.781495946623803,1.7623056173324587,1.7623056173324585,1691542.0
1993-02-10,1.7655041120377974,1.775099277496338,1.7495122557610958,1.775099277496338,1648645.0
1993-02-11,1.7719010398428519,1.7942897191634375,1.7719010398428519,1.7846945524215698,2715789.0
1993-02-12,1.787891543086948,1.8134785470006907,1.787891543086948,1.810280203819275,2286283.0
1993-02-16,1.8102813157266695,1.8134796608725663,1.8006861510576908,1.8038846254348755,1812821.0
1993-02-17,1.8102813157266695,1.8102813157266695,1.7878926412428153,1.8038846254348755,1989707.0
1993-02-18,1.8294720141836354,1.842265527483479,1.810281808849532,1.8358688354492188,2409150.0
1993-02-19,1.8294712657757066,1.8678517899743678,1.8166777577094861,1.8518598079681396,2044786.0
1993-02-22,1.8550583768828197,1.8998355927914452,1.8550583768828197,1.8806453943252563,1484469.0
1993-02-23,1.8902402333291395,1.906232084174584,1.8838435446834638,1.8934385776519775,1595155.0
1993-02-24,1.8934385776519775,1.8966369219748154,1.8742482532524405,1.8934385776519775,1182067.0
1993-02-25,1.8934389030464744,1.8998355927914452,1.8710503597078,1.8806453943252563,1875843.0
1993-02-26,1.8806455755358384,1.9094309406243892,1.8806455755358384,1.9062325954437256,1913974.0
1993-03-01,1.906233245090883,1.9094315913615478,1.8838446919648961,1.8902413845062256,958576.0
1993-03-02,1.8870423356552202,1.922224521636963,1.883844119587618,1.922224521636963,1480232.0
1993-03-03,1.9158282266255755,1.9350184316127035,1.9126297514349535,1.925423264503479,867485.0
1993-03-04,1.9222249185441778,1.9350184316127035,1.9190264433535558,1.925423264503479,855304.0
1993-03-05,1.9254235964509145,1.9286220721929612,1.9094317346660543,1.9126300811767578,1861014.0
1993-03-08,1.9126300811767576,1.9254235964509145,1.9030350416446473,1.9126300811767578,2256626.0
1993-03-09,1.9126287728202598,1.9190254614659354,1.8934385776519775,1.8934385776519775,2882083.0
1993-03-10,1.8934397307768907,1.8934397307768907,1.8774478701922332,1.8902413845062256,1799581.0
1993-03-11,1.890240373892638,1.8934387184533137,1.8614548851527641,1.86465322971344,1432568.0
1993-03-12,1.8678525540831656,1.8678525540831656,1.8358688354492188,1.8358688354492188,2008243.0
1993-03-15,1.8390662999019192,1.8550582819081474,1.8390662999019192,1.8518598079681396,1123811.0
1993-03-16,1.8582574012689819,1.8806460820258586,1.8582574012689819,1.8678525686264038,1691013.0
1993-03-17,1.8614546075672391,1.8646529516509682,1.8422644138336184,1.8422644138336182,1357894.0
1993-03-18,1.845463275909424,1.845463275909424,1.8390664567152353,1.8454632759094238,2056437.0
1993-03-19,1.85825678506652,1.8678519492421621,1.845463275909424,1.8454632759094238,2360427.0
1993-03-22,1.8390663301468473,1.8550583124160767,1.8294712958628367,1.8550583124160767,1363190.0
1993-03-23,1.8614555883779884,1.8774475756853872,1.8582572426090338,1.8742491006851196,1491354.0
1993-03-24,1.8742484187318136,1.8902404002204616,1.8678517295213672,1.8870419263839722,1270510.0
1993-03-25,1.8838440499477913,1.9062325954437256,1.8806455755358384,1.9062325954437256,1234498.0
1993-03-26,1.912629298520911,1.9414146638008374,1.9062326081170564,1.9382164478302002,2343480.0
1993-03-29,1.9478119903563238,1.9702006710590758,1.9446136443220232,1.9510104656219482,2119459.0
1993-03-30,1.947811712280554,1.9670019149780273,1.947811712280554,1.9670019149780273,805522.0
1993-03-31,1.9702007510522868,1.9989861249923708,1.9702007510522868,1.9989861249923706,2611987.0
1993-04-01,1.9957880587557002,1.9957880587557002,1.979796067229227,1.9925897121429443,1248267.0
1993-04-02,1.9958188365652223,1.9958188365652223,1.969899106314569,1.9796189069747925,1614750.0
1993-04-05,1.9763798831915014,1.9990595579147337,1.9763798831915014,1.9990595579147339,1042782.0
1993-04-06,2.0055378903917753,2.0249777462964884,1.9990580256979686,2.021737813949585,1439982.0
1993-04-07,2.0217372555152138,2.0217372555152138,1.9925774797125149,1.9958175420761108,1325589.0
1993-04-08,2.005538681753883,2.005538681753883,1.9763791482140964,1.9828590154647827,1106864.0
1993-04-12,1.9925780300925153,2.021737813949585,1.9925780300925153,2.021737813949585,1237675.0
1993-04-13,2.021739266159679,2.021739266159679,2.0055393309654974,2.015259265899658,1403440.0
1993-04-14,2.01849892373672,2.034698724746704,2.015258858805352,2.034698724746704,1122222.0
1993-04-15,2.0346985141887686,2.0638581791715356,2.0346985141887686,2.050898313522339,1326648.0
1993-04-16,2.070338145382071,2.0994979426686817,2.067098211543016,2.086538076400757,1913445.0
1993-04-19,2.089777946472168,2.11245774447691,2.0735780159478074,2.089777946472168,1921389.0
1993-04-20,2.0930185522168334,2.0994985526894485,2.0735786817107322,2.0800588130950928,1899146.0
1993-04-21,2.0800583981132017,2.083298201335535,2.0606184005737305,2.0606184005737305,1286398.0
1993-04-22,2.054138210450804,2.054138210450804,2.00877874694611,2.0120186805725098,1401851.0
1993-04-23,2.0022982922862087,2.0087782889733603,1.9796185002486808,2.00553822517395,1246678.0
1993-04-26,2.0120189247856977,2.034698724746704,2.008778990766044,2.034698724746704,1238205.0
1993-04-27,2.0282196577519684,2.0282196577519684,2.012019849298257,2.0184998512268066,1206958.0
1993-04-28,2.0120190732783225,2.0152590075370926,1.960179601491104,1.9698995351791382,1466462.0
1993-04-29,1.9698982593575274,2.0022978427848073,1.950458404571848,1.986098051071167,1416680.0
1993-04-30,1.9925786624839141,2.00877859118315,1.9925786624839141,2.002298593521118,1373782.0
1993-05-03,1.9990588784026753,2.0087788105010986,1.9893389463042517,2.0087788105010986,1926155.0
1993-05-04,2.0087788105010986,2.0152586779589123,2.002298812131582,2.0087788105010986,1315526.0
1993-05-05,2.0087778380172465,2.0120177701776467,1.9796180558387277,1.986098051071167,1141818.0
1993-05-06,1.9860997859214655,1.989339720911936,1.9537001741932531,1.9601800441741943,1772042.0
1993-05-07,1.963420364320468,1.9666601688187082,1.9310206174850464,1.9310206174850464,2212139.0
1993-05-10,1.9342596796375204,1.9536995451446384,1.931019745690238,1.9504594802856445,2575974.0
1993-05-11,1.9601791824464199,1.9893388463650823,1.9569391179685827,1.9731390476226807,1788989.0
1993-05-12,1.9763795346084028,1.982859403125943,1.960179601491104,1.9698995351791382,2094038.0
1993-05-13,1.9634188713072853,1.9666586733419316,1.9472189447523567,1.9569387435913086,1393907.0
1993-05-14,1.9504601082910291,1.9601800441741941,1.9472201733005585,1.9601800441741943,1147114.0
1993-05-17,1.9569390529619106,1.9569390529619106,1.9277795209235815,1.9472192525863647,2275691.0
1993-05-18,1.940738558769226,1.9439783599356515,1.9342585637014673,1.940738558769226,1994474.0
1993-05-19,1.93425911951936,1.9731387083632252,1.9180593235623344,1.9666587114334106,2528310.0
1993-05-20,1.9537001741932531,1.9698999800573593,1.9504601082910291,1.9601800441741943,1763568.0
1993-05-21,1.9601791173321177,1.9601791173321177,1.9407393856693342,1.9472192525863647,1750858.0
1993-05-24,1.9439797495789317,1.9536998145847229,1.9277800776083782,1.9374998807907104,1486058.0
1993-05-25,1.931020012002489,1.9374998807907102,1.9277800776083782,1.9374998807907104,1543254.0
1993-05-26,1.9504596678030692,1.9763795346084028,1.9374997998562646,1.9698995351791382,1445808.0
1993-05-27,1.9828590154647827,1.9958188808778539,1.9504592864762558,1.9828590154647827,2199164.0
1993-05-28,1.9763798509631147,1.9893395900726318,1.956939849563604,1.9893395900726318,1513597.0
1993-06-01,1.9958187267707743,2.0217384555955253,1.9828588623583987,2.002298593521118,1641230.0
1993-06-02,1.9958175420761106,2.008777398795662,1.9763778224525885,1.9958175420761108,1023452.0
1993-06-03,1.9828588623583987,2.0152584579334936,1.9763789956080553,2.002298593521118,2314087.0
1993-06-04,1.9893375482605296,2.008777398795662,1.9828576853565592,1.9958175420761108,1467786.0
1993-06-07,1.9958195905391354,2.002299460093894,1.9828597205178733,1.9893395900726318,2063586.0
1993-06-08,1.9958193703814637,2.002299239221432,1.9698996331981304,1.976379632949829,2014598.0
1993-06-09,1.989338097745612,2.041177538942651,1.989338097745612,2.021737813949585,1149497.0
1993-06-10,2.028218322345869,2.034698320007901,2.002298593521118,2.002298593521118,1152145.0
1993-06-11,2.0152578183441316,2.021737813949585,2.008777953650325,2.021737813949585,1648910.0
1993-06-14,2.0346976742488447,2.0476574036364577,2.0152578183441316,2.021737813949585,1526572.0
1993-06-15,2.0152572616996327,2.0346971122347655,1.9958175420761106,1.9958175420761108,1188158.0
1993-06-16,1.9698996331981304,1.9828595017897972,1.9569396336947333,1.976379632949829,2382141.0
1993-06-17,1.9828595017897972,1.9958193703814637,1.9698996331981304,1.976379632949829,1589065.0
1993-06-18,1.9634188963385493,1.9763787592007125,1.9439789056777954,1.9439789056777954,2811382.0
1993-06-21,1.9569391890082455,1.9763791838458802,1.9569391890082455,1.9634193181991577,2170830.0
1993-06-22,1.9698991855666685,1.9763791838458802,1.9504593216407349,1.9634193181991577,2128727.0
1993-06-23,1.9569387435913086,1.9634188713072853,1.9439788808943683,1.9569387435913086,1748210.0
1993-06-24,1.9439789056777954,1.9569387685399586,1.9310191737273048,1.9439789056777954,1681745.0
1993-06-25,1.9504597492788827,1.9504597492788827,1.924540012302538,1.9374998807907104,903498.0
1993-06-28,1.9374997998562646,1.9763795346084028,1.9374997998562646,1.9698995351791382,1562850.0
1993-06-29,1.976379632949829,1.989339370629765,1.9634197643581626,1.976379632949829,1289311.0
1993-06-30,1.976379211388624,2.0087788105010986,1.976379211388624,2.0087788105010986,2029692.0
1993-07-01,2.021737663598725,2.073576970028976,2.0152576684751704,2.0476572513580322,3225794.0
1993-07-02,2.054176163361215,2.060739094279118,2.0344876357817867,2.041050434112549,2183541.0
1993-07-06,2.047614244672045,2.093554250484329,2.047614244672045,2.0541770458221436,1974349.0
1993-07-07,2.054176163361215,2.073864690940643,2.0344876357817867,2.041050434112549,1802229.0
1993-07-08,2.047613372405295,2.0804276293515755,2.0279247121678132,2.073864698410034,2559557.0
1993-07-09,2.0607391899661898,2.07386478723718,2.047613460108052,2.0673019886016846,1090446.0
1993-07-12,2.0804276293515755,2.0869904277059748,2.047613372405295,2.073864698410034,1531868.0
1993-07-13,2.07386478723718,2.0869905170953174,2.0607391899661898,2.0673019886016846,1258594.0
1993-07-14,2.067302556067449,2.080428289528545,2.0541768226063533,2.060739755630493,1943367.0
1993-07-15,2.0738657348619576,2.1066802733821812,2.0673029332276793,2.1001172065734863,1510684.0
1993-07-16,2.1132410427748134,2.1198038380978446,2.1066782474517822,2.1066782474517822,2346658.0
1993-07-19,2.1198038380978446,2.1263667660079566,2.086989463721446,2.1066782474517822,1615280.0
1993-07-20,2.1001151869545893,2.1132410427748134,2.093552391631558,2.1066782474517822,1771512.0
1993-07-21,2.1066787883083666,2.1198043823242188,2.1066787883083666,2.1198043823242188,1930127.0
1993-07-22,2.1263681193587685,2.132930918858767,2.100116523597279,2.1132423877716064,1753770.0
1993-07-23,2.1132423877716064,2.1263681193587685,2.106679588271608,2.1132423877716064,1421182.0
1993-07-26,2.1198043823242188,2.1198043823242188,2.1066787883083666,2.1198043823242188,1079325.0
1993-07-27,2.1263681193587685,2.132930918858767,2.1132423877716064,2.1132423877716064,1605482.0
1993-07-28,2.1132410427748134,2.1198038380978446,2.1001151869545893,2.1066782474517822,1053110.0
1993-07-29,2.119804551129873,2.1394932088957406,2.113241753599334,2.132930278778076,1423565.0
1993-07-30,2.132932040852032,2.139494976391518,2.1066806964557916,2.1263692378997803,1929068.0
1993-08-02,2.1263681193587685,2.132930918858767,2.100116523597279,2.1132423877716064,1834534.0
1993-08-03,2.1132414830805804,2.119804279771007,2.0804271018671208,2.093552827835083,1188422.0
1993-08-04,2.1001172065734863,2.1001172065734863,2.0804286690834437,2.1001172065734863,893170.0
1993-08-05,2.1001157261262113,2.1263673119192594,2.0935529291182853,2.1198043823242188,1845921.0
1993-08-06,2.113241753599334,2.132930278778076,2.113241753599334,2.132930278778076,993794.0
1993-08-09,2.1263674812475375,2.1460560064262793,2.1263674812475375,2.132930278778076,1550139.0
1993-08-10,2.1329308478045594,2.15918231010437,2.126368048523187,2.15918231010437,1392848.0
1993-08-11,2.1591825641092854,2.1854340294973027,2.1526197640558693,2.165745496749878,1167238.0
1993-08-12,2.178870623156047,2.198559284210205,2.165745025902805,2.198559284210205,1930392.0
1993-08-13,2.198558957947264,2.218247483492526,2.198558957947264,2.2051217555999756,1624018.0
1993-08-16,2.2116846858398147,2.2116846858398147,2.1854332300547137,2.2051217555999756,2494681.0
1993-08-17,2.2051223055680262,2.211685237444692,2.1919965744018555,2.1919965744018555,1173858.0
1993-08-18,2.2051220828368256,2.211685014050594,2.1919963529964366,2.198559284210205,1816528.0
1993-08-19,2.2051212605361363,2.2051212605361363,2.172307014465332,2.172307014465332,1163796.0
1993-08-20,2.1854335543698156,2.198559284210205,2.178870623156047,2.198559284210205,1574501.0
1993-08-23,2.198559580070237,2.198559580070237,2.172308116856801,2.178870916366577,807110.0
1993-08-24,2.191996159235263,2.2444992065429688,2.1723076325086166,2.2444992065429688,1531338.0
1993-08-25,2.237936108032126,2.2641875649784513,2.224810512146097,2.2313733100891113,1867899.0
1993-08-26,2.244500409398377,2.3363804268118717,2.231374541096784,2.3232548236846924,2497594.0
1993-08-27,2.316692022121103,2.3232548236846924,2.3035661538195105,2.3232548236846924,1680950.0
1993-08-30,2.3232549861342435,2.388883536707928,2.3232549861342435,2.375757932662964,1321882.0
1993-08-31,2.362631173646205,2.395445436574773,2.356068374095358,2.388882637023926,1806730.0
1993-09-01,2.395445436574773,2.395445436574773,2.356068374095358,2.388882637023926,1971436.0
1993-09-02,2.388882637023926,2.395445436574773,2.356068374095358,2.388882637023926,1188952.0
1993-09-03,2.3691931645900133,2.4216960734261805,2.3626303672790527,2.3626303672790527,1991826.0
1993-09-07,2.3626297377773273,2.3757555940762223,2.342941085916071,2.356066942214966,1311819.0
1993-09-08,2.356067957145683,2.3954450126566016,2.349505158756244,2.3691935539245605,1716698.0
1993-09-09,2.3691945431441463,2.3691945431441463,2.3429430734512207,2.349506139755249,968374.0
1993-09-10,2.349504976813649,2.44794774055481,2.349504976813649,2.4479477405548096,1193189.0
1993-09-13,2.4413858364777474,2.4676373027877094,2.4282599707355854,2.4348230361938477,1219404.0
1993-09-14,2.4282596085314965,2.4282596085314965,2.3626310851330548,2.3954453468322754,1649704.0
1993-09-15,2.3691948654660497,2.3823207346854463,2.3429433922016893,2.375757932662964,1664003.0
1993-09-16,2.3757576094481747,2.3757576094481747,2.329817471191956,2.349506139755249,1093359.0
1993-09-17,2.2838774561219752,2.329817596856082,2.2838774561219752,2.310128927230835,5969916.0
1993-09-20,2.3232530128497846,2.329815809298072,2.2838757038116455,2.2838757038116455,2411798.0
1993-09-21,2.2838768961540254,2.2838768961540254,2.2379367666836605,2.2510626316070557,2033664.0
1993-09-22,2.2576243387351753,2.2838757907012637,2.2510615420372075,2.277312994003296,1985470.0
1993-09-23,2.2904386750422203,2.3035645341146305,2.2707502841949463,2.2707502841949463,793341.0
1993-09-24,2.2707510939860405,2.277313893275545,2.1919965744018555,2.1919965744018555,1755094.0
1993-09-27,2.2051214826692394,2.257624387741089,2.2051214826692394,2.257624387741089,2370754.0
1993-09-28,2.270750197305328,2.310127242667352,2.264187135433143,2.277312994003296,1515715.0
1993-09-29,2.3035655609519456,2.3035655609519456,2.2444998317325306,2.2510626316070557,1389141.0
1993-09-30,2.2510615909006635,2.2904386371174392,2.2379357320455897,2.257624387741089,906146.0
1993-10-01,2.244500121411764,2.2970027923583984,2.244500121411764,2.2970027923583984,1041458.0
1993-10-04,2.29695725440979,2.29695725440979,2.2637640235118264,2.29695725440979,1319498.0
1993-10-05,2.2969570572065305,2.3168726721539135,2.270402635708745,2.290318250656128,938981.0
1993-10-06,2.2903180857386523,2.2903180857386523,2.250486590477399,2.263763666152954,1305199.0
1993-10-07,2.263764073239217,2.263764073239217,2.197378146454273,2.20401668548584,1262037.0
1993-10-08,2.2172938976662926,2.230571109846745,2.1774623952422534,2.20401668548584,1895438.0
1993-10-11,2.2106556267345407,2.2106556267345407,2.137631017944568,2.1509082317352295,1006240.0
1993-10-12,2.1708234287309227,2.204016387637738,2.157546218344736,2.177462100982666,2227233.0
1993-10-13,2.1774618614933576,2.1774618614933576,2.104437145342345,2.1309916973114014,2855074.0
1993-10-14,2.130991555585514,2.303595126025391,2.130991555585514,2.283679246902466,4297704.0
1993-10-15,2.316872707051738,2.316872707051738,2.25712532484043,2.270402669906616,2698577.0
1993-10-18,2.2637638632562167,2.2770412083224034,2.2438481138915494,2.270402669906616,1269716.0
1993-10-19,2.270402669906616,2.2770412083224034,2.2504867864246427,2.270402669906616,1152145.0
1993-10-20,2.283679246902466,2.283679246902466,2.2305704147310337,2.283679246902466,804992.0
1993-10-21,2.283679972767371,2.3102343972933785,2.2372097969055176,2.2372097969055176,1416945.0
1993-10-22,2.250486691048041,2.2770411118204135,2.1641848905964793,2.177462100982666,1411914.0
1993-10-25,2.1973781601165063,2.2372097969055176,2.17746240878066,2.2372097969055176,917267.0
1993-10-26,2.230571190397347,2.230571190397347,2.2040167650775064,2.2172939777374268,1035368.0
1993-10-27,2.2106554509523657,2.2504870891571045,2.2040167775262476,2.2504870891571045,1509890.0
1993-10-28,2.2504860023594726,2.310233363754911,2.2504860023594726,2.3035948276519775,1856248.0
1993-10-29,2.2903187605680655,2.3500664234161377,2.28368022077428,2.3500664234161377,1279514.0
1993-11-01,2.343428895734581,2.3500674383955116,2.323512731282223,2.336790084838867,1208018.0
1993-11-02,2.3235112104697078,2.3301500170201104,2.270402635708745,2.290318250656128,1190541.0
1993-11-03,2.296956891811018,2.296956891811018,2.20401628914378,2.263763666152954,1423830.0
1993-11-04,2.2438483359783596,2.2637640873142058,2.230571123715356,2.2372097969055176,1343860.0
1993-11-05,2.2372098764221917,2.2504870891571045,2.230571202996073,2.2504870891571045,1393113.0
1993-11-08,2.2504870764458897,2.2637641549884866,2.2172939777374268,2.2172939777374268,944806.0
1993-11-09,2.2438480187962977,2.2438480187962977,2.1641848905964793,2.177462100982666,1573971.0
1993-11-10,2.177462100982666,2.177462100982666,2.137630469824107,2.177462100982666,1835064.0
1993-11-11,2.1774620897988237,2.217293586635501,2.1774620897988237,2.18410062789917,1186569.0
1993-11-12,2.1907394580374473,2.1907394580374473,2.164185035487273,2.170823574066162,1007564.0
1993-11-15,2.1641848905964793,2.177462100982666,2.14426900795855,2.177462100982666,848154.0
1993-11-16,2.1774623952422534,2.223932570815178,2.170823722093368,2.20401668548584,1670358.0
1993-11-17,2.230571202996073,2.270402975318136,2.223932663687279,2.2504870891571045,1794550.0
1993-11-18,2.250487009168521,2.250487009168521,2.223932584642514,2.2372097969055176,1540606.0
1993-11-19,2.2438480187962977,2.250486691048041,2.157546218344736,2.177462100982666,1633551.0
1993-11-22,2.164185047149658,2.170823585764321,2.137630624456387,2.164185047149658,1124606.0
1993-11-23,2.177463369079104,2.1841019110796567,2.117715820487241,2.124354362487793,1575295.0
1993-11-24,2.1509072681148607,2.177461683799635,2.137630060272474,2.157545804977417,1600981.0
1993-11-26,2.1708247491095443,2.217294946667497,2.1708247491095443,2.2106564044952393,659617.0
1993-11-29,2.2305705547332764,2.257124972485686,2.223932017353816,2.2305705547332764,1084886.0
1993-11-30,2.2305704839086125,2.2704022433897815,2.217293275453983,2.257124900817871,1196102.0
1993-12-01,2.237210841419036,2.2571266020531926,2.1442703121857476,2.2106564044952393,2077091.0
1993-12-02,2.2305704839086125,2.257124900817871,2.217293275453983,2.257124900817871,1133874.0
1993-12-03,2.2836799084036787,2.29695725440979,2.257125484626086,2.29695725440979,1995798.0
1993-12-06,2.290317487211592,2.310233363754911,2.2836789511086586,2.3035948276519775,1339094.0
1993-12-07,2.2969565194637807,2.3168721297487007,2.2836791777059555,2.3102335929870605,2396970.0
1993-12-08,2.310234133838119,2.3235112104697078,2.2836797123403336,2.290318250656128,1472288.0
1993-12-09,2.2836793177271297,2.290317854895804,2.250486363649197,2.257124900817871,1459842.0
1993-12-10,2.2637634379865452,2.3035951974677142,2.2438476923632416,2.257124900817871,993530.0
1993-12-13,2.2571255482413637,2.2571255482413637,2.230571123715356,2.2372097969055176,1179684.0
1993-12-14,2.2372092262300214,2.2372092262300214,2.2106548084776114,2.2305705547332764,1324530.0
1993-12-15,2.217293593995669,2.2372094765974166,2.2106550558732865,2.2239322662353516,1173329.0
1993-12-16,2.2438479185223272,2.27040247222532,2.2438479185223272,2.263763666152954,1074294.0
1993-12-17,2.263763522520426,2.3168723583221436,2.263763522520426,2.3168723583221436,2127933.0
1993-12-20,2.303595283489,2.3301497013898587,2.296956746072428,2.3168723583221436,1245619.0
1993-12-21,2.316873061064245,2.336788947589317,2.283680095678894,2.3235116004943848,1192394.0
1993-12-22,2.3367890884347,2.343427896499634,2.3102346608789723,2.343427896499634,1714050.0
1993-12-23,2.343428895734581,2.3699830663783024,2.336790084838867,2.336790084838867,1754035.0
1993-12-27,2.343428895734581,2.3500674383955116,2.323512731282223,2.336790084838867,812406.0
1993-12-28,2.336788567344337,2.3766203339130096,2.336788567344337,2.369981527328491,1144995.0
1993-12-29,2.3766199997750044,2.403174417675863,2.3168723583221436,2.3168723583221436,1049932.0
1993-12-30,2.310234168635951,2.310234168635951,2.237209575475762,2.270402669906616,1718022.0
1993-12-31,2.277041419536988,2.296957304866326,2.20401668548584,2.20401668548584,2431394.0
1994-01-03,2.20401668548584,2.223932570815178,2.190739607422706,2.20401668548584,1897822.0
1994-01-04,2.1905316327289968,2.2039704796000343,2.1703732945474195,2.183812141418457,1687570.0
1994-01-05,2.1569344023833366,2.163653757379843,2.0830206829215845,2.089740037918091,4449434.0
1994-01-06,2.1031792766526127,2.1031792766526127,2.0427045273838695,2.069582223892212,3954258.0
1994-01-07,2.0561436440040732,2.1300572511741254,2.0561436440040732,2.1098990440368652,2530164.0
1994-01-10,2.1300566712913036,2.1703732103401947,2.116617824941673,2.1569344997406006,2692222.0
1994-01-11,2.1569346888687915,2.1569346888687915,2.1166180105347445,2.130056858062744,2235442.0
1994-01-12,2.136776608303188,2.136776608303188,2.0964601940286673,2.1098990440368652,2225644.0
1994-01-13,2.1166184011659275,2.1300572511741254,2.0897407011495317,2.1098990440368652,2801054.0
1994-01-14,2.103178743280922,2.1166175881269664,2.0763010535888324,2.09645938873291,2427686.0
1994-01-17,2.0830219452930643,2.0897413043616964,2.0561442375183105,2.0561442375183105,1749004.0
1994-01-18,2.069582494012271,2.1166184011659275,2.0628630011331355,2.1098990440368652,2218494.0
1994-01-19,2.109898654645769,2.130056858062744,2.109898654645769,2.130056858062744,2351159.0
1994-01-20,2.1367760177599986,2.1703732013702393,2.1367760177599986,2.1703732013702393,2260333.0
1994-01-21,2.1569357332427703,2.1636550923852154,2.143496743457653,2.1502161026000977,2238884.0
1994-01-24,2.1434954208902632,2.1502147758867696,2.089740037918091,2.089740037918091,2906974.0
1994-01-25,2.069584062795374,2.0763034250178376,2.0427063424051677,2.0494258403778076,4709468.0
1994-01-26,2.056143637870237,2.1166183948516846,2.056143637870237,2.1166183948516846,4059384.0
1994-01-27,2.136776525918314,2.2039709091186523,2.136776525918314,2.2039709091186523,3293053.0
1994-01-28,2.2039709091186523,2.224129115478699,2.190532059628598,2.2039709091186523,2188837.0
1994-01-31,2.1905320860985715,2.2577261986107344,2.1905320860985715,2.251006841659546,2345863.0
1994-02-01,2.2375674328406836,2.2442867881127104,2.1636538460982124,2.1703732013702393,1693396.0
1994-02-02,2.1972515648125617,2.203971057886187,2.1838127144153887,2.1905322074890137,988498.0
1994-02-03,2.177093946420219,2.1838133055626634,2.1502161026000977,2.1502161026000977,985586.0
1994-02-04,2.1502146323670677,2.18381181235719,2.0897398984348774,2.09645938873291,1875578.0
1994-02-07,2.0830213440204695,2.1233377582949897,2.0830213440204695,2.1098990440368652,1596479.0
1994-02-08,2.1098983744076705,2.1098983744076705,2.0830206829215845,2.089740037918091,1674595.0
1994-02-09,2.0830219452930643,2.0830219452930643,2.0494248784496785,2.0561442375183105,2844746.0
1994-02-10,2.0561438836227737,2.062863241534896,1.995668983663228,2.0023884773254395,3030106.0
1994-02-11,2.0158267547964797,2.049424080051514,2.002388041894561,2.035985231399536,1693926.0
1994-02-14,2.0628627929534327,2.0830211338064295,2.0292656034484575,2.035985231399536,1687306.0
1994-02-15,2.0561434365024733,2.0695822851544516,2.035985231399536,2.035985231399536,1989442.0
1994-02-16,2.049424080051514,2.0561434365024733,2.0292656034484575,2.035985231399536,1759596.0
1994-02-17,2.0494245112794673,2.056143869144275,1.9755107602660575,2.015827178955078,2009567.0
1994-02-18,2.015828486264785,2.056145202600271,1.9889509016247546,2.0494258403778076,2452313.0
1994-02-22,2.0427046671914875,2.0830212147133627,2.029265682267464,2.0628628730773926,2454961.0
1994-02-23,2.076302078488785,2.076302078488785,2.0091078210902706,2.015827178955078,2111780.0
1994-02-24,2.0628628227958123,2.0830211639404297,2.0292656328048038,2.0830211639404297,3145824.0
1994-02-25,2.09646018777456,2.1434960947878996,2.09646018777456,2.1166183948516846,2623903.0
1994-02-28,2.1166192639640657,2.123338623832143,2.096461048609706,2.103180408477783,1422241.0
1994-03-01,2.103178743280922,2.1098982335789547,2.0830205438868656,2.09645938873291,1927479.0
1994-03-02,2.0897403105162846,2.1434957005006305,2.0695821071471787,2.1367762088775635,3254657.0
1994-03-03,2.130056858062744,2.1367762139517197,2.09645980711777,2.130056858062744,2686131.0
1994-03-04,2.130056520986447,2.130056520986447,2.0897399847824434,2.1233370304107666,3142911.0
1994-03-07,2.1300581194503483,2.1300581194503483,2.096461048609706,2.103180408477783,2376315.0
1994-03-08,2.103180408477783,2.123338623832143,2.096461048609706,2.103180408477783,2221142.0
1994-03-09,2.103180408477783,2.103180408477783,2.0897415529915007,2.103180408477783,2403325.0
1994-03-10,2.143496743457653,2.1569357332427703,2.116619035387646,2.1502161026000977,3993714.0
1994-03-11,2.177092785857959,2.1905316327289968,2.1636539389869216,2.183812141418457,2703873.0
1994-03-14,2.1703732945474195,2.1905316327289968,2.1636539389869216,2.183812141418457,1861279.0
1994-03-15,2.1838134960022413,2.1838134960022413,2.1502162901098294,2.1636552810668945,1282426.0
1994-03-16,2.1569351493711193,2.1905322074890137,2.1300573128266955,2.1905322074890137,2117076.0
1994-03-17,2.1905322074890137,2.203971057886187,2.1636545066946673,2.1905322074890137,1521806.0
1994-03-18,2.197252196209872,2.197252196209872,2.1703744876920097,2.177093982696533,4778316.0
1994-03-21,2.17037445152766,2.17037445152766,2.1502161026000977,2.1502161026000977,2127668.0
1994-03-22,2.1434956008053443,2.1972509882894946,2.1434956008053443,2.183812141418457,2607486.0
1994-03-23,2.190532991480774,2.2106912064161204,2.1636552810668945,2.1636552810668945,1393907.0
1994-03-24,2.1502161026000977,2.1569357332427703,2.1233383945300908,2.1502161026000977,1966934.0
1994-03-25,2.1434969303814224,2.2039718466877134,2.1300580751744826,2.1636552810668945,1441042.0
1994-03-28,2.1905319633107116,2.203970812209858,2.177093114411565,2.197251319885254,1656059.0
1994-03-29,2.1905319633107116,2.2442872231572357,2.177093114411565,2.197251319885254,2452578.0
1994-03-30,2.190532144086053,2.2106903512233136,2.1098990440368652,2.1098990440368652,4346692.0
1994-03-31,2.1166178161938833,2.1703732013702393,2.1031789698997945,2.1703732013702393,2707845.0
1994-04-04,2.1103571542583683,2.151202647053013,2.1035494804382324,2.1035494804382324,2479852.0
1994-04-05,2.137586895174215,2.19204771830208,2.1307792235174823,2.1512019634246826,3769958.0
1994-04-06,2.1375865936279297,2.1648168638190284,2.1307789229315457,2.1375865936279297,2899295.0
1994-04-07,2.123971616392297,2.1648170948028564,2.110356411078279,2.1648170948028564,2115487.0
1994-04-08,2.151202488082695,2.1716253705023427,2.1239722074090523,2.13077974319458,1625607.0
1994-04-11,2.1375858455603787,2.158008575439453,2.1375858455603787,2.158008575439453,1024511.0
1994-04-12,2.178432374988615,2.1852401841768465,2.1512019634246826,2.1512019634246826,1073499.0
1994-04-13,2.151201342523817,2.192047085611915,2.137586278203063,2.185239553451538,1907619.0
1994-04-14,2.1852401519652807,2.226085631177597,2.1784323428773997,2.21927809715271,2810322.0
1994-04-15,2.23289247827699,2.2533152103424072,2.2260848092342203,2.2533152103424072,3727060.0
1994-04-18,2.2601246792576157,2.3077779908116116,2.2601246792576157,2.3009703159332275,3027723.0
1994-04-19,2.294161312966171,2.335006923547649,2.294161312966171,2.3213915824890137,2655944.0
1994-04-20,2.348622529374566,2.3758529426877995,2.3213921160613333,2.3418149948120117,3022692.0
1994-04-21,2.3690456060448417,2.4166989020899017,2.355430535782275,2.409891366958618,3427042.0
1994-04-22,2.4030828285476247,2.4098903608367843,2.3281991481781006,2.3281991481781006,2694870.0
1994-04-25,2.3281998342708614,2.403083536707721,2.3281998342708614,2.389468193054199,1880610.0
1994-04-26,2.375852396597651,2.3826599295954924,2.314584049491172,2.3213915824890137,2021218.0
1994-04-28,2.3486226718922394,2.3486226718922394,2.2737390995025635,2.2737390995025635,1873725.0
1994-04-29,2.2737394159204936,2.307777508130073,2.2601242065429688,2.2601242065429688,1817587.0
1994-05-02,2.2533159674583576,2.2533159674583576,2.2192780234020706,2.232893228530884,2881289.0
1994-05-03,2.2465085083152525,2.2533160423401397,2.205662891571439,2.21927809715271,2107808.0
1994-05-04,2.226085557200731,2.232893228530884,2.2056628182732574,2.232893228530884,1523659.0
1994-05-05,2.2328933027339812,2.2397008367588684,2.2124704255963263,2.21927809715271,1521011.0
1994-05-06,2.2056634976128384,2.2056634976128384,2.1580101962191325,2.1784329414367676,1543254.0
1994-05-09,2.1784320676803173,2.185239875908181,2.1375865936279297,2.1375865936279297,1456665.0
1994-05-10,2.1580095609115943,2.178432300116874,2.1443943555975764,2.1648170948028564,2020689.0
1994-05-11,2.164817857161742,2.164817857161742,2.096741944149639,2.1035494804382324,1970906.0
1994-05-12,2.123971700668335,2.137586906522584,2.1171640289754605,2.123971700668335,1895703.0
1994-05-13,2.137586895174215,2.1716248408633816,2.1205679223296316,2.1512019634246826,1785811.0
1994-05-16,2.151200907125474,2.178431305318527,2.1443933763429266,2.158008575439453,1175712.0
1994-05-17,2.1784315385291704,2.2533152103424072,2.158008806463753,2.2533152103424072,2199429.0
1994-05-18,2.2601249769938483,2.2669326527690377,2.219279472469042,2.2397022247314453,2153089.0
1994-05-19,2.2397014612424493,2.2601242065429688,2.2260862518649245,2.2601242065429688,1232114.0
1994-05-20,2.2328931689591447,2.2397007025761857,2.212470293045044,2.212470293045044,1586152.0
1994-05-23,2.212471806255985,2.212471806255985,2.1784337022960933,2.1988565921783447,1360278.0
1994-05-24,2.2056635206982915,2.2192787301630625,2.1920483112335205,2.1920483112335205,1200074.0
1994-05-25,2.192047554662432,2.226085497810615,2.185240021045391,2.212470293045044,1131755.0
1994-05-26,2.205664329610897,2.266932725906372,2.205664329610897,2.266932725906372,2327062.0
1994-05-27,2.2533152103424072,2.260122741853731,2.2397000097883137,2.2533152103424072,897672.0
1994-05-31,2.2397022247314453,2.2601249769938483,2.2260870107126487,2.2397022247314453,1616339.0
1994-06-01,2.2328929182536004,2.253315654343181,2.2124700446325467,2.2465081214904785,1423565.0
1994-06-02,2.2465081214904785,2.260123187195884,2.2328929182536004,2.2465081214904785,1001209.0
1994-06-03,2.2465096045639754,2.3009703159332275,2.232894392338771,2.3009703159332275,1304140.0
1994-06-06,2.314584581498779,2.369045408125245,2.294161840279608,2.3418149948120117,1817322.0
1994-06-07,2.33500668046726,2.348621745045579,2.321391340826018,2.3281991481781006,1831622.0
1994-06-08,2.328199925686903,2.3418149948120117,2.3009693748421625,2.3418149948120117,1598862.0
1994-06-09,2.33500796526846,2.348623037338257,2.321392618135588,2.348623037338257,1168298.0
1994-06-10,2.3622369428147585,2.3826595384556892,2.3418140721109206,2.3554294109344482,1520217.0
1994-06-13,2.3554305481052387,2.3622380832721372,2.335007667541504,2.335007667541504,963078.0
1994-06-14,2.341815202708402,2.3554305481052387,2.3282001323746053,2.335007667541504,2549759.0
1994-06-15,2.3486227378753006,2.3622380832721372,2.3213923221446673,2.335007667541504,1404499.0
1994-06-16,2.3350065402306104,2.3554294109344482,2.3213912014070828,2.3554294109344482,1045960.0
1994-06-17,2.3758529426877995,2.3758529426877995,2.328199925686903,2.3418149948120117,2925246.0
1994-06-20,2.335007667541504,2.3554305481052387,2.30777725181087,2.335007667541504,1172799.0
1994-06-21,2.3282001323746053,2.335007667541504,2.300969579112452,2.335007667541504,1857042.0
1994-06-22,2.3418144565454906,2.3418144565454906,2.3077765164933304,2.3213915824890137,1047814.0
1994-06-23,2.3077770469362244,2.3418149948120117,2.3009693748421625,2.3418149948120117,955663.0
1994-06-24,2.3145855281584318,2.321393065505252,2.2873551037080238,2.3009703159332275,1634610.0
1994-06-27,2.287353754043579,2.3077766290965482,2.273738549852094,2.287353754043579,2049022.0
1994-06-28,2.287353754043579,2.3009689582350643,2.2601233456606087,2.287353754043579,1074029.0
1994-06-29,2.307777546065791,2.348623037338257,2.287354662898021,2.348623037338257,2212139.0
1994-06-30,2.3281997777258177,2.3690452575683594,2.294161694481701,2.3690452575683594,2834684.0
1994-07-01,2.390983615803034,2.390983615803034,2.349640811992376,2.370312213897705,1304670.0
1994-07-05,2.3565311431884766,2.3634215167461763,2.3427501176628964,2.3565311431884766,1826590.0
1994-07-06,2.349640149749279,2.397873314463851,2.349640149749279,2.3840925693511963,1803288.0
1994-07-07,2.3909833431243896,2.4116544642620714,2.3772023172890817,2.3909833431243896,1407412.0
1994-07-08,2.3840935673477595,2.418545722961426,2.377202913496821,2.418545722961426,1540077.0
1994-07-11,2.4185461608762426,2.4185461608762426,2.390984375712775,2.4047651290893555,1749798.0
1994-07-12,2.418545715557466,2.418545715557466,2.363422155380249,2.363422155380249,1755094.0
1994-07-13,2.370312007943069,2.3840930341526048,2.3496406078338623,2.3496406078338623,1324530.0
1994-07-14,2.349641481060936,2.4116554260253906,2.349641481060936,2.4116554260253906,1763038.0
1994-07-15,2.4116554260253906,2.439217488687701,2.4047650495649617,2.4116554260253906,1739736.0
1994-07-18,2.4323269126212934,2.4323269126212934,2.411655228115808,2.42543625831604,1264950.0
1994-07-19,2.4323269126212934,2.4392172885162715,2.4185458824210615,2.42543625831604,1261772.0
1994-07-20,2.4185451163848186,2.4254354900973794,2.3909833431243896,2.3909833431243896,1528426.0
1994-07-21,2.3909829419075237,2.397873314463851,2.3634211732720742,2.3840925693511963,707810.0
1994-07-22,2.384093560049269,2.390983935468858,2.363422155380249,2.363422155380249,1521806.0
1994-07-25,2.370312007943069,2.370312007943069,2.3496406078338623,2.3496406078338623,1372194.0
1994-07-26,2.349640491220596,2.3772022638615757,2.3358597441051967,2.3565311431884766,1519158.0
1994-07-27,2.363422493505186,2.363422493505186,2.3151893018470364,2.328970193862915,1524983.0
1994-07-28,2.3289700937503253,2.3289700937503253,2.3082988262176514,2.3082988262176514,1819176.0
1994-07-29,2.3289690547549635,2.3289690547549635,2.3082977964441134,2.31518816947937,2620726.0
1994-08-01,2.3082988262176514,2.322079717641148,2.2945179347941553,2.3082988262176514,2231734.0
1994-08-02,2.308298293428478,2.3496408189513627,2.301407779704591,2.3220791816711426,2410210.0
1994-08-03,2.3151893018470364,2.3496414622841595,2.3151893018470364,2.328970193862915,1273158.0
1994-08-04,2.335859537124634,2.3634213073233643,2.335859537124634,2.335859537124634,877547.0
1994-08-05,2.3151886679472553,2.32896955618992,2.308298293428478,2.3220791816711426,1119045.0
1994-08-08,2.3427501176628964,2.3634215167461763,2.315188345021917,2.3565311431884766,1612367.0
1994-08-09,2.349640811992376,2.3772025883960755,2.3358600629956356,2.370312213897705,1144466.0
1994-08-10,2.384093241304664,2.384093241304664,2.349640811992376,2.370312213897705,940834.0
1994-08-11,2.390983615803034,2.411654739298145,2.3565314649009648,2.370312213897705,1690748.0
1994-08-12,2.3772025883960755,2.384093241304664,2.3565314649009648,2.370312213897705,1014184.0
1994-08-15,2.3840929158294557,2.3909832893871554,2.349640491220596,2.3565311431884766,1612102.0
1994-08-16,2.363422155380249,2.3772029062194253,2.3427507507112284,2.363422155380249,2238884.0
1994-08-17,2.3634213073233643,2.3634213073233643,2.335859537124634,2.335859537124634,1410854.0
1994-08-18,2.3358598627611613,2.342750236668875,2.2876266885867746,2.3014075756073,1893585.0
1994-08-19,2.3289700937503253,2.3358606090646443,2.2945179347941553,2.3082988262176514,1604953.0
1994-08-22,2.294517201699586,2.322078975740636,2.2876266885867746,2.3014075756073,1161678.0
1994-08-23,2.3014083109033323,2.322079717641148,2.3014083109033323,2.3082988262176514,1166179.0
1994-08-24,2.32896934964835,2.3358598627611613,2.2876266885867746,2.3014075756073,1592772.0
1994-08-25,2.3082986250904787,2.315189000599282,2.2876272201538086,2.2876272201538086,1142347.0
1994-08-26,2.3014075756073,2.308298088720111,2.294517201699586,2.3014075756073,1650763.0
1994-08-29,2.3082988262176514,2.322079717641148,2.3014083109033323,2.3082988262176514,2130316.0
1994-08-30,2.3014092171237603,2.3014092171237603,2.260066665779055,2.2669570446014404,2008508.0
1994-08-31,2.253173493061069,2.287625624991866,2.246283122356923,2.2807352542877197,1877962.0
1994-09-01,2.266955452719237,2.280736339892107,2.2393936783734976,2.2600650787353516,2170036.0
1994-09-02,2.2738454341888428,2.294516690511801,2.260064550238515,2.2738454341888428,1491354.0
1994-09-06,2.2738475626290224,2.287628320273793,2.2669570446014404,2.2669570446014404,1317910.0
1994-09-07,2.280737576121624,2.301408848482841,2.280737576121624,2.29451847076416,1353658.0
1994-09-08,2.287625624991866,2.301406505605191,2.2807352542877197,2.2807352542877197,2415241.0
1994-09-09,2.2669570446014404,2.2807379414514077,2.260066665779055,2.2669570446014404,1420652.0
1994-09-12,2.266955267493899,2.266955267493899,2.246284008026123,2.246284008026123,830413.0
1994-09-13,2.260064550238515,2.280735806561473,2.2462836662881878,2.2738454341888428,1344125.0
1994-09-14,2.2738464691362013,2.2876272201538086,2.2462846886907273,2.2876272201538086,1097861.0
1994-09-15,2.287627419479836,2.3082988262176514,2.287627419479836,2.3082988262176514,1135462.0
1994-09-16,2.3082986250904787,2.3082986250904787,2.2738464691362013,2.2876272201538086,3754864.0
1994-09-19,2.2876272201538086,2.2876272201538086,2.2738464691362013,2.2876272201538086,921239.0
1994-09-20,2.266955452719237,2.280736339892107,2.253174565546367,2.2600650787353516,1060789.0
1994-09-21,2.2600660130927177,2.2669563899252254,2.218723334482202,2.2531754970550537,1525513.0
1994-09-22,2.266955267493899,2.2876265269616747,2.246284008026123,2.246284008026123,1469640.0
1994-09-23,2.253174565546367,2.266955452719237,2.2462841915624816,2.2600650787353516,1698427.0
1994-09-26,2.2600655789134643,2.301408110376545,2.2600655789134643,2.2876272201538086,1611308.0
1994-09-27,2.294518033425792,2.328970193862915,2.2876275178152787,2.328970193862915,1502210.0
1994-09-28,2.34964070241928,2.397873878479004,2.3427503282422357,2.397873878479004,2903532.0
1994-09-29,2.3909834080522754,2.3978737819519464,2.3358598600345206,2.3496406078338623,2127403.0
1994-09-30,2.3496406850238594,2.363421711686127,2.335859936771795,2.342750310897827,1524983.0
1994-10-03,2.3289706377679136,2.3358611546917687,2.29451847076416,2.29451847076416,1237675.0
1994-10-04,2.3027787453436748,2.3167348417507796,2.2050849426830084,2.232997417449951,3228706.0
1994-10-05,2.2329972736901595,2.2399756033971823,2.1911287052116,2.205084800720215,2155207.0
1994-10-06,2.2260204643818082,2.2539329528808594,2.2190422717688274,2.2539329528808594,1301757.0
1994-10-07,2.24695438946033,2.309757403790469,2.24695438946033,2.2958011627197266,1913445.0
1994-10-10,2.2958006152604216,2.2958006152604216,2.2609100913918025,2.2818443775177,519008.0
1994-10-11,2.2748668716018146,2.3306916949083805,2.2748668716018146,2.2958011627197266,1743708.0
1994-10-12,2.288823633992892,2.2958016856294363,2.246954901244315,2.2539329528808594,1616339.0
1994-10-13,2.2748668716018146,2.2958011627197266,2.2748668716018146,2.2958011627197266,1684393.0
1994-10-14,2.309755802154541,2.3167338473629786,2.274865294159739,2.309755802154541,1004386.0
1994-10-17,2.3097562907029547,2.337668759393228,2.2888220096734178,2.3027782440185547,1170416.0
1994-10-18,2.316735453837638,2.316735453837638,2.2888231126725573,2.2958011627197266,1762244.0
1994-10-19,2.274865294159739,2.309755802154541,2.253930876581813,2.309755802154541,1119045.0
1994-10-20,2.309757403790469,2.309757403790469,2.2678886805782414,2.2958011627197266,1025306.0
1994-10-21,2.2958006152604216,2.2958006152604216,2.2539319020322566,2.2818443775177,1763038.0
1994-10-24,2.2888225079602034,2.295800556163756,2.232997417449951,2.232997417449951,1693131.0
1994-10-25,2.2050849426830084,2.239975747606237,2.2050849426830084,2.232997417449951,1825531.0
1994-10-26,2.246953021384466,2.246953021384466,2.226018602036244,2.2399749755859375,1565233.0
1994-10-27,2.253931357941933,2.3167343421355975,2.2399752645445288,2.267887592315674,1840625.0
1994-10-28,2.253931353322408,2.3167343373873552,2.253931353322408,2.3027782440185547,3309206.0
1994-10-31,2.3097566609751516,2.344647181943051,2.3097566609751516,2.3376691341400146,1790313.0
1994-11-01,2.323714017868042,2.330692069035341,2.3167358257243165,2.323714017868042,1541930.0
1994-11-02,2.3237132189651737,2.3376694574779817,2.302778931684151,2.316735029220581,1571588.0
1994-11-03,2.316734387681598,2.3376688101419387,2.30975634084571,2.330690622329712,1689689.0
1994-11-04,2.3376687641843765,2.344646810883079,2.267887592315674,2.267887592315674,2752066.0
1994-11-07,2.2539310456468873,2.3027779296751323,2.2469529999150333,2.2888216972351074,1461166.0
1994-11-08,2.2958006152604216,2.302778804619968,2.2818443775177,2.2818443775177,2611193.0
1994-11-09,2.302778804619968,2.302778804619968,2.2678881397749784,2.2818443775177,2020424.0
1994-11-10,2.288823474406884,2.3097577688333306,2.260910987854004,2.260910987854004,3262071.0
1994-11-11,2.23997684960777,2.26091114549384,2.232998516018353,2.2539329528808594,1937806.0
1994-11-14,2.2539314022532535,2.3376688101419387,2.2539314022532535,2.330690622329712,2582859.0
1994-11-15,2.3167337537799852,2.3586024462682715,2.3167337537799852,2.3446462154388428,2973174.0
1994-11-16,2.351625919342041,2.358603968773013,2.3306914890963433,2.351625919342041,1814939.0
1994-11-17,2.344647181943051,2.3516253707224464,2.3306909453606197,2.3376691341400146,2105425.0
1994-11-18,2.3376691341400146,2.344647181943051,2.3306909453606197,2.3376691341400146,1933305.0
1994-11-21,2.351624491632102,2.4074492761169037,2.34464630546131,2.3865151405334473,2149117.0
1994-11-22,2.3934946388570455,2.3934946388570455,2.337669679503706,2.351625919342041,3119344.0
1994-11-23,2.3306909453606197,2.344647181943051,2.316734708778188,2.3376691341400146,2724262.0
1994-11-25,2.3516244013417076,2.3655806321711363,2.3446462154388428,2.3446462154388428,642140.0
1994-11-28,2.330690078756161,2.351624496334087,2.2957995707613588,2.309755802154541,1913180.0
1994-11-29,2.302778931684151,2.3237132189651737,2.295800741939558,2.316735029220581,1614486.0
1994-11-30,2.323712033547723,2.323712033547723,2.302777756946103,2.309755802154541,1152145.0
1994-12-01,2.3097562907029547,2.3167343373873552,2.2958000563578183,2.3027782440185547,1405029.0
1994-12-02,2.2958000563578183,2.3097562907029547,2.2678875876675444,2.3027782440185547,1384904.0
1994-12-05,2.3097562907029547,2.3306905717324917,2.2958000563578183,2.3027782440185547,1015508.0
1994-12-06,2.2888231126725573,2.3027793537432997,2.281844921648984,2.2958011627197266,1202192.0
1994-12-07,2.2818435105269366,2.3027779296751323,2.274865464795083,2.2888216972351074,1102627.0
1994-12-08,2.2818439126690317,2.3027783355066176,2.2748658657073975,2.2748658657073975,1490824.0
1994-12-09,2.2748658657073975,2.2958001475686416,2.2748658657073975,2.2748658657073975,1958461.0
1994-12-12,2.2748658657073975,2.2818439126690317,2.267887677769422,2.2748658657073975,1708225.0
1994-12-13,2.2748672367676708,2.330692069035341,2.2678890446239452,2.323714017868042,1449250.0
1994-12-14,2.3167337537799852,2.3725586770977003,2.3167337537799852,2.3446462154388428,1597009.0
1994-12-15,2.337668956266869,2.3655814273078732,2.337668956266869,2.3586032390594482,1362926.0
1994-12-16,2.35860309162594,2.35860309162594,2.3237125754938246,2.330690622329712,4801618.0
1994-12-19,2.3167338473629786,2.330690078756161,2.267887107974995,2.309755802154541,2261922.0
1994-12-20,2.302779723389719,2.323714017868042,2.295801531245994,2.323714017868042,2002947.0
1994-12-21,2.323714017868042,2.3655827478011147,2.323714017868042,2.323714017868042,2663623.0
1994-12-22,2.3306911391290406,2.337669328488587,2.2678881397749784,2.2818443775177,3047318.0
1994-12-23,2.2957995707613588,2.330690078756161,2.2957995707613588,2.309755802154541,2513482.0
1994-12-27,2.3167358257243165,2.323714017868042,2.309757774557018,2.323714017868042,1122752.0
1994-12-28,2.3097562907029547,2.3167343373873552,2.2958000563578183,2.3027782440185547,2512158.0
1994-12-29,2.2957997429669614,2.3097559754069863,2.2818435105269366,2.2888216972351074,2681630.0
1994-12-30,2.2958016856294363,2.309757929878962,2.2539329528808594,2.2539329528808594,2378434.0
1995-01-03,2.253931357941933,2.281843826689414,2.253931357941933,2.267887592315674,1253563.0
1995-01-04,2.247979859417624,2.2762564856372167,2.247979859417624,2.262118101119995,1955548.0
1995-01-05,2.262117981674784,2.2974636554718018,2.2479797407189457,2.2974636554718018,2488855.0
1995-01-06,2.2974636554718018,2.339878378339317,2.2974636554718018,2.2974636554718018,1981234.0
1995-01-09,2.290395975112915,2.325741527217144,2.290395975112915,2.290395975112915,1182332.0
1995-01-10,2.2974636554718018,2.3045328473571423,2.283325414515963,2.2974636554718018,1664268.0
1995-01-11,2.2903948034514947,2.297463853130166,2.269187511600625,2.276256561279297,1198220.0
1995-01-12,2.283327102661133,2.297465354069885,2.269188994067329,2.283327102661133,1057346.0
1995-01-13,2.297465354069885,2.297465354069885,2.276258048364231,2.283327102661133,1587476.0
1995-01-16,2.297465030628041,2.3257415294647217,2.2903959773263347,2.3257415294647217,1276336.0
1995-01-17,2.3045332216678203,2.3257405151387225,2.290394978415597,2.318671464920044,1961638.0
1995-01-18,2.3045328473571423,2.31160189642764,2.283325414515963,2.2974636554718018,1671153.0
1995-01-19,2.290394978415597,2.318671464920044,2.2833257853820523,2.318671464920044,2231999.0
1995-01-20,2.3116022934639857,2.3257405368481816,2.29746405007979,2.3045332431793213,1988648.0
1995-01-23,2.2762563694748454,2.3540166234621855,2.2762563694748454,2.346947431564331,1619252.0
1995-01-24,2.3469473072407014,2.354016498764083,2.325740018300227,2.3328092098236084,1154263.0
1995-01-25,2.346947804761577,2.4035007776777464,2.3328097043474,2.3681552410125732,1338034.0
1995-01-26,2.368155043537376,2.3964315276375476,2.368155043537376,2.389362335205078,1016832.0
1995-01-27,2.3964310745230253,2.4529840320303977,2.38936188342719,2.4459149837493896,1938866.0
1995-01-30,2.438846292344493,2.452984678260872,2.382293462753296,2.382293462753296,1903912.0
1995-01-31,2.396431568340795,2.424708052921241,2.396431568340795,2.410569667816162,2439602.0
1995-02-01,2.4105693673838804,2.417638701870216,2.389362077999065,2.4035003185272217,2406238.0
1995-02-02,2.4105686796184917,2.4176380120878584,2.3681541129502675,2.375223159790039,1439453.0
1995-02-03,2.40350098832808,2.4459158645474446,2.3964319375014376,2.4317774772644043,2101188.0
1995-02-06,2.4247078895568848,2.4459153229707993,2.410569505404377,2.4247078895568848,1210401.0
1995-02-07,2.4459153229707993,2.4529843722322062,2.4176388402954774,2.4247078895568848,1547756.0
1995-02-08,2.42470827892482,2.4812612533569336,2.42470827892482,2.4812612533569336,1803023.0
1995-02-09,2.467123017027371,2.4741920678540135,2.4317774772644043,2.4317774772644043,1149497.0
1995-02-10,2.4317775371340855,2.4459159247652087,2.417639435132725,2.4388465881347656,865631.0
1995-02-13,2.4388465280910467,2.452984915374087,2.41763937561112,2.4317774772644043,847360.0
1995-02-14,2.4459151829265284,2.4529842317831876,2.389362077999065,2.4035003185272217,1039340.0
1995-02-15,2.4035004561429703,2.4459153229707993,2.3893622148053093,2.4247078895568848,1193718.0
1995-02-16,2.4317761057674017,2.4317761057674017,2.354015876455927,2.375223159790039,2143821.0
1995-02-17,2.375223787704557,2.375223787704557,2.325740018300227,2.3328092098236084,1965081.0
1995-02-21,2.3328095504833306,2.339878600224169,2.3116021156311035,2.3116021156311035,1893585.0
1995-02-22,2.318671464920044,2.3540170016431694,2.297464028634276,2.318671464920044,3095777.0
1995-02-23,2.3328092098236084,2.3469473072407014,2.325740018300227,2.3328092098236084,1744767.0
1995-02-24,2.346947808609625,2.346947808609625,2.3045332216678203,2.318671464920044,1660296.0
1995-02-27,2.318671308186798,2.3328095504833306,2.3045330658902654,2.3116021156311035,1740001.0
1995-02-28,2.3186724216389387,2.361087026081643,2.3186724216389387,2.354017972946167,2712082.0
1995-03-01,2.361085672545197,2.3752239135260624,2.3398783824813196,2.346947431564331,2887644.0
1995-03-02,2.346946652173705,2.3540158417239727,2.325739369152492,2.3398776054382324,1963227.0
1995-03-03,2.3116022718864992,2.318671464920044,2.297464028634276,2.318671464920044,1373253.0
1995-03-06,2.3045332431793213,2.3045332431793213,2.283325806695594,2.3045332431793213,1300433.0
1995-03-07,2.283324507251519,2.283324507251519,2.240909801237217,2.2550480365753174,2095892.0
1995-03-08,2.2833255350809774,2.2833255350809774,2.2550490516762345,2.262118101119995,1451898.0
1995-03-09,2.2550491266135726,2.2903948034514947,2.2550491266135726,2.276256561279297,1588535.0
1995-03-10,2.2762577279079945,2.3328107255813557,2.2479810862563863,2.3257415294647217,3668274.0
1995-03-13,2.3328085587027596,2.3540158417239727,2.325739369152492,2.3398776054382324,1656059.0
1995-03-14,2.396431727470658,2.396431727470658,2.346947804761577,2.3681552410125732,2101982.0
1995-03-15,2.3822944711179197,2.3822944711179197,2.3398797238602906,2.354017972946167,1515450.0
1995-03-16,2.3398787334487503,2.3964317058548112,2.3398787334487503,2.382293462753296,1697368.0
1995-03-17,2.389362375788256,2.4176390031835573,2.375224133498033,2.410569667816162,3992390.0
1995-03-20,2.410569171085042,2.4529840320303977,2.410569171085042,2.4459149837493896,2604838.0
1995-03-21,2.431776612076468,2.4459149943292937,2.3540163665748888,2.3610854148864746,2127138.0
1995-03-22,2.368155043537376,2.3964315276375476,2.3540168014872904,2.389362335205078,1750858.0
1995-03-23,2.382293285587462,2.3964315276375476,2.368155043537376,2.389362335205078,1913974.0
1995-03-24,2.389362375788256,2.424708052921241,2.382293326050572,2.410569667816162,1555700.0
1995-03-27,2.4317766636059526,2.452984094619751,2.417638566683194,2.452984094619751,1037751.0
1995-03-28,2.4459149837493896,2.4529840320303977,2.417638504995703,2.4459149837493896,1342006.0
1995-03-29,2.445915642641724,2.481261179197967,2.445915642641724,2.467122793197632,2580211.0
1995-03-30,2.467122636977054,2.4741916867147373,2.410569667816162,2.410569667816162,1674595.0
1995-03-31,2.3964305859389485,2.40349963277872,2.354015876455927,2.375223159790039,1756418.0
1995-04-03,2.3681562220320433,2.3893635242533953,2.354017972946167,2.354017972946167,1502475.0
1995-04-04,2.399602172849609,2.421091079711914,2.3852761867043,2.421091079711914,1759331.0
1995-04-05,2.413928270339966,2.4282542571460763,2.3996022835338557,2.413928270339966,1104481.0
1995-04-06,2.428253303384686,2.4497423475091167,2.413927322205488,2.4354162216186523,971286.0
1995-04-07,2.4425788655320844,2.478394031524658,2.428253030673054,2.478394031524658,1337505.0
1995-04-10,2.4783949083762127,2.4998836682674415,2.464068779026125,2.471231698989868,1318174.0
1995-04-11,2.4855573285060326,2.492720247029346,2.442579238521064,2.4569053649902344,1240058.0
1995-04-12,2.464067907243129,2.4855569489541733,2.449742072384099,2.478394031524658,1198750.0
1995-04-13,2.4927198663836885,2.4998827838132036,2.464067907243129,2.478394031524658,799961.0
1995-04-17,2.4998824353400964,2.5142085576246247,2.4783936860469926,2.4855566024780273,2160768.0
1995-04-18,2.492720247029346,2.492720247029346,2.449742446466921,2.4569053649902344,1723054.0
1995-04-19,2.4640675637624643,2.4927195189090616,2.4640675637624643,2.4855566024780273,1218610.0
1995-04-20,2.471230824672644,2.4927198663836885,2.464067907243129,2.478394031524658,1748739.0
1995-04-21,2.4855578283399558,2.4998836682674415,2.471231698989868,2.471231698989868,1620046.0
1995-04-24,2.478394623767394,2.5213724280370564,2.464068496062461,2.514209508895874,1488176.0
1995-04-25,2.4998835087438387,2.5213725566864014,2.492720589237179,2.5213725566864014,1273423.0
1995-04-26,2.5213724280370564,2.528535636600807,2.5070463003321235,2.514209508895874,1121428.0
1995-04-27,2.5213725566864014,2.535698685122304,2.5070464282504985,2.5213725566864014,1303346.0
1995-04-28,2.521372396004183,2.54286144257729,2.514209476954002,2.5285356044769287,1290900.0
1995-05-01,2.5428609771665545,2.578675855284954,2.535698059427377,2.5715129375457764,2570943.0
1995-05-02,2.5858387730241317,2.5858387730241317,2.5571868126449098,2.5715129375457764,1604688.0
1995-05-03,2.5786750316619873,2.6073269828898407,2.5715121162106285,2.5786750316619873,1934894.0
1995-05-04,2.578676212153979,2.6359801408428476,2.5571871665400154,2.607328176498413,1748474.0
1995-05-05,2.6144898983411995,2.6288160186663356,2.5643492007592696,2.5786750316619873,1458254.0
1995-05-08,2.5643503746930376,2.6216540139593545,2.5643503746930376,2.607328176498413,1052315.0
1995-05-09,2.621653795242309,2.6503057571963926,2.6001650408436423,2.6216537952423096,1169092.0
1995-05-10,2.6216541242216573,2.6359802517076827,2.5858392396404395,2.600165367126465,790428.0
1995-05-11,2.600166700044823,2.600166700044823,2.550025662273878,2.564351797103882,1037222.0
1995-05-12,2.564350750622363,2.6001656389476677,2.5500246216386846,2.5858395099639893,1299903.0
1995-05-15,2.6144916666923215,2.6359807170032616,2.593002905803996,2.6288177967071533,740910.0
1995-05-16,2.6359816029857646,2.6359816029857646,2.550025662273878,2.564351797103882,1987854.0
1995-05-17,2.550024051380443,2.5571869695591523,2.4712310831470568,2.492720127105713,2972380.0
1995-05-18,2.4855578283399558,2.521372717581272,2.471231698989868,2.471231698989868,1214373.0
1995-05-19,2.456904436791742,2.471230268426187,2.4425783157348633,2.4425783157348633,2459727.0
1995-05-22,2.456905545707427,2.5356985235271092,2.449742626657246,2.5285356044769287,1097861.0
1995-05-23,2.5213714740556594,2.5356975963401873,2.471230480193499,2.4855566024780273,1901794.0
1995-05-24,2.492720127105713,2.521372089243078,2.478394290748295,2.492720127105713,1952370.0
1995-05-25,2.4927204490671366,2.5428614616394043,2.4783946108593837,2.5428614616394043,2184335.0
1995-05-26,2.5356981046574187,2.5356981046574187,2.4855571007437716,2.499882936477661,3462260.0
1995-05-30,2.514209508895874,2.5213724280370564,2.4855575429085763,2.514209508895874,1684658.0
1995-05-31,2.5428601649827747,2.5786750316619873,2.5213711292062797,2.5786750316619873,2434571.0
1995-06-01,2.5643500198065987,2.6216536511425312,2.5428609771665545,2.5715129375457764,1935423.0
1995-06-02,2.571513206784118,2.593002251674073,2.550024161894163,2.557187080383301,2323620.0
1995-06-05,2.571513293423508,2.614491095228884,2.5571871665400154,2.607328176498413,1237675.0
1995-06-06,2.607328176498413,2.6216540139593545,2.6001652577679426,2.607328176498413,1224965.0
1995-06-07,2.6001656389476677,2.60732855872821,2.5858395099639893,2.5858395099639893,1683334.0
1995-06-08,2.5930020809173584,2.600164998934797,2.585838873477397,2.5930020809173584,1010742.0
1995-06-09,2.593002448094734,2.6073282861581957,2.564350482545247,2.600165367126465,2159709.0
1995-06-12,2.6001652577679426,2.643143059573318,2.5930023390374717,2.607328176498413,1878491.0
1995-06-13,2.6216540024215,2.64314304794089,2.6216540024215,2.6359801292419434,1043842.0
1995-06-14,2.6359801292419434,2.6359801292419434,2.614491083722553,2.6359801292419434,984526.0
1995-06-15,2.62881615325464,2.6574681059493965,2.614490032196045,2.614490032196045,1295931.0
1995-06-16,2.6503063198116243,2.678958577270625,2.635980480504713,2.67179536819458,4294526.0
1995-06-19,2.67895816666515,2.7219359674212407,2.6717949586870144,2.7076101303100586,1431774.0
1995-06-20,2.6932844165775363,2.700447336230992,2.6646324485411244,2.67179536819458,1634875.0
1995-06-21,2.6789575978846796,2.693283431954285,2.6503053509005023,2.657468557357788,1397879.0
1995-06-22,2.67895816666515,2.729098885976832,2.67895816666515,2.7076101303100586,1852541.0
1995-06-23,2.7076086175655214,2.7076086175655214,2.693282499035816,2.7004454135894775,606127.0
1995-06-26,2.693284918043392,2.71477397042742,2.643143892288208,2.643143892288208,1209871.0
1995-06-27,2.6574702037191478,2.7076112328712063,2.6431440713517045,2.686122179031372,1651822.0
1995-06-28,2.700446922331923,2.7434250125105586,2.686121085220741,2.7076101303100586,2614900.0
1995-06-29,2.707610141328029,2.707610141328029,2.657469132389766,2.6789581775665283,1340682.0
1995-06-30,2.693283680523965,2.7290985584259033,2.693283680523965,2.7290985584259033,2413917.0
1995-07-03,2.721936225891113,2.721936225891113,2.7004471787612365,2.7219362258911133,485378.0
1995-07-05,2.7147724724811764,2.7219353895159792,2.657468557357788,2.657468557357788,1723583.0
1995-07-06,2.6746034855483685,2.7325894832611084,2.667355309051138,2.7325894832611084,1950782.0
1995-07-07,2.7253418114913104,2.732589989330888,2.703596985105076,2.7180936336517334,1642819.0
1995-07-10,2.6963487945037237,2.7398384470703574,2.65285914193709,2.6601076126098633,890522.0
1995-07-11,2.6601072036893743,2.6818517337625476,2.6383623807487435,2.6528587341308594,1416415.0
1995-07-12,2.660107378221901,2.7325897356230398,2.652858908187806,2.725341558456421,1447926.0
1995-07-13,2.7108455397180555,2.718093717781978,2.6891007126587763,2.703597068786621,1193189.0
1995-07-14,2.6963484423615918,2.6963484423615918,2.667355442059479,2.6891002655029297,881784.0
1995-07-17,2.6963485108138996,2.6963485108138996,2.66735550977574,2.681851863861084,933420.0
1995-07-18,2.6963480567329605,2.6963480567329605,2.6456102402438613,2.6673550605773926,1215697.0
1995-07-19,2.681852158718841,2.7180936336517334,2.681852158718841,2.7180936336517334,2874934.0
1995-07-20,2.7253414558135525,2.834065280687938,2.7035966322651825,2.819568634033203,3291994.0
1995-07-21,2.819569014795805,2.819569014795805,2.75433482820875,2.7760796546936035,2394057.0
1995-07-24,2.7760788226057715,2.826816638240031,2.7688303540384367,2.8123199939727783,1273423.0
1995-07-25,2.8268184661865234,2.8413148269603505,2.797825158903656,2.8268184661865234,1101303.0
1995-07-26,2.8268155140186826,2.8340636868360107,2.797822237014771,2.7978222370147705,1212784.0
1995-07-27,2.80507080673133,2.8268156188570654,2.7470848363075753,2.7615811824798584,1353658.0
1995-07-28,2.7760773335452966,2.783325505357367,2.7615806970538967,2.768828868865967,1690218.0
1995-07-31,2.7615810895552135,2.790574073791504,2.7470847438707193,2.790574073791504,1284280.0
1995-08-01,2.783326739283389,2.783326739283389,2.7470855712890625,2.7470855712890625,1586152.0
1995-08-02,2.8123205986393947,2.884802956957571,2.8123205986393947,2.841313600540161,3485298.0
1995-08-03,2.826817262832847,2.9065477988834534,2.8050724380610994,2.8992996215820312,3828478.0
1995-08-04,2.8992989983352957,2.8992989983352957,2.8630578267512736,2.877554178237915,2490179.0
1995-08-07,2.884804202149439,2.8920526754039586,2.8268184661865234,2.8268184661865234,2101718.0
1995-08-08,2.834063986086619,2.8630569732846185,2.826815812503952,2.848560333251953,1040399.0
1995-08-09,2.848560333251953,2.8558087997019515,2.826815812503952,2.848560333251953,1320293.0
1995-08-10,2.848560333251953,2.8630569732846185,2.826815812503952,2.848560333251953,932096.0
1995-08-11,2.855809301075489,2.855809301075489,2.812319666209667,2.834064483642578,983202.0
1995-08-14,2.841313457581573,2.848561634475208,2.8123204571395677,2.819568634033203,1259389.0
1995-08-15,2.826817103794303,2.826817103794303,2.7978238104848328,2.819568634033203,783808.0
1995-08-16,2.8123188755167265,2.8123188755167265,2.790574064197443,2.7978222370147705,1044106.0
1995-08-17,2.790574073791504,2.7978222466337512,2.7833259009492566,2.790574073791504,1232644.0
1995-08-18,2.7978233497055256,2.819568169672696,2.7905751740056073,2.8123199939727783,1231055.0
1995-08-21,2.8123204571395677,2.848561634475208,2.8123204571395677,2.819568634033203,1322676.0
1995-08-22,2.8195678410648433,2.834064483642578,2.805071491354491,2.834064483642578,923093.0
1995-08-23,2.8268169863699164,2.8268169863699164,2.783327341079712,2.783327341079712,1273158.0
1995-08-24,2.7905751740056073,2.826816638240031,2.7905751740056073,2.8123199939727783,1203781.0
1995-08-25,2.819570324389427,2.8630599975585938,2.819570324389427,2.8630599975585938,1436010.0
1995-08-28,2.8703060024945946,2.877554178237915,2.848561182397214,2.877554178237915,855834.0
1995-08-29,2.8630578143255914,2.892050810040463,2.8558096386137275,2.8848023414611816,1487646.0
1995-08-30,2.892050718584256,2.9210437133822733,2.8775540747515436,2.9065470695495605,1503534.0
1995-08-31,2.9137949056599,2.950036071719529,2.9065467310214492,2.935539722442627,1483674.0
1995-09-01,2.8992993966793565,2.9210442197643283,2.870306396855214,2.8920512199401855,1155852.0
1995-09-05,2.9137961864471436,2.9210446571391038,2.8775550044573537,2.9137961864471436,1127783.0
1995-09-06,2.899298936915164,2.957284927368164,2.899298936915164,2.957284927368164,1724378.0
1995-09-07,2.97178227602296,2.9862786306395814,2.9500371583630653,2.964533805847168,1758272.0
1995-09-08,2.964533473164776,2.9862782955169678,2.964533473164776,2.9862782955169678,1213049.0
1995-09-11,3.000774648506796,3.008023117869159,2.9790301190220534,2.9862782955169678,1080384.0
1995-09-12,2.9935264720118817,2.9935264720118817,2.950036827307499,2.9862782955169678,723434.0
1995-09-13,2.9645338502069216,3.0152716778592734,2.9645338502069216,3.008023500442505,1225759.0
1995-09-14,3.0370157610850046,3.095001459121704,3.0225191169252685,3.095001459121704,1986530.0
1995-09-15,3.1384912990303597,3.1674842963327343,3.1094983017279847,3.160236120223999,6549828.0
1995-09-18,3.1529870686481094,3.174731590936671,3.138490427588383,3.1457386016845703,2738032.0
1995-09-19,3.1384897232055664,3.152986361011759,3.1312415507361133,3.1384897232055664,2431394.0
1995-09-20,3.138491286262836,3.174732459526515,3.138491286262836,3.1674842834472656,1283486.0
1995-09-21,3.1674843092774463,3.1674843092774463,3.1239949595798704,3.1529879570007324,2048493.0
1995-09-22,3.1167456124324695,3.160235242744297,3.109497438336282,3.1457386016845703,1993414.0
1995-09-25,3.1312427520751953,3.152987570693503,3.109497933456887,3.1312427520751953,1546432.0
1995-09-26,3.1312415507361133,3.181979050889572,3.1239933782666602,3.1384897232055664,2120783.0
1995-09-27,3.116745984408683,3.1819801447946134,3.109497809447443,3.174731969833374,1268127.0
1995-09-28,3.174731969833374,3.19647678758448,3.131242627198549,3.174731969833374,1152674.0
1995-09-29,3.1674834806856955,3.1892282962799077,3.138490490849199,3.1892282962799072,1569205.0
1995-10-02,3.1674843092774463,3.1674843092774463,3.1312431357182273,3.1529879570007324,1356835.0
1995-10-03,3.1674842834472656,3.1819806356057647,3.152987931288767,3.1674842834472656,1649439.0
1995-10-04,3.167483783187637,3.189228600858528,3.152987433318633,3.1819801330566406,1409795.0
1995-10-05,3.1700036908310745,3.191966843464824,3.155361786280577,3.184645891189575,1420917.0
1995-10-06,3.177324056625366,3.2212503537848045,3.162682154777519,3.177324056625366,901644.0
1995-10-09,3.1626810738755813,3.2578542907833103,3.1626810738755813,3.25053334236145,1430979.0
1995-10-10,3.2285708431895532,3.2724968382618904,3.1992867478720264,3.25785493850708,1925096.0
1995-10-11,3.2724975165329417,3.2724975165329417,3.2212505609615487,3.243213415145874,1703988.0
1995-10-12,3.250532813773773,3.250532813773773,3.1626805595740604,3.17000150680542,1888024.0
1995-10-13,3.1992870072947746,3.221250154515837,3.170002909602668,3.1919660568237305,1429920.0
1995-10-16,3.2066077276550855,3.2066077276550855,3.1187554408831715,3.133397340774536,1308642.0
1995-10-17,3.1260766151605437,3.1919660568237305,3.1187556646894996,3.1919660568237305,1452958.0
1995-10-18,3.177322454036779,3.184643697075938,3.155359612342701,3.17000150680542,1184980.0
1995-10-19,3.177324162923701,3.2724974155426025,3.1480400624403497,3.2724974155426025,1382521.0
1995-10-20,3.2724968644885384,3.2724968644885384,3.228570869064167,3.235891819000244,1289841.0
1995-10-23,3.2212505609615487,3.2724975165329417,3.213929313758806,3.243213415145874,888139.0
1995-10-24,3.2578571667871326,3.316425397481162,3.243214961209571,3.3091044425964355,1683069.0
1995-10-25,3.309100454652628,3.3383845347080983,3.2798160787894055,3.3017795085906982,1173594.0
1995-10-26,3.243211947793643,3.2724960359314776,3.199285963490808,3.2212491035461426,2614900.0
1995-10-27,3.1919667966639995,3.2139296531677246,3.1626826921843665,3.2139296531677246,1826326.0
1995-10-30,3.2139296531677246,3.235892805479449,3.206608700999816,3.2139296531677246,1371399.0
1995-10-31,3.2285714127215552,3.2724974155426025,3.221250461552707,3.2724974155426025,4262750.0
1995-11-01,3.2651766711303467,3.3091029725408414,3.2651766711303467,3.2944607734680176,1704518.0
1995-11-02,3.301780195484741,3.353027124387282,3.2871380045070056,3.331063985824585,1537164.0
1995-11-03,3.316423924173265,3.316423924173265,3.2798185743951933,3.2944607734680176,1205370.0
1995-11-06,3.2798183667114507,3.2944605648571055,3.250534562036058,3.2724974155426025,831472.0
1995-11-07,3.26517615705432,3.2798180580139156,3.2285711088473996,3.279818058013916,858217.0
1995-11-08,3.2944605648571055,3.2944605648571055,3.250534562036058,3.2724974155426025,1723583.0
1995-11-09,3.2871397151304595,3.2871397151304595,3.213929313758806,3.243213415145874,1282162.0
1995-11-10,3.2285700046650523,3.2505331444009053,3.1846440210011755,3.206606864929199,979760.0
1995-11-13,3.199287176132202,3.2066081269895976,3.1773240277520682,3.199287176132202,1529220.0
1995-11-14,3.1919646443072978,3.1992855915386573,3.1626805595740604,3.17000150680542,1585622.0
1995-11-15,3.1553618193308086,3.1626827716827393,3.1114355136032112,3.1626827716827393,2288137.0
1995-11-16,3.1553618193308086,3.17000372403467,3.140719618818941,3.1626827716827393,1716963.0
1995-11-17,3.1626827716827393,3.1773246763866005,3.118756465955142,3.1626827716827393,2143556.0
1995-11-20,3.1480406046055887,3.155361852843283,3.1260774515085235,3.1407196521759033,1470699.0
1995-11-21,3.126077418307073,3.17000372403467,3.126077418307073,3.1626827716827393,1395496.0
1995-11-22,3.1480406046055887,3.155361852843283,3.1407196521759033,3.1407196521759033,939775.0
1995-11-24,3.140719342938358,3.155361542164056,3.140719342938358,3.148040294647217,254473.0
1995-11-27,3.1626806925648405,3.184643830990269,3.1480385016786174,3.1553597450256348,1900470.0
1995-11-28,3.1480383693035416,3.206606538770017,3.140717422072182,3.17000150680542,1429390.0
1995-11-29,3.162682154777519,3.1919662542811618,3.162682154777519,3.177324056625366,1446602.0
1995-11-30,3.1919646443072978,3.2139274860013765,3.1626805595740604,3.17000150680542,1759861.0
1995-12-01,3.1773227772173382,3.2212490566890444,3.1700018292413303,3.206606864929199,1241647.0
1995-12-04,3.2212507660973735,3.2724977249322778,3.2139295184283987,3.265176773071289,1646526.0
1995-12-05,3.2651767730712895,3.294460876323229,3.2578558212103013,3.265176773071289,2064381.0
1995-12-06,3.2798183667114507,3.2871396136882574,3.2285714127215552,3.2724974155426025,2056172.0
1995-12-07,3.2432127429443636,3.2724968382618904,3.2358917930669584,3.25785493850708,1756154.0
1995-12-08,3.2651761691655437,3.2651761691655437,3.2212501703158947,3.2249104976654053,1502740.0
1995-12-11,3.2358923638904034,3.2724974155426025,3.206608263407052,3.2724974155426025,1370605.0
1995-12-12,3.272497107534118,3.301781501069171,3.272497107534118,3.279818058013916,743823.0
1995-12-13,3.30178024249849,3.345706224441528,3.30178024249849,3.3457062244415283,1261242.0
1995-12-14,3.331065051490982,3.367670392742108,3.331065051490982,3.338386297225952,1647850.0
1995-12-15,3.3676695356856614,3.3676695356856614,3.32374325568651,3.35302734375,4891386.0
1995-12-18,3.345706176802321,3.3823112105349398,3.3237430382396242,3.331063985824585,1763568.0
1995-12-19,3.3310646098435113,3.3749908951977554,3.323743660887094,3.360348701477051,2542610.0
1995-12-20,3.374992128848606,3.3823130804810297,3.2944607734680176,3.2944607734680176,1576884.0
1995-12-21,3.309101684207537,3.360348621490496,3.2871385420532047,3.3237435817718506,2886320.0
1995-12-22,3.331064530554007,3.3530276727083397,3.3237435817718506,3.3237435817718506,1299638.0
1995-12-26,3.3749908951977554,3.3969537420670086,3.3530277525206333,3.360348701477051,1069262.0
1995-12-27,3.3676712768382813,3.4042763318912224,3.3676712768382813,3.389634132385254,854774.0
1995-12-28,3.396955084234245,3.426239483246181,3.374992228687272,3.389634132385254,754150.0
1995-12-29,3.389632379877404,3.389632379877404,3.3457063956860855,3.35302734375,1264950.0
1996-01-02,3.3676694751289586,3.418916702270508,3.3603482313888606,3.418916702270508,1014449.0
1996-01-03,3.4335604360411005,3.4994495943161437,3.4335604360411005,3.470165491104126,2671302.0
1996-01-04,3.4848075220945622,3.5287335268844062,3.433560269999768,3.4628443717956543,3979944.0
1996-01-05,3.4262379701230157,3.4774849062418487,3.4262379701230157,3.455522060394287,3391558.0
1996-01-08,3.4434337472320817,3.4877699629581764,3.4212656393690346,3.428654909133911,447512.0
1996-01-09,3.436044124238444,3.436044124238444,3.3769293750596514,3.406486749649048,2241002.0
1996-01-10,3.3399835320402858,3.3769301844908393,3.2587006577943014,3.2808687686920166,2722409.0
1996-01-11,3.3030343055725098,3.317813135512722,3.243919582948166,3.3030343055725098,1968523.0
1996-01-12,3.3252030811624476,3.3473711813217477,3.251309812055866,3.2956457138061523,1734440.0
1996-01-15,3.295645894111992,3.310424429314521,3.258699257537339,3.273477792739868,1294872.0
1996-01-16,3.2956454452159054,3.4212641716003414,3.2882561786211246,3.421264171600342,2529370.0
1996-01-17,3.406485432613188,3.413874698761558,3.339981440141316,3.362149238586426,2754450.0
1996-01-18,3.369542080979462,3.369542080979462,3.3325954157299726,3.3473739624023438,2345598.0
1996-01-19,3.3325926469277567,3.3325926469277567,3.266088346449857,3.2956457138061523,2757098.0
1996-01-22,3.3030350817989245,3.3104243492214116,3.243920345282382,3.2586991786956787,2258744.0
1996-01-23,3.251310609065397,3.2660891470821225,3.229142503471922,3.2439210414886475,1555965.0
1996-01-24,3.2808665085145705,3.325202401198702,3.2586984128883785,3.3030343055725098,2324150.0
1996-01-25,3.3178138139654525,3.3178138139654525,3.288256446609157,3.2956457138061523,1481291.0
1996-01-26,3.251308044040001,3.3325908347114463,3.251308044040001,3.3252012729644775,2005860.0
1996-01-29,3.3252012729644775,3.3547586242478986,3.303033184859874,3.3252012729644775,1117986.0
1996-01-30,3.325202662720992,3.3325922275564026,3.295645299084177,3.3178133964538574,1374047.0
1996-01-31,3.3252058438252257,3.354763235738529,3.2956484519119225,3.3473739624023438,2242062.0
1996-02-01,3.3769281723463425,3.391706705093384,3.3473708082839795,3.391706705093384,1463814.0
1996-02-02,3.428654556664805,3.428654556664805,3.384318644064904,3.406486749649048,3091010.0
1996-02-05,3.413876369604158,3.436044477467205,3.3843189919762344,3.428654909133911,1625872.0
1996-02-06,3.436042244504196,3.4877676963806152,3.4212634160102664,3.4877676963806152,1883258.0
1996-02-07,3.487770041631751,3.5468844996526254,3.487770041631751,3.5394952297210693,2261127.0
1996-02-08,3.509936970066344,3.517326536710773,3.4434329602449285,3.4951584339141846,3368256.0
1996-02-09,3.5099375247955327,3.539494900339605,3.472990880007541,3.5099375247955322,2676334.0
1996-02-12,3.4877691403242963,3.55427314965922,3.4877691403242963,3.5468835830688477,2235442.0
1996-02-13,3.5468831853355804,3.5616620182907393,3.509936550800153,3.5173261165618896,2208962.0
1996-02-14,3.5025478575738265,3.509937125978138,3.3917076372357,3.399097204208374,2230410.0
1996-02-15,3.3843171238230454,3.3990959537632577,3.3030343055725098,3.3030343055725098,2293698.0
1996-02-16,3.3178138139654525,3.3178138139654525,3.266088346449857,3.2956457138061523,2989592.0
1996-02-20,3.251312255859375,3.28086964543207,3.2069760222160637,3.251312255859375,2399088.0
1996-02-21,3.2513113870178825,3.295647310244855,3.2513113870178825,3.2808687686920166,3213878.0
1996-02-22,3.339981440141316,3.384317335599807,3.3325921739929463,3.362149238586426,2501036.0
1996-02-23,3.3917081417683868,3.4212655183507965,3.303036012021158,3.310425281524658,2248946.0
1996-02-26,3.295646576063054,3.339982787981564,3.2660892009735107,3.2660892009735107,2150176.0
1996-02-27,3.280868768692017,3.303036581021274,3.221754005343748,3.2808687686920166,2438278.0
1996-02-28,3.310423026399918,3.3547592103550623,3.2217512556260357,3.229140520095825,2570414.0
1996-02-29,3.229142503471922,3.273478416090485,3.206974397878447,3.2439210414886475,2336595.0
1996-03-01,3.2660901560561273,3.2660901560561273,3.177418004857648,3.192196846008301,2017776.0
1996-03-04,3.1995861172993876,3.2143649584500404,3.162639163706995,3.192196846008301,2472702.0
1996-03-05,3.1848073528931944,3.280868768692017,3.1700285127718977,3.2808687686920166,1796138.0
1996-03-06,3.280867279531463,3.3252031826347084,3.2513099112731916,3.2586991786956787,1391259.0
1996-03-07,3.2439199664265415,3.2439199664265415,3.1921948019417656,3.221752166748047,1306523.0
1996-03-08,3.199586342296396,3.199586342296396,3.044410141429085,3.0887460708618164,2165005.0
1996-03-11,3.0739668654234324,3.1183027853107577,3.051798756195552,3.1109135150909424,2407297.0
1996-03-12,3.0813546338145366,3.0961334656195123,2.940957075224573,3.0296294689178467,4616523.0
1996-03-13,3.02224063873291,3.051798010962854,3.014851370317515,3.02224063873291,2529634.0
1996-03-14,3.014851592216365,3.044408966621788,3.000072755729461,3.0074620246887207,2769543.0
1996-03-15,3.007461803333757,3.066576846362007,3.007461803333757,3.02224063873291,5566361.0
1996-03-18,3.0517996144977495,3.103525117720844,3.0444103421997415,3.081357002258301,3417509.0
1996-03-19,3.118302583694458,3.140470691489042,3.0887452061578182,3.118302583694458,2417359.0
1996-03-20,3.1183018046272877,3.162637710571289,3.1183018046272877,3.162637710571289,1688894.0
1996-03-21,3.177416304151837,3.2291417726404483,3.177416304151837,3.1848058700561523,1643878.0
1996-03-22,3.1921960252670925,3.206974564049576,3.1183024356494675,3.147859811782837,1316850.0
1996-03-25,3.1552484217497474,3.1774165238589003,3.1478591539028096,3.170027256011963,2371549.0
1996-03-26,3.1626374709115255,3.1921951373921487,3.1552482035755296,3.1848058700561523,1782898.0
1996-03-27,3.1848065532071894,3.1921958221282067,3.147859611465335,3.1552488803863525,1529750.0
1996-03-28,3.1552488803863525,3.1848065532071894,3.147859611465335,3.1552488803863525,1679626.0
1996-03-29,3.177417544206148,3.184807112994399,3.096134974651313,3.1109135150909424,3133114.0
1996-04-01,2.9705148949227587,3.0000722644883666,2.8744535184766167,2.9483470916748047,12935480.0
1996-04-02,2.955736951121155,2.9779050573751884,2.955736951121155,2.970515489578247,10809136.0
1996-04-03,2.963125723633687,2.9779045581817627,2.9483471876539573,2.9779045581817627,7156485.0
1996-04-04,2.977904965207281,2.977904965207281,2.9335687540714455,2.940958023071289,4534965.0
1996-04-08,2.900254065427059,2.900254065427059,2.8404550000770317,2.8554046154022217,5458852.0
1996-04-09,2.8554046154022217,2.8853041480772355,2.8554046154022217,2.8554046154022217,3913214.0
1996-04-10,2.840455146480944,2.8778294887449167,2.825505530385215,2.8479299545288086,3152179.0
1996-04-11,2.8404546561708113,2.847929462928399,2.765705682521144,2.8030803203582764,2783578.0
1996-04-12,2.810554721627022,2.840454246368257,2.810554721627022,2.832979440689087,2757098.0
1996-04-15,2.8554046792268557,2.88530421257019,2.832980255737835,2.8853042125701904,1918476.0
1996-04-16,2.9077283176986795,2.937627844662731,2.9002535114638106,2.922678232192993,3262601.0
1996-04-17,2.952578014183946,2.9675276279449463,2.9376280983983434,2.9675276279449463,3368786.0
1996-04-18,2.960052490234375,2.98247721039418,2.9451028781442172,2.960052490234375,2194927.0
1996-04-19,2.937628660495642,2.982478114409516,2.937628660495642,2.9750030040740967,2908034.0
1996-04-22,2.997427436652872,3.027326968984127,2.997427436652872,3.0198521614074707,4669218.0
1996-04-23,3.01985159144419,3.01985159144419,2.975002150399824,3.0123767852783203,2443045.0
1996-04-24,3.034801655543877,3.034801655543877,2.9824777025691436,3.0049021244049072,2905915.0
1996-04-25,2.975001555401345,3.012376182804939,2.9600519460595183,2.9974262714385986,2808734.0
1996-04-26,2.99742703970246,3.0123769549005797,2.9824774265289307,2.9824774265289307,1616339.0
1996-04-29,2.9824766620967718,2.9974262714385986,2.9675267507304315,2.9974262714385986,1324530.0
1996-04-30,2.9974262714385986,2.9974262714385986,2.9899514667676854,2.9974262714385986,1184186.0
1996-05-01,2.9899514667676854,3.0049010761095123,2.9899514667676854,2.9974262714385986,1437864.0
1996-05-02,2.989952016439259,2.989952016439259,2.960052490234375,2.960052490234375,2781459.0
1996-05-03,2.960052821064446,2.9899523506110484,2.960052821064446,2.9675276279449463,2617018.0
1996-05-06,2.975002248598757,2.982477357035939,2.9451030229483632,2.952577829360962,2607486.0
1996-05-07,2.960052490234375,2.989952016439259,2.9451028781442172,2.960052490234375,2546317.0
1996-05-08,2.9451043570967297,2.9899535179138184,2.9301544354745532,2.9899535179138184,1963227.0
1996-05-09,2.9899514667676854,2.9974262714385986,2.9824766620967718,2.9974262714385986,3223675.0
1996-05-10,3.01985159144419,3.02732639761006,3.004901677087877,3.0123767852783203,2196516.0
1996-05-13,3.0198509874758526,3.0198509874758526,2.9824766620967718,2.9974262714385986,2291844.0
1996-05-14,3.0049010761095123,3.0198509874758526,2.9899514667676854,2.9974262714385986,2094303.0
1996-05-15,2.9974262714385986,3.0049010761095123,2.9899514667676854,2.9974262714385986,1805142.0
1996-05-16,2.9899523506110484,2.9974271574915488,2.9675276279449463,2.9675276279449463,1993679.0
1996-05-17,2.967528195763338,2.982478114409516,2.9600533874525787,2.9750030040740967,1867634.0
1996-05-20,2.9824782287546348,2.9899530373519703,2.930153964523944,2.945103883743286,1433098.0
1996-05-21,2.945103770831061,2.975003004074097,2.930153852184883,2.9750030040740967,1669034.0
1996-05-22,2.9675273442339543,3.0123767852783203,2.9675273442339543,3.0123767852783203,2336860.0
1996-05-23,3.012376736599064,3.019851542644143,2.9451028781442172,2.960052490234375,2481970.0
1996-05-24,2.975003596291642,3.0049031375112745,2.967528786492914,2.9899535179138184,2560881.0
1996-05-28,2.997426822484338,3.004901628529417,2.960052490234375,2.960052490234375,1338034.0
1996-05-29,2.9600519368443323,2.9750015461396186,2.930152416229248,2.930152416229248,1745562.0
1996-05-30,2.930153038427862,2.930153038427862,2.892778705228942,2.922678232192993,3164360.0
1996-05-31,2.922678301685985,2.952577829360962,2.9077283868362045,2.952577829360962,3201167.0
1996-06-03,2.9376282691955566,2.952578185850365,2.922678654565368,2.9376282691955566,3372758.0
1996-06-04,2.952577829360962,2.96005263577356,2.9451030229483632,2.952577829360962,2396175.0
1996-06-05,2.945103770831061,2.989952922720275,2.945103770831061,2.9750030040740967,2961788.0
1996-06-06,2.997427731031034,3.004902539341793,2.967528195763338,2.9750030040740967,3308411.0
1996-06-07,2.9451028781442172,2.967527296279454,2.93762777007457,2.960052490234375,2245769.0
1996-06-10,2.975002248598757,2.975002248598757,2.9451030229483632,2.952577829360962,2082652.0
1996-06-11,2.9675283095352922,2.9750031181326277,2.937628773121279,2.945103883743286,2311704.0
1996-06-12,2.9600529931654593,2.9600529931654593,2.9376282691955566,2.9376282691955566,2762394.0
1996-06-13,2.9451030229483632,2.96005263577356,2.9338903602925908,2.952577829360962,2435101.0
1996-06-14,2.9525771321966894,2.9525771321966894,2.930152416229248,2.930152416229248,2184070.0
1996-06-17,2.9301539034584327,2.945103822366213,2.9077291761090946,2.9152042865753174,2090066.0
1996-06-18,2.9002543972170565,2.9077292057347717,2.877829669639242,2.892779588699341,2596364.0
1996-06-19,2.892779709801312,2.892779709801312,2.870354981284719,2.8778297901153564,4389590.0
1996-06-20,2.8927780909665204,2.937627220876891,2.8853029842943654,2.930152416229248,3905006.0
1996-06-21,2.937628773121279,2.960053500937957,2.930153964523944,2.945103883743286,3329330.0
1996-06-24,2.9600529931654593,2.9600529931654593,2.9264159072106053,2.9376282691955566,1664798.0
1996-06-25,2.9525777591570446,2.960052565391913,2.9077283176986795,2.922678232192993,2335271.0
1996-06-26,2.937628833774348,2.9525787533023604,2.892779679239666,2.900254487991333,4306442.0
1996-06-27,2.90772873791056,2.9376282691955566,2.8927791232803712,2.9376282691955566,1941778.0
1996-06-28,2.937628773121279,2.960053500937957,2.907729236707266,2.945103883743286,2575445.0
1996-07-01,2.952577829360962,2.967527442186159,2.937627914511182,2.952577829360962,1843538.0
1996-07-02,2.9600519368443323,2.9600519368443323,2.922677611581605,2.930152416229248,1812026.0
1996-07-03,2.922678369785633,2.9824774265289307,2.9189408154799557,2.9824774265289307,2066499.0
1996-07-05,2.9451023275490464,2.9600519368443323,2.930152416229248,2.930152416229248,1441571.0
1996-07-08,2.926785570302432,2.9419109271017447,2.8587208535553055,2.8889715671539307,3237445.0
1996-07-09,2.896534135827751,2.949473488185196,2.8889711529373545,2.9419105052948,2466347.0
1996-07-10,2.9419105052948,2.949473488185196,2.911659490458412,2.9419105052948,2722409.0
1996-07-11,2.9494722691463235,2.9494722691463235,2.8889699589045374,2.91165828704834,1991031.0
1996-07-12,2.9116605616840405,2.994850959484355,2.9040978815863334,2.9797255992889404,2366518.0
1996-07-15,2.979725312633775,2.994850671374101,2.926785945892334,2.926785945892334,1859955.0
1996-07-16,2.926783763722686,2.9721601116868346,2.873844436452078,2.9343464374542236,3477089.0
1996-07-17,2.9419092893817624,2.9494722691463235,2.881407284714917,2.91165828704834,2642174.0
1996-07-18,2.911659490458412,2.949473488185196,2.911659490458412,2.9419105052948,3027194.0
1996-07-19,2.9570362670682817,2.9872872829437256,2.934347928767929,2.9872872829437256,2983766.0
1996-07-22,2.987287440074732,3.002412796020508,2.957036422608087,3.002412796020508,2650383.0
1996-07-23,2.9872872829437256,3.009975315669001,2.972161622218465,2.9872872829437256,3018190.0
1996-07-24,2.9343489075523403,2.9797255992889404,2.9343489075523403,2.9797255992889404,2351159.0
1996-07-25,2.9948494277763102,2.9948494277763102,2.941910083017695,2.9645984172821045,1715374.0
1996-07-26,2.972161054611206,2.98728671244785,2.9570357023495806,2.972161054611206,2138790.0
1996-07-29,2.97216049692845,2.97216049692845,2.9192211627960205,2.9192211627960205,1554641.0
1996-07-30,2.9343468933387316,2.9343468933387316,2.896533213231331,2.9040958881378174,1934894.0
1996-07-31,2.9040964344979545,2.964598456282288,2.888970776264358,2.957035779953003,2113898.0
1996-08-01,2.941910616363544,3.01753830909729,2.941910616363544,3.01753830909729,1564703.0
1996-08-02,3.0402265087051847,3.0780402043592083,3.0402265087051847,3.0629148483276367,2950137.0
1996-08-05,3.0629148483276367,3.085603187950089,3.047789492296065,3.0629148483276367,1843538.0
1996-08-06,3.0477886199951176,3.0553512958464064,3.0251002868662438,3.047788619995117,1960314.0
1996-08-07,3.0326636642989926,3.047789325075773,3.01753830909729,3.01753830909729,2350630.0
1996-08-08,3.017537777818711,3.0251004540880504,2.98728676716633,2.994849443435669,1705842.0
1996-08-09,3.0099747959743475,3.0099747959743475,2.98728676716633,2.994849443435669,1246149.0
1996-08-12,2.9872872931188073,3.01753830909729,2.9721616323420266,3.01753830909729,1429655.0
1996-08-13,3.00241264832051,3.0326636642989926,2.9948499707196583,3.01753830909729,2447546.0
1996-08-14,3.002412796020508,3.025101135514264,3.002412796020508,3.002412796020508,2196516.0
1996-08-15,3.0024126380939093,3.009975315669001,2.972161622218465,2.9872872829437256,3149002.0
1996-08-16,2.9872882793866475,3.002413639582062,2.9797255992889404,2.9797255992889404,2400147.0
1996-08-19,2.979724605368634,3.0024126380939093,2.979724605368634,2.9872872829437256,2878641.0
1996-08-20,2.9797255992889404,2.9872882793866475,2.9570372534206406,2.9797255992889404,2214258.0
1996-08-21,2.964597776558792,2.9721604511541053,2.949472427368164,2.949472427368164,2896382.0
1996-08-22,2.9570372534206406,2.9872882793866475,2.9570372534206406,2.9797255992889404,1427007.0
1996-08-23,2.9645984172821045,2.9797240753167187,2.9570357410523087,2.9645984172821045,1161942.0
1996-08-26,2.9645996483182993,2.9645996483182993,2.926785945892334,2.926785945892334,1725437.0
1996-08-27,2.9343464483445065,2.9343464483445065,2.8889697946370294,2.8965327739715576,2031281.0
1996-08-28,2.896533374696718,2.896533374696718,2.851156711578369,2.851156711578369,2588155.0
1996-08-29,2.851157267361874,2.8587202497391946,2.828469236955049,2.836031913757324,1656589.0
1996-08-30,2.836032060643539,2.8435947378375066,2.8057810462926067,2.820906400680542,2318589.0
1996-09-03,2.8057801723480225,2.820905522024713,2.7830918422580204,2.8057801723480225,2184600.0
1996-09-04,2.8133439793208836,2.88140869140625,2.805781301439196,2.88140869140625,2280987.0
1996-09-05,2.866283074994471,2.8814084293824065,2.8057810462926067,2.820906400680542,2672362.0
1996-09-06,2.8284698132157073,2.836032491558771,2.78309313200711,2.7982184886932373,1984941.0
1996-09-09,2.8133450398991404,2.8284707069396973,2.7982193728585836,2.8284707069396973,1996857.0
1996-09-10,2.8435947378375066,2.8435947378375066,2.798218063523578,2.820906400680542,1995268.0
1996-09-11,2.8209077206318165,2.8435960684050494,2.8133450398991404,2.8284707069396973,2690103.0
1996-09-12,2.843593894229129,2.8738448996055017,2.836031219278778,2.8662822246551514,2848718.0
1996-09-13,2.896534922836532,2.9343486252624973,2.8889719378912195,2.926785945892334,5013194.0
1996-09-16,2.9419105052948,2.949473488185196,2.9192221677737424,2.9419105052948,2790727.0
1996-09-17,2.9267841430827684,2.964597822216663,2.904095813372447,2.9192211627960205,2443045.0
1996-09-18,2.9192211627960205,2.9267841430827684,2.904095813372447,2.9192211627960205,1642554.0
1996-09-19,2.911660281576858,2.9343486252624973,2.911660281576858,2.926785945892334,1650498.0
1996-09-20,2.949473064822513,2.9797240753167187,2.8965337200638976,2.9645984172821045,3417774.0
1996-09-23,2.964598456282288,2.972161132611573,2.9419101217194066,2.957035779953003,2008773.0
1996-09-24,2.9419091111857614,2.9570347642237587,2.919220784416227,2.9343464374542236,1815469.0
1996-09-25,2.9494722691463235,2.9494722691463235,2.904095612858719,2.91165828704834,2292638.0
1996-09-26,2.9116597085080893,2.9116597085080893,2.8738460135245623,2.88140869140625,2753920.0
1996-09-27,2.8738460135245623,2.88140869140625,2.8587206577611872,2.88140869140625,1454546.0
1996-09-30,2.881407284714917,2.91165828704834,2.873844610525296,2.91165828704834,1962168.0
1996-10-01,2.904095813372447,2.9267841430827684,2.904095813372447,2.9192211627960205,1947339.0
1996-10-02,2.919222699271506,3.032664101955804,2.911660020579252,3.02510142326355,2967878.0
1996-10-03,3.025101135514264,3.025101135514264,2.987287440074732,3.002412796020508,2109662.0
1996-10-04,3.0250994173495123,3.0250994173495123,3.002411090742037,3.0099737644195557,2023072.0
1996-10-07,2.98728676716633,3.0099747959743475,2.98728676716633,2.994849443435669,1385963.0
1996-10-08,2.9914415442195526,3.0067428836962558,2.9761398956123903,2.983790874481201,1695250.0
1996-10-09,2.9990922141138796,2.9990922141138796,2.9378862379429656,2.960838556289673,2139054.0
1996-10-10,2.9531877621093168,2.968489411674222,2.9225847721099854,2.9225847721099854,2919685.0
1996-10-11,2.930234801155137,2.968488448965666,2.922583824288728,2.9455361366271973,1492942.0
1996-10-14,2.930236403582425,2.9761407442322043,2.930236403582425,2.953188419342041,1879286.0
1996-10-15,2.9455370918921036,2.9531877621093168,2.876680441676227,2.9225847721099854,2198370.0
1996-10-16,2.9531874134950105,3.037345703341176,2.9455367441809344,3.0296950340270996,4476709.0
1996-10-17,3.0296948506748005,3.0296948506748005,2.991441197289027,3.0220441818237305,2803702.0
1996-10-18,3.022044781859428,3.0755997835808415,3.022044781859428,3.060298442840576,3996626.0
1996-10-21,3.0679485246705323,3.0832501716058895,3.0602978557680665,3.075599193572998,1649439.0
1996-10-22,3.0755999658675233,3.0832509458216038,3.0449969734427094,3.0679492950439453,2087154.0
1996-10-23,3.060298442840576,3.067949113210709,3.0526477724704435,3.060298442840576,2134818.0
1996-10-24,3.052647351099771,3.0679486897279236,3.0296950340270996,3.0296950340270996,1141818.0
1996-10-25,3.0220456711719494,3.0449976890365527,3.006744016798305,3.014394998550415,1934894.0
1996-10-28,3.006742534991167,3.0449961883769405,3.006742534991167,3.0220441818237305,1958461.0
1996-10-29,3.0220456711719494,3.029696343793484,3.006744016798305,3.014394998550415,2061998.0
1996-10-30,3.0220445323034184,3.0220445323034184,2.9761398956123903,2.983790874481201,2321502.0
1996-10-31,2.968488638796814,2.9914409526030545,2.968488638796814,2.9761393070220947,1983352.0
1996-11-01,2.9837910580415494,2.991441728250564,2.968489408493042,2.968489408493042,3168067.0
1996-11-04,2.983791601225633,2.983791601225633,2.9149346294180063,2.937886953353882,3212818.0
1996-11-05,2.960838556135687,3.02969520204177,2.9531875772668763,2.983790874481201,3080154.0
1996-11-06,2.983790763145027,2.9990921020507812,2.9684891151088255,2.9990921020507812,3423070.0
1996-11-07,2.976139839945039,3.0067428274564896,2.976139839945039,2.991441488265991,3595984.0
1996-11-08,2.983790874481201,2.983790874481201,2.968489225874039,2.983790874481201,2573856.0
1996-11-11,2.983790874481201,3.0067428836962558,2.9761398956123903,2.983790874481201,1841154.0
1996-11-12,2.9990921020507812,3.037345758445614,2.983790763145027,2.9990921020507812,3144235.0
1996-11-13,2.9837902843777737,2.9914409526030545,2.968488638796814,2.9761393070220947,2227233.0
1996-11-14,2.976139839945039,2.991441488265991,2.960838500754541,2.991441488265991,1976732.0
1996-11-15,2.999093473395874,3.0449978202334935,2.9837921274935306,3.006744146347046,3393942.0
1996-11-18,2.999091866140097,3.0296948506748005,2.999091866140097,3.0220441818237305,2132964.0
1996-11-19,3.0220456711719494,3.0449976890365527,3.014394998550415,3.014394998550415,3224205.0
1996-11-20,3.014393533222845,3.0832501716058895,3.014393533222845,3.075599193572998,3736063.0
1996-11-21,3.0832518731591705,3.1368072032928467,3.067950217779293,3.1368072032928467,4427721.0
1996-11-22,3.144455141786952,3.1521058082580566,3.1215028332433117,3.1521058082580566,3990271.0
1996-11-25,3.144456041477719,3.182709693908691,3.1368053728176077,3.1827096939086914,2708374.0
1996-11-26,3.1903603625688026,3.2056620090194405,3.167408047458053,3.1827096939086914,3120668.0
1996-11-27,3.190361494722138,3.2209644893529856,3.182710823347058,3.2133138179779053,2112839.0
1996-11-29,3.213314474081217,3.2209651470184326,3.213314474081217,3.2209651470184326,456515.0
1996-12-02,3.205662322897533,3.2515666484832764,3.1750593361302224,3.2515666484832764,2298729.0
1996-12-03,3.2362641372406977,3.274517783212825,3.167407512664795,3.167407512664795,3006010.0
1996-12-04,3.152106527921396,3.175058841705322,3.121503545919627,3.1750588417053223,2298464.0
1996-12-05,3.1597571961392386,3.175058841705322,3.1368051914857102,3.1750588417053223,1441836.0
1996-12-06,3.0985526399278482,3.1444572883519553,3.0832512965401713,3.1291556358337402,2016982.0
1996-12-09,3.1291556358337402,3.1444572883519553,3.1291556358337402,3.1291556358337402,2538108.0
1996-12-10,3.136807393612965,3.1444580672017963,3.1215057373046875,3.1215057373046875,1438923.0
1996-12-11,3.0985516772503527,3.0985516772503527,3.0296950351375442,3.052647352218628,1722259.0
1996-12-12,3.0602971899471614,3.0755985244230213,3.0373448791030127,3.0449955463409424,2479058.0
1996-12-13,3.0296942118650825,3.052646522709231,3.0067419010209337,3.0449955463409424,2164210.0
1996-12-16,3.060298624220368,3.098552287468759,3.037346302619132,3.0679492950439453,3719381.0
1996-12-17,3.0449978202334935,3.060299475266426,3.006744146347046,3.006744146347046,3069297.0
1996-12-18,3.0220447182170997,3.033520568965382,2.968489408493042,2.968489408493042,2527781.0
1996-12-19,3.014392877389222,3.044995546340943,2.987615078360929,3.0449955463409424,1241912.0
1996-12-20,3.1827096844619787,3.1827096844619787,3.1062020706967037,3.1138527393341064,5935492.0
1996-12-23,3.12915622103761,3.152108549542128,3.1215055479129696,3.1368072032928467,1335386.0
1996-12-24,3.1368071360119747,3.213314483878579,3.1368071360119747,3.1980128288269043,1408206.0
1996-12-26,3.213314105749194,3.2821707725524902,3.2056634336889505,3.2821707725524902,2038695.0
1996-12-27,3.297471768042007,3.381629762178417,3.2821701178432563,3.373979091644287,2494151.0
1996-12-30,3.3663279996945548,3.3816293388473078,3.2745187282562256,3.2745187282562256,2298199.0
1996-12-31,3.2745181467980733,3.289819792364157,3.1674078643570813,3.1750588417053223,2196781.0
1997-01-02,3.17506080026455,3.2286158199556483,3.0909024705634116,3.2209651470184326,3173363.0
1997-01-03,3.236265477666082,3.2439164573337496,3.213313466054554,3.2286148071289062,2714730.0
1997-01-06,3.2439168126087523,3.2668688267339934,3.182710823347058,3.2133138179779053,2530958.0
1997-01-07,3.205661823707091,3.2133124919249334,3.121503545919627,3.1750588417053223,4540526.0
1997-01-08,3.2025566698831534,3.21029255032137,3.125200365987595,3.1561429500579834,2436160.0
1997-01-09,3.1716139066193296,3.1716139066193296,3.132935448107765,3.1406710147857666,2899295.0
1997-01-10,3.094256744238529,3.125199317932129,3.0710497358281494,3.125199317932129,4259838.0
1997-01-13,3.1484072929303135,3.1638787423432815,3.1097291382391665,3.117465019226074,4456584.0
1997-01-14,3.148407069619767,3.187085534128372,3.125200365987595,3.1561429500579834,4639561.0
1997-01-15,3.1716152174528665,3.256707111201056,3.132936742955428,3.2412359714508057,3715409.0
1997-01-16,3.241234349999947,3.2489699160053,3.171613630830275,3.2025558948516846,2307467.0
1997-01-17,3.2102933793893986,3.264442681076181,3.202557496953367,3.2412359714508057,2165005.0
1997-01-20,3.2489698814898347,3.3031191555127966,3.2257628711595667,3.2644410133361816,1820765.0
1997-01-21,3.210292830094069,3.279913572179591,3.1716146747755407,3.2489709854125977,3033549.0
1997-01-22,3.2489705362241525,3.3108553886413574,3.2489705362241525,3.3108553886413574,3665891.0
1997-01-23,3.3495329171621595,3.388211056347888,3.3185903433014317,3.341797351837158,4431163.0
1997-01-24,3.3340611828568494,3.3417967467812724,3.2799116102645574,3.2953827381134033,3630938.0
1997-01-27,3.2644401698550456,3.2953827381134033,3.2489690420062,3.2953827381134033,3463584.0
1997-01-28,3.303119649850987,3.326326663654369,3.2721770689667418,3.2799129486083984,3898121.0
1997-01-29,3.2876486861952094,3.3185912686842167,3.2876486861952094,3.3108553886413574,2508450.0
1997-01-30,3.3185903433014317,3.341797351837158,3.3031189000907064,3.341797351837158,1824737.0
1997-01-31,3.357269159151105,3.4191543193456315,3.3495335922669853,3.4036831855773926,3180248.0
1997-02-03,3.3959477648804346,3.4036836453703554,3.3495340447450483,3.3650054931640625,3070886.0
1997-02-04,3.3804742069207796,3.41141676902771,3.3650030821476165,3.41141676902771,2473232.0
1997-02-05,3.4268910706845888,3.4810406827110185,3.3185921591926233,3.349534749984741,3780814.0
1997-02-06,3.365004420504,3.3727399859672325,3.2799122627262594,3.3185904026031494,2787285.0
1997-02-07,3.334061861038208,3.365004435590593,3.272176399372708,3.334061861038208,3111135.0
1997-02-10,3.2953820829865705,3.4191523314142915,3.2953820829865705,3.41141676902771,3612666.0
1997-02-11,3.411418227757307,3.4500963687896733,3.3804756524192663,3.450096368789673,2227498.0
1997-02-12,3.4346258963439653,3.488775491714478,3.4346258963439653,3.4887754917144775,2432982.0
1997-02-13,3.4965100034549996,3.5661307121670087,3.4887744386115993,3.5583951473236084,3513366.0
1997-02-14,3.5506613948025403,3.55839727683616,3.473305074953465,3.5042476654052734,2642439.0
1997-02-18,3.519716115910134,3.527451992034912,3.4500954187116872,3.527451992034912,1897027.0
1997-02-19,3.527453095035412,3.5429242270013397,3.4887749525598437,3.519717216491699,1908678.0
1997-02-20,3.4810379855288467,3.5351875555990393,3.4810379855288467,3.527451992034912,2916242.0
1997-02-21,3.5274536494884208,3.5274536494884208,3.488775500933335,3.5119822025299072,1926950.0
1997-02-24,3.4810383319854736,3.488774208880179,3.457831326422722,3.4810383319854736,4704702.0
1997-02-25,3.473304044796847,3.4965110588928945,3.4578325978792157,3.4887754917144775,2655679.0
1997-02-26,3.4810397516000817,3.488775631649583,3.426890154057624,3.4655683040618896,1976997.0
1997-02-27,3.450097030700799,3.4965110588928945,3.4191544494263346,3.4887754917144775,2991181.0
1997-02-28,3.4733029963640956,3.5661307121670087,3.4578315541165914,3.5583951473236084,4317829.0
1997-03-03,3.5351880503938635,3.5506591796875,3.5042454792458946,3.5506591796875,2624433.0
1997-03-04,3.5351892166872783,3.5506603510849932,3.50424663533105,3.5119822025299072,3112724.0
1997-03-05,3.4965094252177527,3.5351875555990393,3.4810379855288467,3.527451992034912,4555884.0
1997-03-06,3.519716115910134,3.5429231191631665,3.519716115910134,3.527451992034912,5682608.0
1997-03-07,3.527453445478734,3.5738671585483472,3.511981999415009,3.566131591796875,3607635.0
1997-03-10,3.5738688308002993,3.5893399715423584,3.5506618071262848,3.5893399715423584,1721730.0
1997-03-11,3.589337736868606,3.6048091805392772,3.566131040203697,3.573866605758667,2001623.0
1997-03-12,3.5738674991468047,3.5738674991468047,3.4578327365731987,3.4655683040618896,2755509.0
1997-03-13,3.4346250734193413,3.4346250734193413,3.334061786512157,3.341797351837158,3889647.0
1997-03-14,3.3727401601055793,3.442360877990722,3.357268715819578,3.4423608779907227,3035667.0
1997-03-17,3.3882106602900515,3.4423602363568038,3.380475095869283,3.434624671936035,2557438.0
1997-03-18,3.4268894337047215,3.457832009715979,3.4191538678420934,3.4423608779907227,1881669.0
1997-03-19,3.419153630208616,3.4423606387443426,3.326325908626433,3.341797351837158,2951726.0
1997-03-20,3.3340617712524168,3.341797336542013,3.2953833196829936,3.3263258934020996,2349306.0
1997-03-21,3.3572683492732867,3.4191534945391866,3.341797219237167,3.372739791870117,3330125.0
1997-03-24,3.395946186629172,3.488774208880179,3.3882106222951487,3.4810383319854736,3284579.0
1997-03-25,3.4868654059489623,3.4946834126165416,3.400866700821945,3.4165027141571045,1972495.0
1997-03-26,3.4165043021642916,3.4165043021642916,3.3617775982703653,3.393049955368042,1753241.0
1997-03-27,3.3930479214659677,3.400866242972809,3.1975958857387154,3.2366862297058105,4064150.0
1997-03-31,3.244506623557615,3.299233013709908,3.205416254622555,3.283596992492676,4380057.0
1997-04-01,3.2679596329947653,3.3070499897003174,3.2132332599637445,3.3070499897003174,3066119.0
1997-04-02,3.3070475572794216,3.3070475572794216,3.2288669013722564,3.260139226913452,4190990.0
1997-04-03,3.2210497856140137,3.267958128892381,3.197595456028962,3.2210497856140137,3162771.0
1997-04-04,3.197596663156094,3.22105100159541,3.1506883021693155,3.21323299407959,3548055.0
1997-04-07,3.2288676669645713,3.3070483414090472,3.2132316584323655,3.2992303371429443,5122821.0
1997-04-08,3.3148683137549324,3.330504330080401,3.299231981537583,3.3070499897003174,3751422.0
1997-04-09,3.299230463041871,3.3070484676063097,3.2054137764851363,3.2210497856140137,2168447.0
1997-04-10,3.2366861088410177,3.283594772563284,3.19759576633364,3.2523224353790283,2979000.0
1997-04-11,3.236686786397676,3.244505109249225,3.17414209893628,3.181960105895996,4171394.0
1997-04-14,3.1428697811127675,3.1428697811127675,3.0803254090276404,3.119415760040283,3335421.0
1997-04-15,3.1585063096851362,3.2679593625821886,3.1506883021693155,3.21323299407959,2926570.0
1997-04-16,3.1975945758310607,3.260139226913452,3.1741402527022515,3.260139226913452,3186868.0
1997-04-17,3.252322119763504,3.252322119763504,3.2054137764851363,3.2210497856140137,2228557.0
1997-04-18,3.213233384486645,3.2210513929523517,3.181960718840032,3.189779043197632,2768749.0
1997-04-21,3.2054145413535307,3.2054145413535307,3.142869542238476,3.1741418838500977,1463285.0
1997-04-22,3.1819615910127474,3.283596992492676,3.142871222077687,3.283596992492676,2843158.0
1997-04-23,3.2835948951797467,3.2914129007948096,3.2132322128606203,3.2366862297058105,2389820.0
1997-04-24,3.2132330548253725,3.2366870778162298,3.1428700381772186,3.1663243770599365,3030106.0
1997-04-25,3.1350518040556135,3.260141181205229,3.1350518040556135,3.2445051670074463,4452347.0
1997-04-28,3.252323026065482,3.3226857185363774,3.244505019322454,3.322685718536377,3731297.0
1997-04-29,3.3774124096364906,3.4790474453358997,3.3774124096364906,3.4555931091308594,5370409.0
1997-04-30,3.4321384148251104,3.471229076385498,3.42432040886975,3.471229076385498,4269106.0
1997-05-01,3.4399585723876958,3.4634126027698953,3.416504226113535,3.4399585723876953,4465322.0
1997-05-02,3.4555922527829557,3.494682592842964,3.4243199175566,3.479046583175659,5043646.0
1997-05-05,3.494684808778852,3.557229518890381,3.463412453723087,3.557229518890381,3663508.0
1997-05-06,3.5572295714486746,3.592411089865699,3.5259575318228102,3.541593551635742,3990271.0
1997-05-07,3.5415921312881244,3.5415921312881244,3.4555931091308594,3.4555931091308594,3926719.0
1997-05-08,3.5025024237487776,3.619773820961415,3.486866405929445,3.5337750911712646,7339197.0
1997-05-09,3.565047227202683,3.580683244076853,3.518138544796389,3.525956869125366,3256775.0
1997-05-12,3.5181378753629016,3.588500569691793,3.4946835386226605,3.565046548843384,3673306.0
1997-05-13,3.572865854364237,3.572865854364237,3.518139154043662,3.557229518890381,3985240.0
1997-05-14,3.5728659071535582,3.58850192696649,3.518139206024393,3.541593551635742,2005330.0
1997-05-15,3.5259559174981616,3.596318606225386,3.5025012667333444,3.5806822776794434,3380437.0
1997-05-16,3.572864011371807,3.596318344538156,3.5494096782054587,3.5885000228881836,3842778.0
1997-05-19,3.5728643861446674,3.6119547349277443,3.5650463795664153,3.5963187217712402,2039754.0
1997-05-20,3.580683503833016,3.635410198646474,3.541593142919938,3.6197738647460938,2380552.0
1997-05-21,3.6119562192109558,3.627592238792865,3.5103211442527074,3.557229518890381,2780400.0
1997-05-22,3.572863057988549,3.572863057988549,3.4634097430133157,3.4946820735931396,2978735.0
1997-05-23,3.4790487891969426,3.572865854364237,3.4790487891969426,3.557229518890381,2156796.0
1997-05-27,3.572864127043004,3.627590485013867,3.565046121031709,3.6041364669799805,3871376.0
1997-05-28,3.6041378215247883,3.651046507005863,3.596319812575247,3.627591848373413,4861993.0
1997-05-29,3.6275903675709085,3.635408689220881,3.572864011371807,3.5885000228881836,2973704.0
1997-05-30,3.572862891474615,3.682315885457072,3.565044888166944,3.6588618755340576,3287492.0
1997-06-02,3.6588626120438703,3.6901349474611984,3.619771955853399,3.6510446071624756,2261922.0
1997-06-03,3.6354088558372357,3.674499202311531,3.60413651547944,3.6432268619537354,2140908.0
1997-06-04,3.6119546188795217,3.6119546188795217,3.557227942806433,3.5806822776794434,2132964.0
1997-06-05,3.5728641288773257,3.580682134892635,3.510319448971263,3.5181374549865723,2036047.0
1997-06-06,3.51813813337582,3.6979542017519518,3.5103201258529944,3.690136194229126,3511513.0
1997-06-09,3.682318568563785,3.682318568563785,3.6041378467376286,3.6197738647460938,2927099.0
1997-06-10,3.635410198646474,3.643228207650707,3.5963198377333963,3.6197738647460938,7058774.0
1997-06-11,3.6275907480842484,3.643227077132569,3.5885003993011715,3.5963187217712402,2480117.0
1997-06-12,3.604137163802473,3.705772209274778,3.596319156279647,3.690136194229126,2949342.0
1997-06-13,3.7135895273064623,3.7995885417659334,3.705771521235182,3.7917702198028564,4482534.0
1997-06-16,3.7761342076602964,3.7995885417659334,3.760498195517736,3.7917702198028564,3529254.0
1997-06-17,3.7839512838823057,3.8386779447166037,3.7526789513900956,3.8152239322662354,5247012.0
1997-06-18,3.783949408448545,3.799585724890703,3.7604954076226513,3.768313407897949,2482500.0
1997-06-19,3.6901355090926216,3.7995885417659334,3.682317187129545,3.7917702198028564,3637822.0
1997-06-20,3.8152244116517378,3.8230424167841983,3.7761337542059183,3.783951759338379,5538557.0
1997-06-23,3.76831857426093,3.783954596248505,3.7448642253875732,3.7448642253875732,2983502.0
1997-06-24,3.7448634138972667,3.799590110778809,3.705773051506991,3.7995901107788086,3553086.0
1997-06-25,3.7761342510669724,3.7878614182545944,3.6275905545461566,3.67840838432312,3442135.0
1997-06-26,3.6627725658935573,3.7604987621307377,3.651045712965592,3.7604987621307373,3687075.0
1997-06-27,3.7604995540255506,3.768317562921143,3.7214091936556764,3.748772382736206,3320062.0
1997-06-30,3.7487717406761023,3.8699519634246826,3.729226563838709,3.8699519634246826,3132584.0
1997-07-01,3.850407860213462,3.850407860213462,3.807408332824707,3.807408332824707,2415506.0
1997-07-02,3.8152232653251077,3.8269501115544564,3.787859781745524,3.811314105987549,2652766.0
1997-07-03,3.8347688427313025,3.8777683400453133,3.8347688427313025,3.8543143272399902,1692602.0
1997-07-07,3.873860574791906,3.8934057488525284,3.8504062395624348,3.881678581237793,4423219.0
1997-07-08,3.8757214553118406,3.9033486843109135,3.8678280068749764,3.903348684310913,2321237.0
1997-07-09,3.911241653325134,3.915188217267945,3.7533711221119064,3.7888917922973633,3290140.0
1997-07-10,3.836252389019373,3.9072940349578857,3.8204651793997195,3.9072940349578857,2672362.0
1997-07-11,3.8836132613587857,3.907293594710168,3.8204647489352954,3.824411630630493,2370490.0
1997-07-14,3.7967850602853437,3.8204653976576926,3.7257434102883185,3.7336368560791016,3624318.0
1997-07-15,3.721798888981726,3.7415326754475253,3.6941716517176464,3.709958553314209,3664567.0
1997-07-16,3.70995689269913,3.749424447964642,3.6823296678012816,3.6941699981689453,2885261.0
1997-07-17,3.6744350529872167,3.6783819351782565,3.536298322520485,3.571819305419922,4461880.0
1997-07-18,3.5639264583587646,3.6073408939895626,3.508671693106838,3.5639264583587646,6124559.0
1997-07-21,3.5836596330530672,3.6152337337614635,3.5560324145357107,3.571819305419922,4300352.0
1997-07-22,3.5836620647809427,3.7099585533142085,3.5836620647809427,3.709958553314209,3892560.0
1997-07-23,3.749423373855511,3.761263700831239,3.709955829896391,3.713902711868286,3935987.0
1997-07-24,3.7099564935361027,3.7099564935361027,3.615234179726244,3.6507551670074463,4039524.0
1997-07-25,3.650755275587799,3.6981162744313267,3.646808392792495,3.674435615539551,2661240.0
1997-07-28,3.6665430409101627,3.733638150747549,3.6665430409101627,3.72969126701355,1886700.0
1997-07-29,3.729689973713715,3.7415303018698842,3.698115871610594,3.7336368560791016,2129786.0
1997-07-30,3.7257455624492826,3.7967872534832368,3.713905227453595,3.784946918487549,2915713.0
1997-07-31,3.7809966228981646,3.7809966228981646,3.7020615527233716,3.737582206726074,2573062.0
1997-08-01,3.7336357465321375,3.7494226334222196,3.666540679899553,3.686274766921997,3648679.0
1997-08-04,3.6941716517176464,3.7257457738509627,3.654703759845857,3.709958553314209,3322975.0
1997-08-05,3.713905890031666,3.7178524564408657,3.654704204491371,3.66259765625,2274897.0
1997-08-06,3.6665423052304034,3.725743954661273,3.6625954222883337,3.678382635116577,2819061.0
1997-08-07,3.6823317640569186,3.6981186675741773,3.6428641863235423,3.66259765625,2937426.0
1997-08-08,3.6586492153753194,3.6744361108043497,3.599447879106356,3.642862319946289,2829653.0
1997-08-11,3.7060121193328066,3.7099590046822364,3.6428641863235423,3.66259765625,3547790.0
1997-08-12,3.6902213291745705,3.7454757522297517,3.6547003552620443,3.686274766921997,3105310.0
1997-08-13,3.7060097212273146,3.709956604022773,3.5955005112947314,3.631021499633789,2712876.0
1997-08-14,3.670488312204737,3.682328639265198,3.5876063417214654,3.61918044090271,2547906.0
1997-08-15,3.556033236405245,3.5876073444110417,3.5205122452962057,3.552086353302002,3082802.0
1997-08-18,3.575767641843829,3.5836610904961295,3.461311520095103,3.5678741931915283,3059499.0
1997-08-19,3.5560317882475436,3.575765557847284,3.4573626213089232,3.5244576930999756,2133758.0
1997-08-20,3.520511505487891,3.5441921612509435,3.5007777319986744,3.528404951095581,2871226.0
1997-08-21,3.5362987728448205,3.5560328673730535,3.500778104362036,3.5323522090911865,2887644.0
1997-08-22,3.5165659922429358,3.5165659922429358,3.402109880463519,3.4968318939208984,3384674.0
1997-08-25,3.5165658517242826,3.548139642321699,3.437630418410549,3.4652576446533203,2325738.0
1997-08-26,3.4534177780151363,3.4849922107378077,3.4336843157086543,3.4534177780151367,2799201.0
1997-08-27,3.465256265869056,3.5126175708008094,3.4494693768517637,3.500777244567871,2619402.0
1997-08-28,3.5007786467041178,3.5007786467041178,3.4297369797927284,3.4494707584381104,3300732.0
1997-08-29,3.425789391980296,3.453416612614331,3.3823749603125277,3.433683156967163,2705726.0
1997-09-02,3.425788526161355,3.5244576930999756,3.417895082109443,3.5244576930999756,3799615.0
1997-09-03,3.5639264583587646,3.619181223610692,3.5520861287376357,3.5639264583587646,4514840.0
1997-09-04,3.5639261424816273,3.623127466400126,3.5599795789177273,3.6073405742645264,2434306.0
1997-09-05,3.678382595250407,3.678382595250407,3.59944748878479,3.59944748878479,3066649.0
1997-09-08,3.6270747122597498,3.6586488186340027,3.5915537229862027,3.59944748878479,2384789.0
1997-09-09,3.6033940527440516,3.6389150420175986,3.5915537229862027,3.59944748878479,2357779.0
1997-09-10,3.6073406821203884,3.623127574728,3.579713141647053,3.587606906890869,2580476.0
1997-09-11,3.5955022564395716,3.6152360421149825,3.5481409156664414,3.57576847076416,3294377.0
1997-09-12,3.591554112451774,3.6428623199462895,3.567873769308229,3.642862319946289,2852161.0
1997-09-15,3.6270745957686166,3.674435594338882,3.619181149163576,3.6349680423736572,2043462.0
1997-09-16,3.662595851856941,3.8323067352299653,3.658649287392033,3.812572956085205,5186108.0
1997-09-17,3.792838265540069,3.792838265540069,3.7139031679287444,3.7178497314453125,3073004.0
1997-09-18,3.749423778234645,3.7849447629928012,3.7375834499819263,3.757317543029785,3137086.0
1997-09-19,3.7652119499257957,3.812572956085205,3.7415312873760542,3.812572956085205,4851666.0
1997-09-22,3.8086258877715435,3.8599337705483387,3.7888917922973633,3.7888917922973633,2861164.0
1997-09-23,3.796785577994891,3.8362531312703814,3.765211471586492,3.828359365463257,2303495.0
1997-09-24,3.8441465579570004,3.8599337705483387,3.745477356346222,3.7888917922973633,4512986.0
1997-09-25,3.800731472623997,3.816518682517979,3.686275715857518,3.7020626068115234,2982707.0
1997-09-26,3.6862771406400587,3.745478164069347,3.6862771406400587,3.72969126701355,2350100.0
1997-09-29,3.713904060361405,3.828359851824984,3.694170281216645,3.812572956085205,3098160.0
1997-09-30,3.812572191318897,3.883614164717766,3.8046787450323594,3.879667282104492,7478746.0
1997-10-01,3.9112392883764766,3.9309730529785156,3.879665201225247,3.9309730529785156,6550093.0
1997-10-02,3.9151877246587543,3.9230814894312447,3.8757201765562646,3.891507387161255,3110076.0
1997-10-03,3.9309768770835025,3.9704444446821388,3.891509309484866,3.942817211151123,5601579.0
1997-10-06,3.954656275362561,4.005964483631662,3.934922815248396,3.99807071685791,2654620.0
1997-10-07,4.005961876809659,4.096737265176384,3.9980681151726585,4.088843822479248,3449285.0
1997-10-08,4.090797896504456,4.094781268256443,3.9991832432063728,4.0310492515563965,2504214.0
1997-10-09,4.01511713068237,4.062916316583255,3.9752846903574395,4.0390167236328125,3202226.0
1997-10-10,4.023084296699254,4.090799715257287,4.0031683947506655,4.082833290100098,2911741.0
1997-10-13,4.0828315404673745,4.0868149122833435,4.046982481678184,4.062915325164795,2727440.0
1997-10-14,4.078849823241064,4.0868165701047205,4.039017376477831,4.074866771697998,2168447.0
1997-10-15,4.054949707469721,4.1983466148376465,4.039016538935121,4.1983466148376465,5519226.0
1997-10-16,4.206312079386412,4.214278822782144,4.11469742733309,4.118680477142334,4763752.0
1997-10-17,4.090799715257287,4.130632484820772,4.011134819907855,4.082833290100098,3112459.0
1997-10-20,4.090799715257287,4.090799715257287,4.043000842425382,4.082833290100098,2966554.0
1997-10-21,4.066898692005302,4.15054693154988,4.062915641767586,4.142580509185791,2142497.0
1997-10-22,4.1385973005946415,4.170463310720379,4.098764546520986,4.162496566772461,2657798.0
1997-10-23,4.1385978763339,4.146564299501419,4.086815642911994,4.110714912414551,2804232.0
1997-10-24,4.154531862670396,4.222247282897107,4.074866965357822,4.1465654373168945,4151534.0
1997-10-27,4.130633327399609,4.198348437881602,4.023085117340088,4.023085117340088,4936666.0
1997-10-28,3.9035865649179917,4.070883086001801,3.8239213556136264,4.05495023727417,6026848.0
1997-10-29,4.050966739654541,4.10673203037622,3.995201127044135,4.050966739654541,5860024.0
1997-10-30,4.039017253262147,4.086816445430856,4.007151232445924,4.070883274078369,3922482.0
1997-10-31,4.070883086001801,4.074866459128077,4.003167996076264,4.05495023727417,4192314.0
1997-11-03,4.07486875171868,4.138600826263428,4.070885376351288,4.138600826263428,3497743.0
1997-11-04,4.138599456566944,4.1545323089855914,4.102750055791772,4.150548934936523,3118814.0
1997-11-05,4.142580926973316,4.1744469415320795,4.062916051520748,4.110714912414551,2732206.0
1997-11-06,4.094781976706993,4.106731450253118,4.023083204098151,4.042999744415283,4233887.0
1997-11-07,4.015120359045919,4.078852443565171,3.995204122869774,4.0669026374816895,3322975.0
1997-11-10,4.078848486495764,4.1624967260403425,4.078848486495764,4.142580509185791,3218644.0
1997-11-11,4.138598374642448,4.2819952964782715,4.118681831492563,4.2819952964782715,5307916.0
1997-11-12,4.2660621263361085,4.321827739000586,4.246145905074951,4.2819952964782715,6360496.0
1997-11-13,4.266060922579671,4.369625694558986,4.234194913175721,4.293943881988525,4307502.0
1997-11-14,4.246146012970175,4.349710816804009,4.246146012970175,4.345727443695068,4259043.0
1997-11-17,4.345727713956875,4.397509958149774,4.345727713956875,4.389543533325195,2673421.0
1997-11-18,4.373609059833516,4.501073428526451,4.361659265209533,4.453274250030518,4198139.0
1997-11-19,4.389543657095872,4.493108148401848,4.37759385857768,4.489124774932861,2980324.0
1997-11-20,4.5209912846484395,4.604639561409243,4.513024858739982,4.600656509399414,3906594.0
1997-11-21,4.544889354898884,4.59667158871224,4.485140697857787,4.536922931671143,4439372.0
1997-11-24,4.493108965165362,4.524974993043602,4.437343335906236,4.44929313659668,2546317.0
1997-11-25,4.461240964836022,4.517006569439468,4.401492309689339,4.417425155639648,3214937.0
1997-11-26,4.425392508650773,4.668370856948729,4.425392508650773,4.652437686920166,5633885.0
1997-11-28,4.652435329516564,4.652435329516564,4.6245526984557035,4.628535747528076,1315791.0
1997-12-01,4.652435857280055,4.763966716063909,4.636502693517448,4.7440505027771,5021402.0
1997-12-02,4.7599878110424765,4.77592066678916,4.5807414135034525,4.61659049987793,4168217.0
1997-12-03,4.624553750598534,4.787866846935625,4.616587006864131,4.775917053222656,5459911.0
1997-12-04,4.763967711126585,4.7799008782171954,4.640487034201185,4.660403251647949,3678602.0
1997-12-05,4.6245553568625875,4.672354226427987,4.556839942932129,4.556839942932129,2934778.0
1997-12-08,4.576756054559145,4.620571871701309,4.560822883830749,4.608622074127197,2632906.0
1997-12-09,4.596673488616943,4.612606663546644,4.568790834850998,4.596673488616943,2927894.0
1997-12-10,4.580740575280175,4.610614754810792,4.540908121313472,4.584723949432373,2613841.0
1997-12-11,4.548872285133723,4.580738296834792,4.433358032953432,4.453274250030518,4195226.0
1997-12-12,4.524971321429379,4.628535747528076,4.493105319407583,4.628535747528076,5010546.0
1997-12-15,4.656421046302022,4.732102557578335,4.652437673334332,4.712186336517334,4555884.0
1997-12-16,4.712187030601723,4.7321032545962955,4.680321007832652,4.724136829376221,3151650.0
1997-12-17,4.736084274238734,4.839648716292785,4.732100902664111,4.779900074005127,4022312.0
1997-12-18,4.783882981462274,4.839648246765137,4.716167602594909,4.839648246765137,3528725.0
1997-12-19,4.77193230025369,4.83964767106599,4.700233880615606,4.831681251525879,5209146.0
1997-12-22,4.815752581854432,4.843635559082031,4.779903499545866,4.843635559082031,3829008.0
1997-12-23,4.843634495232429,4.851600920452504,4.716170404156146,4.724136829376221,3675159.0
1997-12-24,4.740071271180379,4.744054323912762,4.688288688659668,4.688288688659668,1470170.0
1997-12-26,4.688288198324041,4.688288198324041,4.588707062096505,4.596673488616943,1222846.0
1997-12-29,4.61260564642099,4.696253911162371,4.61260564642099,4.680320739746094,2503684.0
1997-12-30,4.716169834136963,4.748035853054551,4.6524377963017844,4.716169834136963,2132434.0
1997-12-31,4.712186215802888,4.736085809219331,4.6643873508587195,4.668370723724365,1958461.0
1998-01-02,4.716168406546448,4.791850218802827,4.700235240966277,4.775917053222656,5776877.0
1998-01-05,4.716168531485435,4.716168531485435,4.564804902962807,4.640486717224121,7817426.0
1998-01-06,4.62455403174682,4.636503504297618,4.592688020537831,4.620570659637451,7700119.0
1998-01-07,4.6386073097678855,4.686800479888916,4.606478421505845,4.686800479888916,5347371.0
1998-01-08,4.626556766020179,4.642621040344238,4.578363618504091,4.642621040344238,4890856.0
1998-01-09,4.634589571076404,4.682782725537643,4.546235400473474,4.59844446182251,4336365.0
1998-01-12,4.562298311919339,4.666717052459717,4.558282081689381,4.666717052459717,4244744.0
1998-01-13,4.690816930151755,4.710897445678711,4.662704273322831,4.710897445678711,3496684.0
1998-01-14,4.714911353218099,4.73097562789917,4.698846753993113,4.73097562789917,3204080.0
1998-01-15,4.7309761632470115,4.771137179038145,4.646637900268051,4.751056671142578,3594395.0
1998-01-16,4.771136283874512,4.815313522773777,4.755072010389628,4.771136283874512,3901034.0
1998-01-20,4.803266512168066,4.859492134335005,4.763105492567674,4.855475902557373,3699521.0
1998-01-21,4.831377797368065,4.831377797368065,4.743023325484385,4.82334566116333,2425833.0
1998-01-22,4.807283290069458,4.943830966949463,4.783186545754157,4.943830966949463,3334891.0
1998-01-23,4.887604951722013,4.904673693957671,4.819331280955355,4.859492301940918,3852046.0
1998-01-26,4.851458321884101,4.879570960998535,4.779168446629933,4.879570960998535,2832830.0
1998-01-27,4.911699886155501,5.076360465947053,4.911699886155501,5.000054359436035,5213382.0
1998-01-28,5.0080874566839535,5.012103687892356,4.927765104323457,4.947845935821533,4584482.0
1998-01-29,4.9478457006111585,5.036200186644333,4.943829469593679,5.028167724609375,5394770.0
1998-01-30,5.0321840197126715,5.036200250781298,4.988006776133478,4.996038913726807,3849927.0
1998-02-02,5.008086972714511,5.076360949395904,5.008086972714511,5.052264213562012,4379792.0
1998-02-03,5.028166359954486,5.068327361053814,4.983989128927692,5.04824686050415,3742683.0
1998-02-04,5.036201183063348,5.060297600303968,5.008088209466647,5.044233322143555,2696988.0
1998-02-05,5.0321854797428855,5.052265991824297,4.9036699427866415,4.943830966949463,3437634.0
1998-02-06,4.959893642598084,5.00407088181569,4.951861505797763,4.992022514343262,2700166.0
1998-02-09,4.996038018328973,5.004070479026637,4.90366764120065,4.963909149169922,2203666.0
1998-02-10,4.955877673488525,4.9960386841536515,4.931780937271885,4.971941947937012,3187927.0
1998-02-11,4.9639096090007335,4.971941745898586,4.875555454036572,4.907684326171875,2687720.0
1998-02-12,4.891620402195288,4.9438297860448,4.815314279786328,4.919733047485352,3650533.0
1998-02-13,4.89965204915752,4.915716648101807,4.85145890141248,4.915716648101807,2622314.0
1998-02-17,4.9357991218566895,5.004073126646925,4.919734516505559,4.9357991218566895,2498918.0
1998-02-18,4.923748373642779,4.988006114959717,4.915716237114132,4.988006114959717,2720820.0
1998-02-19,4.983991991112284,4.983991991112284,4.923750454868052,4.943830966949463,2203930.0
1998-02-20,4.943828413539697,4.947844643699266,4.883586908409256,4.939812183380127,2874139.0
1998-02-23,4.947846017319356,4.955878155324525,4.851459387625502,4.919733047485352,2132170.0
1998-02-24,4.883588151207309,4.887604057845015,4.775153154742396,4.827362537384033,3561825.0
1998-02-25,4.855474624976098,4.911700232348853,4.85145871879912,4.907684326171875,2111780.0
1998-02-26,4.907685111826465,4.927765295013715,4.87957214136763,4.9036688804626465,2112045.0
1998-02-27,4.883589044349852,4.883589044349852,4.807282909750888,4.859492301940918,1880610.0
1998-03-02,4.84342808199839,4.955879339107113,4.8273638021508685,4.943830966949463,3045200.0
1998-03-03,4.9157171407547375,4.927765185490521,4.879572032915564,4.919733047485352,3358988.0
1998-03-04,4.919733393369907,4.919733393369907,4.83539512702633,4.875556468963623,2172419.0
1998-03-05,4.843426813022721,4.8514592753859995,4.791217754925018,4.827362537384033,2233853.0
1998-03-06,4.8313779922036355,4.996038251488364,4.827361761667371,4.988006114959717,2907769.0
1998-03-09,4.975961113001556,5.016122147348485,4.955880595828093,5.0040740966796875,2351954.0
1998-03-10,4.9960410655332135,5.020137813235648,4.935799520821192,4.967928409576416,1966670.0
1998-03-11,4.983991467682041,5.068329739384175,4.967927189521627,5.044233322143555,2651972.0
1998-03-12,5.032182600686291,5.1446334689146145,5.028166370750201,5.100456237792969,2847659.0
1998-03-13,5.100459613679593,5.16471771246893,5.100459613679593,5.1165242195129395,2367577.0
1998-03-16,5.148651938816014,5.220941837309124,5.144635707132629,5.212909698486328,2195986.0
1998-03-17,5.18078064648512,5.196844923596868,5.132587166061947,5.152667999267578,2855338.0
1998-03-18,5.136602911887172,5.2651184148044,5.128570774090829,5.257086277008057,3346542.0
1998-03-19,5.269136237132093,5.381587505340576,5.261104096415502,5.381587505340576,3449020.0
1998-03-20,5.413713515857313,5.678776615000436,5.341423638735347,5.638615608215332,6042206.0
1998-03-23,5.66271200557321,5.823356023166678,5.65467954505845,5.7831950187683105,5897096.0
1998-03-24,5.839424306799832,5.943843119788976,5.799263274810789,5.911714553833008,4129026.0
1998-03-25,5.911711341976759,5.984001549734377,5.71893810371092,5.743034839630127,3825963.0
1998-03-26,5.726970728000815,5.735002540810078,5.550261758967416,5.582390308380127,4290422.0
1998-03-27,5.630584341006559,5.630584341006559,5.445843540809211,5.558294773101807,2735119.0
1998-03-30,5.558294773101807,5.670745356306509,5.5502623104066595,5.558294773101807,2324944.0
1998-03-31,5.542230528242987,5.678778516299884,5.542230528242987,5.572351455688477,3158534.0
1998-04-01,5.542230239657704,5.550262702920907,5.461908203377435,5.526165962219238,2395910.0
1998-04-02,5.518132587860016,5.654679881111822,5.486003392979278,5.638615608215332,2479984.0
1998-04-03,5.654681290580075,5.702874770369861,5.590423533889667,5.686810493469238,3034873.0
1998-04-06,5.751073013534038,5.7751691242988175,5.614524924061852,5.654685974121094,3261409.0
1998-04-07,5.653991438654289,5.678257583297377,5.508395224446897,5.56501579284668,2753523.0
1998-04-08,5.565015800506995,5.57310473328287,5.322355334218793,5.362798690795898,2996874.0
1998-04-09,5.3789753913879395,5.419418741663296,5.3385317142870665,5.3789753913879395,2508053.0
1998-04-13,5.298089766560803,5.306178373392047,5.120138782145437,5.192936897277832,3622596.0
1998-04-14,5.217203044597165,5.241469191916497,5.144404929464769,5.192936897277832,3092599.0
1998-04-15,5.209113860787464,5.209113860787464,5.103960676326,5.168670177459717,2108073.0
1998-04-16,5.144403394826742,5.273822372821792,5.11204865032798,5.1767578125,3162771.0
1998-04-17,5.225290268150965,5.459862091938653,5.225290268150965,5.3789753913879395,3109282.0
1998-04-20,5.346620368560678,5.354708972831222,5.217201392929971,5.289999485015869,2752861.0
1998-04-21,5.281910983459963,5.370886612642712,5.209112889958398,5.314265727996826,3367064.0
1998-04-22,5.338532818433328,5.484129367093455,5.322355605707527,5.443686008453369,2801981.0
1998-04-23,5.411331113924579,5.427508326225118,5.281912108217967,5.370887756347656,3556132.0
1998-04-24,5.403240795442172,5.41941800261602,5.24955569316327,5.273821830749512,3400694.0
1998-04-27,5.192936437841692,5.209113976898501,5.095872183977558,5.184847831726074,2495343.0
1998-04-28,5.192936322091252,5.22529107265811,5.144404359653747,5.168670177459717,3768501.0
1998-04-29,5.2414688089680475,5.2495574152083275,5.168670372328798,5.217202663421631,1934232.0
1998-04-30,5.30617779549261,5.4355967979998026,5.273823371691379,5.362798690795898,3865948.0
1998-05-01,5.395151218800025,5.451772090777398,5.346619276266155,5.43559455871582,3605517.0
1998-05-04,5.629725740246078,5.653991886812599,5.573105167358319,5.581193447113037,4584085.0
1998-05-05,5.573105793482332,5.573105793482332,5.484130130625966,5.516485214233398,2962185.0
1998-05-06,5.516483275022656,5.532660484313965,5.492216480609151,5.532660484313965,2334742.0
1998-05-07,5.53266316440965,5.53266316440965,5.476042250811116,5.484130859375,2979794.0
1998-05-08,5.4517760982937915,5.565017598665186,5.435598554340351,5.484130859375,2328651.0
1998-05-11,5.322354006506897,5.3385312143719545,4.982629373085847,5.023072719573975,13671359.0
1998-05-12,5.09587095622746,5.120137095553437,5.063516212734656,5.103959560394287,9393250.0
1998-05-13,5.112050540017756,5.128227754834357,4.917922001264795,4.926010608673096,8498888.0
1998-05-14,4.966454360501825,4.990720511447937,4.861301475502879,4.901744842529297,5400596.0
1998-05-15,4.9017417958678005,4.9017417958678005,4.804677579238952,4.837032318115234,5523331.0
1998-05-18,4.8370340271023045,4.926009672154698,4.812768209490749,4.91792106628418,5096870.0
1998-05-19,4.9179208842567075,4.950275633366796,4.837033848068712,4.861299991607666,4959439.0
1998-05-20,4.917921518847108,5.136315858401836,4.9017439787917985,5.120138645172119,5557622.0
1998-05-21,5.144402503967285,5.176756916037709,5.10395883522836,5.144402503967285,3698726.0
1998-05-22,5.144405622264139,5.20102653135921,5.031163804073996,5.047341346740723,4283405.0
1998-05-26,5.055427172541657,5.071604706305508,4.934096813201904,4.934096813201904,3867934.0
1998-05-27,4.91792106628418,4.958364422462336,4.820856815361267,4.91792106628418,4211379.0
1998-05-28,4.92601092063004,5.071607497327988,4.90983370478896,5.047341346740723,4789040.0
1998-05-29,5.055428405112295,5.112049296852389,4.958364159340225,5.031162261962891,2969335.0
1998-06-01,4.99880904556619,5.063518562581802,4.99880904556619,5.047341346740723,2594113.0
1998-06-02,5.071606365630704,5.184847831726074,5.071606365630704,5.184847831726074,3845955.0
1998-06-03,5.152493175166727,5.160581781431054,4.974541876398055,5.01498556137085,2218494.0
1998-06-04,5.031162931999754,5.136315797217088,5.006896785618649,5.079695224761963,2707315.0
1998-06-05,5.087781575983227,5.330441951751709,5.079692973050215,5.330441951751709,5185314.0
1998-06-08,5.298089766560803,5.298089766560803,5.184848290446588,5.192936897277832,3096704.0
1998-06-09,5.192935348162133,5.241467628323029,5.152491999245056,5.1767578125,2636349.0
1998-06-10,5.160582255845474,5.225291765560021,5.087784139123012,5.2091145515441895,2915183.0
1998-06-11,5.176758237532461,5.176758237532461,5.095871533057186,5.128226280212402,2119062.0
1998-06-12,5.055429422969248,5.257646560668945,5.031163274934114,5.257646560668945,3863035.0
1998-06-15,5.241469897787556,5.241469897787556,5.047341346740723,5.047341346740723,3684295.0
1998-06-16,5.071605548459137,5.112048899346292,4.966452378596805,5.063516616821289,3649076.0
1998-06-17,5.087781629193148,5.192934448898369,5.087781629193148,5.144402503967285,3774592.0
1998-06-18,5.112050038557261,5.160582005072003,5.0311629919319,5.120138645172119,3054071.0
1998-06-19,5.047339869516405,5.241468363746907,5.047339869516405,5.201025009155273,4363110.0
1998-06-22,5.176759469861307,5.217203158552105,5.128227500988201,5.2091145515441895,3573344.0
1998-06-23,5.306177697783928,5.338532447814941,5.265734341951552,5.338532447814941,3468218.0
1998-06-24,5.20911198175903,5.20911198175903,5.023072151401404,5.144402503967285,7230099.0
1998-06-25,5.176759356789743,5.241469191916497,5.1605821431272565,5.192936897277832,5200937.0
1998-06-26,5.257646021448607,5.273823560754744,5.184847911634935,5.217202663421631,2588288.0
1998-06-29,5.257646344937824,5.306178312191125,5.136315936566177,5.152493476867676,4336232.0
1998-06-30,5.079693905829217,5.1767578125,4.974540741089109,5.1767578125,6026451.0
1998-07-01,5.079694322892344,5.152492422285197,5.047339575737127,5.128226280212402,4755411.0
1998-07-02,5.1039611649631755,5.176759279001677,5.0958725582534745,5.160582065582275,2485280.0
1998-07-06,5.144404474322411,5.233379795245355,5.1363155413812205,5.184847831726074,1995665.0
1998-07-07,5.176759297081527,5.192936837383026,5.136315936566177,5.152493476867676,4045482.0
1998-07-08,5.135491118841826,5.1680974189791264,5.127339626149138,5.15179443359375,2999919.0
1998-07-09,5.143645763397217,5.168100585826966,5.127342768021883,5.143645763397217,2584448.0
1998-07-10,5.143647029425326,5.249617842915048,5.135495529731295,5.233314514160156,3304307.0
1998-07-13,5.217009441622301,5.225161267958419,5.135493813194893,5.192554950714111,3091805.0
1998-07-14,5.217009886992913,5.233313211690224,5.1599490739691944,5.184403896331787,3906065.0
1998-07-15,5.19255422021591,5.200705716038539,5.078432290599079,5.168099403381348,5386429.0
1998-07-16,5.184403600023465,5.339283364278842,5.176251773457343,5.314828872680664,5489039.0
1998-07-17,5.347434861478234,5.404496000607441,5.282222554516364,5.314828872680664,4403094.0
1998-07-20,5.322979996247514,5.347434486129173,5.282222183744709,5.339282989501953,2142100.0
1998-07-21,5.347436736425483,5.445256054583052,5.331133736310453,5.437104225158691,3748641.0
1998-07-22,5.412649092992397,5.575680721940976,5.396345765414135,5.526771068572998,4091690.0
1998-07-23,5.543073912677996,5.543073912677996,5.388194116507861,5.396345615386963,4373834.0
1998-07-24,5.38004173320153,5.575679991683516,5.38004173320153,5.502315521240234,2872418.0
1998-07-27,5.543073221607659,5.616437690473421,5.41264826770207,5.428951263427734,3896400.0
1998-07-28,5.396345537620584,5.494164510860542,5.265920239967306,5.331132888793945,3151252.0
1998-07-29,5.4126482009887695,5.428951196513492,5.3474352307896185,5.4126482009887695,2205254.0
1998-07-30,5.445256054583052,5.502316884352506,5.42080122504366,5.437104225158691,2026647.0
1998-07-31,5.437101937128709,5.437101937128709,5.314828499620294,5.339282989501953,2476145.0
1998-08-03,5.2740718147332375,5.396345615386963,5.257768816975033,5.396345615386963,2663623.0
1998-08-04,5.4534055245828466,5.4534055245828466,5.159948667451473,5.200706481933594,4575612.0
1998-08-05,5.086584917004334,5.159949054447809,5.021372277195301,5.135494232177734,4104135.0
1998-08-06,5.159949206718008,5.339283806801642,5.159949206718008,5.217010021209717,4114860.0
1998-08-07,5.184405011459807,5.217011009134247,5.078434530917418,5.094737529754639,2995020.0
1998-08-10,5.127341646663641,5.135493142568563,5.0539775247859975,5.062129020690918,2935308.0
1998-08-11,5.086582099026969,5.1110369077490265,4.9561568916647465,5.0295209884643555,3383879.0
1998-08-12,4.996916394718196,5.086583837772359,4.9724615776367544,5.062129020690918,2649059.0
1998-08-13,5.021369233044551,5.159945926286438,5.021369233044551,5.15179443359375,2239016.0
1998-08-14,5.102887824931137,5.151797468634138,5.013220364386796,5.070281505584717,2916110.0
1998-08-17,5.005069508625358,5.249617099761963,5.005069508625358,5.249617099761963,2877582.0
1998-08-18,5.184403735996538,5.282222693054967,5.159948914390246,5.225161552429199,2200488.0
1998-08-19,5.249616671443204,5.257768169318197,5.168100704593001,5.217010021209717,2506332.0
1998-08-20,5.217010888953527,5.322981696421557,5.217010888953527,5.241466045379639,1674198.0
1998-08-21,5.168101857874249,5.257769342609079,5.053979874057326,5.233314514160156,3134702.0
1998-08-24,5.265919898806074,5.380041862175718,5.265919898806074,5.282223224639893,2361354.0
1998-08-25,5.347435304676636,5.428951271526838,5.176252202467994,5.217010021209717,3346675.0
1998-08-26,5.184405425298431,5.2740725847943475,5.159950595723705,5.257769584655762,3585524.0
1998-08-27,5.18440539608059,5.290375884484719,5.005070419365746,5.021373748779297,3668407.0
1998-08-28,5.005067840095395,5.265918341352919,4.988764848450137,5.168099403381348,4795660.0
1998-08-31,5.200708857457642,5.257770021416433,4.939858198636743,4.96431303024292,4436062.0
1998-09-01,4.956161590813225,5.094738422684558,4.564885597741078,5.07843542098999,5181606.0
1998-09-02,5.0539766397728245,5.062128134250319,4.825732488836638,4.850187301635742,3438031.0
1998-09-03,4.793126943249514,4.858339568165834,4.695308005875034,4.842036247253418,3804117.0
1998-09-04,4.8338843463391274,4.948006595061118,4.7931265415241215,4.899096965789795,3046259.0
1998-09-08,4.890945925678808,5.0702804811673605,4.736065857734142,5.0539774894714355,2917302.0
1998-09-09,5.10288757347522,5.184403532507764,5.0213719438094016,5.045826435089111,2353410.0
1998-09-10,4.956159080336415,5.021371712815843,4.8827946217720255,4.948007583618164,2386378.0
1998-09-11,4.825734500175718,5.217010021209717,4.776825183559002,5.217010021209717,2987209.0
1998-09-14,5.23331431215374,5.306678465301815,5.208859484648776,5.265920639038086,3172569.0
1998-09-15,5.282223967163668,5.331133292806779,5.24146614089994,5.265920639038086,2614106.0
1998-09-16,5.217010072167435,5.29037454185924,5.119191437978549,5.274071216583252,2853617.0
1998-09-17,5.200705799058617,5.217008790964123,5.086583867620032,5.111038684844971,2142497.0
1998-09-18,5.208860574864753,5.40449857711792,5.098814486793372,5.40449857711792,4649491.0
1998-09-21,5.339284928482602,5.3718912561992935,5.2822241020035126,5.347436428070068,3040698.0
1998-09-22,5.347434486129173,5.380040802004758,5.282222183744709,5.339282989501953,2636481.0
1998-09-23,5.363736271903393,5.5430707931518555,5.355584777611784,5.5430707931518555,3149266.0
1998-09-24,5.5104658114425575,5.600133587674595,5.380040553953579,5.4778594970703125,3384144.0
1998-09-25,5.437104879646858,5.624591050372476,5.412650376530616,5.44525671005249,3294509.0
1998-09-28,5.36373963365681,5.689802573982434,5.355588134256204,5.624589920043945,4335703.0
1998-09-29,5.632739667749509,5.77131675319547,5.5919818564379655,5.746861934661865,4883309.0
1998-09-30,5.681648684338192,5.852831736645561,5.6653450346073395,5.787619113922119,5453953.0
1998-10-01,5.755012497098349,5.9180443839508,5.689799874104033,5.909892559051514,7359454.0
1998-10-02,5.91804436920765,6.1381370536068305,5.869134737400427,6.064772605895996,6531689.0
1998-10-05,6.0321677716178925,6.341927987519063,6.024016603031138,6.293018341064453,6395979.0
1998-10-06,6.195200197937881,6.40714113772887,6.121835722440889,6.170745372772217,6013211.0
1998-10-07,6.170045506008584,6.293118000030518,6.1208162431845174,6.293118000030518,5337971.0
1998-10-08,6.186453554119969,6.268502526809078,6.096200148288602,6.243887901306152,8283209.0
1998-10-09,6.202863392022465,6.2110684886109855,5.817235787047955,5.825440883636475,5812890.0
1998-10-12,5.726982088477652,5.874669841408988,5.39878851854607,5.4562225341796875,5760592.0
1998-10-13,5.628523826599121,5.644933354679019,5.456222124165129,5.628523826599121,6573528.0
1998-10-14,5.63672821930015,5.7433911330764555,5.579293883625103,5.694161891937256,4391443.0
1998-10-15,5.636729347493078,5.9567181528678415,5.620319155136878,5.85005521774292,4843457.0
1998-10-16,5.866464304390729,5.874669399949691,5.513655803963784,5.628523826599121,5811830.0
1998-10-19,5.579293184430979,5.628522419400797,5.464425522032952,5.53826904296875,2980192.0
1998-10-20,5.661342882758917,5.7187772255955975,5.5792945793214015,5.628523826599121,4572699.0
1998-10-21,5.7023678655679975,5.7187780590776205,5.554681096767303,5.644934177398682,3467291.0
1998-10-22,5.644933253042266,5.67775297164917,5.587499574277702,5.67775297164917,3129936.0
1998-10-23,5.685958259249516,5.784416766841396,5.530066395773507,5.571090221405029,4313857.0
1998-10-26,5.67774968238004,5.95671414525624,5.669544591722235,5.866460800170898,10270798.0
1998-10-27,5.899284772156327,6.022357919800088,5.841851078614694,5.989538192749023,7624254.0
1998-10-28,5.997742497014633,6.030561556686891,5.866464932249412,5.874670028686523,4753028.0
1998-10-29,5.874672620542862,5.940311431884766,5.833647783295581,5.940311431884766,4048660.0
1998-10-30,6.005947850093718,6.079791069030762,5.989537656518264,6.079791069030762,4618642.0
1998-11-02,6.10440500298202,6.12081453165546,5.989536976191844,6.046971321105957,4002452.0
1998-11-03,6.145430874596551,6.293118000030518,6.087997176660629,6.293118000030518,4859610.0
1998-11-04,6.293117565745795,6.334141727588716,6.079791658947325,6.19465970993042,4592426.0
1998-11-05,6.2110670063935824,6.358754068475952,6.145428238463868,6.309525489807129,4881456.0
1998-11-06,6.301323294540789,6.383371626445513,6.268504226994201,6.350552558898926,3290405.0
1998-11-09,6.342346735112637,6.358756267009156,6.252093315124512,6.252093315124512,2874007.0
1998-11-10,6.219272101024028,6.358754068475952,6.202861911763137,6.309525489807129,2959405.0
1998-11-11,6.309526339620108,6.350550492221868,6.252091995547214,6.334140300750732,2776560.0
1998-11-12,6.358755269602369,6.358755269602369,6.178249120977711,6.243887901306152,4165039.0
1998-11-13,6.235683206705253,6.301321991260848,6.153634891770289,6.170044422149658,3333435.0
1998-11-16,6.178249173317434,6.3013216388366065,6.178249173317434,6.284912109375,3018058.0
1998-11-17,6.317730779789859,6.481828053429021,6.3095263470826275,6.465417861938477,4566741.0
1998-11-18,6.399781823257062,6.399781823257062,6.301323294540789,6.350552558898926,4357549.0
1998-11-19,6.3505498762153305,6.4736223220825195,6.342344781275661,6.4736223220825195,2680438.0
1998-11-20,6.53105910327646,6.53926420211792,6.449010767015025,6.53926420211792,3206066.0
1998-11-23,6.555672373728029,6.613106727600098,6.465418957390337,6.613106727600098,3963659.0
1998-11-24,6.613106727600098,6.621311161697427,6.553621596722773,6.613106727600098,3819608.0
1998-11-25,6.596696533329134,6.6951550468023076,6.5638774708635115,6.613106727600098,3319930.0
1998-11-27,6.547466624102793,6.588490775461256,6.539261528615892,6.563876152038574,1215829.0
1998-11-30,6.514649019700585,6.547468749262707,6.260298933506629,6.293118000030518,2613841.0
1998-12-01,6.334140273268621,6.391574617092323,6.22747734435922,6.3259358406066895,3176144.0
1998-12-02,6.2849135649186625,6.317732631442551,6.202864572532473,6.293118000030518,2605764.0
1998-12-03,6.2931155174909055,6.416188626000579,6.276705990702274,6.342344760894775,3859592.0
1998-12-04,6.36695831698952,6.629513353816953,6.36695831698952,6.580284118652344,3513499.0
1998-12-07,6.5474679396307,6.621311161697427,6.490033585758631,6.613106727600098,2652634.0
1998-12-08,6.5720824472861485,6.6049015091489665,6.465418838636639,6.498238563537598,3630938.0
1998-12-09,6.4982383289190375,6.514647859257981,6.317731506076306,6.4325995445251465,2282311.0
1998-12-10,6.449008231181733,6.604900406602618,6.449008231181733,6.514647006988525,2693148.0
1998-12-11,6.572083934445468,6.613108102576185,6.432601232370397,6.53926420211792,3076579.0
1998-12-14,6.4900380016090695,6.531062189123213,6.235687773805943,6.3177361488342285,2836670.0
1998-12-15,6.334140308242364,6.498237581881526,6.293116155592084,6.465417861938477,2619402.0
1998-12-16,6.481827950604145,6.555671158988017,6.416189174797353,6.514647006988525,2542477.0
1998-12-17,6.588490468401312,6.695153389569842,6.449007829852778,6.457212924957275,4634662.0
1998-12-18,6.4490081304120634,6.580285679974356,6.4079839790536,6.563876152038574,4412627.0
1998-12-21,6.5064402672132085,6.99052619934082,6.5064402672132085,6.99052619934082,3335024.0
1998-12-22,6.9577079837715905,6.9577079837715905,6.744382156540469,6.810020923614502,3385071.0
1998-12-23,6.785408507245707,6.924890518188477,6.695155090321361,6.924890518188477,2617018.0
1998-12-24,6.908480667948753,7.006938514478876,6.900275571138691,6.941300392150879,1052845.0
1998-12-28,6.924891103919563,7.039759159088135,6.900276473309282,7.039759159088135,2219024.0
1998-12-29,7.006939652540776,7.15462744088049,6.974120586046329,7.105398178100586,2313955.0
1998-12-30,7.138212309952388,7.2038517236412565,6.9823208573140985,7.023344993591309,2649456.0
1998-12-31,6.957710832412674,7.064373789698415,6.875662505737215,7.039759159088135,2554393.0
1999-01-04,6.941301805622825,7.138217538781437,6.78540957575385,6.908482074737549,4541982.0
1999-01-05,6.875663006890534,6.9659157749889555,6.86745790840965,6.908482074737549,3722823.0
1999-01-06,6.924281401713083,7.130607128143311,6.9077755303393,7.1306071281433105,4244744.0
1999-01-07,7.559765733178148,7.559765733178148,7.336934077962805,7.378199100494385,5794221.0
1999-01-08,7.4112109705640234,7.6175360679626465,7.369945951084298,7.6175360679626465,4254012.0
1999-01-11,7.601028454885876,7.60928172366634,7.081088528056056,7.279160976409912,4834586.0
1999-01-12,7.26265642884424,7.320427320039394,7.097595691680908,7.097595691680908,3805044.0
1999-01-13,6.998559455763745,7.402957009087182,6.99030618586557,7.163619518280029,4279698.0
1999-01-14,7.081089487021887,7.2296436766727235,7.064583614156439,7.163619518280029,4254277.0
1999-01-15,7.229641448937932,7.386448860168457,7.163617310889853,7.386448860168457,3609621.0
1999-01-19,7.460723400170338,7.823855686503098,7.3946992874797965,7.790843963623047,5260120.0
1999-01-20,7.914645569146198,7.914645569146198,7.700067189496475,7.724826335906982,4818698.0
1999-01-21,7.790853187728127,7.790853187728127,7.411213923544931,7.551515579223633,5431048.0
1999-01-22,7.427716078517553,7.526752648594264,7.353438650960019,7.477234363555908,6274568.0
1999-01-25,7.4772382347933934,7.518503271379465,7.163623156421765,7.171876430511475,6520303.0
1999-01-26,7.138859730364782,7.262655432995255,6.750968084961261,7.1306071281433105,8019203.0
1999-01-27,7.163617104474696,7.188376238895644,7.097592968329061,7.114099502563477,5198024.0
1999-01-28,7.081088392438783,7.221389290503961,7.081088392438783,7.138859272003174,4356754.0
1999-01-29,7.130607128143311,7.2544021638429435,6.957293811391489,7.1306071281433105,3768369.0
1999-02-01,7.138858792963422,7.138858792963422,6.907774623281531,6.940786361694336,3326947.0
1999-02-02,6.907775094794003,6.9160283634259345,6.69319677967178,6.858256816864014,3878128.0
1999-02-03,6.850005501348559,6.907776391826985,6.742715656711459,6.792233943939209,3728384.0
1999-02-04,6.767473542615759,6.792232681628241,6.610666773754707,6.701449394226074,3531638.0
1999-02-05,6.70144859708692,6.767472737623017,6.684942728685576,6.726207733154297,4173116.0
1999-02-08,6.825247779395084,6.825247779395084,6.69319943057011,6.783982753753662,4468103.0
1999-02-09,6.767474618359826,6.957294491985305,6.759222015331049,6.883017063140869,4703510.0
1999-02-10,6.9077730038569785,6.949038000664396,6.833495609445268,6.8665080070495605,4458702.0
1999-02-11,6.858257292375778,6.949040585898213,6.816992280216643,6.899522304534912,2764512.0
1999-02-12,6.907778859186265,6.949043890971692,6.651935395344155,6.7097063064575195,2183541.0
1999-02-16,6.7097042260724935,6.75922251563402,6.643680062300776,6.717957496643066,3623126.0
1999-02-17,6.742715340901256,6.957294353194244,6.717956865377924,6.734462738037109,4819757.0
1999-02-18,6.800488884360539,6.94078984339,6.742717312762154,6.916031360626221,2699239.0
1999-02-19,6.800486240333092,6.932534542744641,6.7097029490588,6.825245380401611,3900901.0
1999-02-22,6.833498721768411,7.254402814608057,6.833498721768411,7.2048845291137695,3459744.0
1999-02-23,7.262657971882896,7.262657971882896,6.8582596468047585,6.891272068023682,4335306.0
1999-02-24,6.940787273086865,7.163618870890877,6.932534670865395,7.1306071281433105,3767574.0
1999-02-25,7.056332964626539,7.056332964626539,6.792236232983479,6.9490437507629395,3972530.0
1999-02-26,6.940786651069808,7.006810797578851,6.808738358051723,6.982052326202393,3210832.0
1999-03-01,6.965545974425125,6.965545974425125,6.775726798267897,6.858256816864014,2995815.0
1999-03-02,6.8747645823750325,6.883017853282157,6.5528970209619235,6.850006103515625,3519854.0
1999-03-03,6.577655481412304,6.627173767833669,6.445607162242608,6.478619575500488,4070770.0
1999-03-04,6.503378046253858,6.635426365311343,6.478619569995128,6.5198845863342285,4749453.0
1999-03-05,6.701449530355671,6.866510238148238,6.668437788955646,6.8417510986328125,4596663.0
1999-03-08,6.899522794132892,6.899522794132892,6.717956861134742,6.77572774887085,3291596.0
1999-03-09,6.783978013434725,6.998556263605536,6.74271234969671,6.8665080070495605,3829670.0
1999-03-10,6.85000452047013,6.858257122539085,6.701449680059017,6.825245380401611,2282311.0
1999-03-11,6.808738675097105,7.039823532104491,6.808738675097105,7.039823532104492,2729029.0
1999-03-12,7.130607810112345,7.138860413123092,6.899522921055137,7.00681209564209,3177732.0
1999-03-15,7.006811751637546,7.105848318351478,6.982053276889935,7.023318290710449,2798804.0
1999-03-16,6.990303853074704,7.097592991292142,6.932532983859369,7.048074722290039,2630656.0
1999-03-17,6.990307881960769,6.990307881960769,6.767476209952243,6.783982753753662,3277165.0
1999-03-18,6.816992904256117,6.916029476048698,6.8004870312676555,6.883017063140869,2974763.0
1999-03-19,6.874763656036529,6.932535210740018,6.67669118333362,6.734462738037109,5159496.0
1999-03-22,6.742713919382781,6.8169913310860775,6.6354247693207435,6.660183906555176,2521161.0
1999-03-23,6.693197477981656,6.693197477981656,6.330064291183312,6.412594318389893,3730105.0
1999-03-24,6.486873282487925,6.5694033292803935,6.321813188902987,6.5528974533081055,4702451.0
1999-03-25,6.544643911510528,6.544643911510528,6.420848846435547,6.420848846435547,3527930.0
1999-03-26,6.429102001078004,6.429102001078004,6.255788646340339,6.272294521331787,3640338.0
1999-03-29,6.3465692387463735,6.4043401099185715,6.33006270389943,6.379580974578857,4004306.0
1999-03-30,6.28879669802277,6.3218090955228,6.082471714637311,6.140242576599121,5708956.0
1999-03-31,6.23928115960427,6.412594488097118,6.222775287112305,6.2310285568237305,6191818.0
1999-04-01,6.3878372063417475,6.569403171539307,6.338318912682863,6.569403171539307,5594827.0
1999-04-05,6.536392906186263,6.734465458915008,6.470368721943348,6.7097063064575195,4979696.0
1999-04-06,6.709703772777272,6.7262096458723555,6.594161327249862,6.6849446296691895,4205818.0
1999-04-07,6.719218668620245,6.935164451599121,6.685996653502842,6.935164451599121,4699406.0
1999-04-08,6.910249072964424,7.084666367338403,6.8853322207425585,7.04313850402832,5049868.0
1999-04-09,7.009910457973656,7.018216292765051,6.877021128382754,6.901937961578369,4582099.0
1999-04-12,6.843803572155992,7.21755497024057,6.843803572155992,7.167721271514893,4052234.0
1999-04-13,7.142803724030237,7.159415402767878,6.893636597112898,6.935164451599121,2936367.0
1999-04-14,6.9600808396906615,6.9600808396906615,6.777357755053955,6.843802452087402,5162408.0
1999-04-15,6.810579590338322,6.877024285638669,6.727523889007609,6.777357578277588,3099087.0
1999-04-16,6.777358201844109,6.960081298526642,6.777358201844109,6.935164451599121,3938106.0
1999-04-19,6.968385874454516,7.242470496183122,6.943469029644745,7.034830570220947,5243834.0
1999-04-20,7.043139050268933,7.259084224700928,7.043139050268933,7.259084224700928,7048446.0
1999-04-21,7.259081953886532,7.566388607025147,7.217554100346603,7.5663886070251465,8098511.0
1999-04-22,7.5663857436454105,7.5663857436454105,7.325523881556852,7.533163070678711,5623293.0
1999-04-23,7.508248824505012,7.508248824505012,7.350442597720056,7.383664608001709,4273872.0
1999-04-26,7.375358583286114,7.441803267300922,7.2756912216745215,7.283997058868408,2885923.0
1999-04-27,7.317216873168944,7.375356373750993,7.2590780437654585,7.317216873168945,3803852.0
1999-04-28,7.32552726882532,7.416888822755299,7.283999411798781,7.37536096572876,3333700.0
1999-04-29,7.433495707308799,7.574690879808694,7.3587452034243945,7.408578872680664,4105856.0
1999-04-30,7.425189872039884,7.549774045180559,7.2756895354496836,7.408578872680664,5241848.0
1999-05-03,7.408582824714964,7.416888664414545,7.2424714001550665,7.275693416595459,4026019.0
1999-05-04,7.300609504709547,7.308915343544704,7.1511091039289925,7.2507758140563965,4228194.0
1999-05-05,7.259080316660617,7.333830838880477,7.209246635180709,7.267385482788086,3019514.0
1999-05-06,7.159415162673348,7.2341650297702005,6.968386233028244,7.109581470489502,3063471.0
1999-05-07,7.134498294187136,7.217554000113567,7.109581448173423,7.2009429931640625,3230163.0
1999-05-10,7.192636806563579,7.192636806563579,6.926858023497858,7.034830570220947,2247490.0
1999-05-11,7.0431356475633695,7.051440814149633,6.877023590513564,7.009912967681885,3404136.0
1999-05-12,6.92685530925728,7.184328152771155,6.843799639888756,7.084661483764648,4289098.0
1999-05-13,7.076358413018861,7.1344979412342555,7.026525394635654,7.068053245544434,3078168.0
1999-05-14,6.893638433046581,7.051444053649902,6.84380472591968,7.051444053649902,3207787.0
1999-05-17,7.068053757309327,7.068053757309327,6.835496969967154,6.943469524383545,2916375.0
1999-05-18,6.910245606538277,6.918550772326677,6.644466877734594,6.735828399658203,4156698.0
1999-05-19,6.802276514133549,6.88533224099805,6.785664831817383,6.810581684112549,2995550.0
1999-05-20,6.8188829580447905,6.968383300502738,6.8188829580447905,6.910244464874268,2907901.0
1999-05-21,6.910245607946952,6.910245607946952,6.677688884606949,6.702605724334717,2342156.0
1999-05-24,6.78566064535903,6.877022157015524,6.744132807547655,6.769049644470215,3043082.0
1999-05-25,6.8271901157467045,7.043135171246476,6.710911750793457,6.710911750793457,3773400.0
1999-05-26,6.793968374356914,7.051441308997104,6.785662536008963,6.8936357498168945,3703758.0
1999-05-27,6.843802098740968,6.918551959557442,6.677690029144288,6.677690029144287,3444651.0
1999-05-28,6.661077415055754,6.860411447730302,6.661077415055754,6.793966770172119,3016204.0
1999-06-01,6.827191056569859,6.8936357498168945,6.644467982345799,6.8936357498168945,3147413.0
1999-06-02,6.910244939872616,6.984994780650448,6.852105429069102,6.8770222663879395,2898633.0
1999-06-03,6.918547900381258,6.926853733900583,6.744130765903153,6.885325908660889,2376712.0
1999-06-04,6.918549575160864,7.134495258331299,6.8936334109283415,7.134495258331299,3814709.0
1999-06-07,7.134498490195195,7.176026344299316,7.076358957506279,7.176026344299316,2266026.0
1999-06-08,7.1760252795208315,7.308914661407471,7.1760252795208315,7.308914661407471,3947638.0
1999-06-09,7.317216873168944,7.367050539045397,7.283994876703685,7.317216873168945,2787417.0
1999-06-10,7.275691980346394,7.308914661407471,7.151108436519733,7.308914661407471,3766250.0
1999-06-11,7.292304738498217,7.292304738498217,7.101275804204538,7.176026344299316,3533624.0
1999-06-14,7.200945345793586,7.275695237077435,7.176028491639258,7.259084224700928,5307519.0
1999-06-15,7.242469215256499,7.300608062077419,7.242469215256499,7.283997058868408,4060046.0
1999-06-16,7.292302131652832,7.300607296797374,7.250773621215351,7.292302131652832,2683748.0
1999-06-17,7.259080975405273,7.317219828288615,7.217553127463052,7.308914661407471,3895605.0
1999-06-18,7.308911616628135,7.350439447270505,7.267383114807212,7.333828449249268,6195128.0
1999-06-21,7.308911709641911,7.317216873168944,7.18432754495078,7.317216873168945,2671700.0
1999-06-22,7.308915545104206,7.325526552053709,7.1594151402008475,7.2009429931640625,2961920.0
1999-06-23,7.225858713835746,7.250775558283372,7.043136306517936,7.076358318328857,3287757.0
1999-06-24,7.076356293759958,7.076356293759958,6.77735558829127,6.8770222663879395,5522536.0
1999-06-25,6.877026981681707,6.976694399294894,6.877026981681707,6.968388557434082,3304704.0
1999-06-28,7.068053513629623,7.151109218597412,7.051441835692939,7.151109218597412,3868463.0
1999-06-29,7.15110919760405,7.242470741271973,7.018219801574146,7.242470741271973,6306477.0
1999-06-30,7.308918414893737,7.707586765289307,7.267389874445752,7.707586765289307,8801290.0
1999-07-01,7.641141030025213,7.641141030025213,7.375362164898834,7.458417892456055,5013591.0
1999-07-02,7.450112051228698,7.458417892456055,7.333834301120223,7.458417892456055,3282328.0
1999-07-06,7.408578872680664,7.541468209911645,7.408578872680664,7.408578872680664,3530578.0
1999-07-07,7.434878040842962,7.593600273132325,7.426523990431761,7.593600273132324,2828461.0
1999-07-08,7.5518309713365905,7.6687836204517765,7.518415446536006,7.535122871398926,3211494.0
1999-07-09,7.543476104736328,7.543476104736328,7.376400524044679,7.543476104736328,4292540.0
1999-07-12,7.5184162877655005,7.5184162877655005,7.384755523757455,7.459939956665039,3042287.0
1999-07-13,7.426520055176806,7.459935564040214,7.334628924719887,7.359689712524414,2112442.0
1999-07-14,7.4098147006750334,7.4098147006750334,7.30956882125754,7.334630966186523,3993449.0
1999-07-15,7.401459399032959,7.618658542633057,7.384751980317412,7.618658542633057,3928838.0
1999-07-16,7.652069738616168,7.952805832680453,7.618654917086436,7.911036968231201,4369465.0
1999-07-19,7.9026901820403355,7.9026901820403355,7.585245737757463,7.627014636993408,4957188.0
1999-07-20,7.660431752240228,7.844214812028984,7.63537027247929,7.769031047821045,5961707.0
1999-07-21,7.769031047821045,7.877630343401861,7.735615516448167,7.769031047821045,6312700.0
1999-07-22,7.752322410781677,7.752322410781677,7.518415752871365,7.702199459075928,5202790.0
1999-07-23,7.677137378756994,7.702198852636632,7.593599582541349,7.660429954528809,3225264.0
1999-07-26,7.6353661029439515,7.76067275824607,7.601950589818681,7.6437201499938965,4363110.0
1999-07-27,7.702203351700334,7.835864173750127,7.652080374662883,7.7773871421813965,3750627.0
1999-07-28,7.743968227819703,7.752322277985816,7.660430426457625,7.677137851715088,3467953.0
1999-07-29,7.627013895082152,7.627013895082152,7.451584265326052,7.543476104736328,4261691.0
1999-07-30,7.543474618513676,7.660427907000383,7.459936844626544,7.635366439819336,4677295.0
1999-08-02,7.652080244410851,7.977878239458392,7.652080244410851,7.869278907775879,4578392.0
1999-08-03,7.869276291789922,8.002937067131677,7.718908088299167,7.769031047821045,4793410.0
1999-08-04,7.735611148716382,7.802441498653067,7.610304495738035,7.618658542633057,4157095.0
1999-08-05,7.601953555664432,7.727260934928802,7.526769803180581,7.702199459075928,4691726.0
1999-08-06,7.685492028360218,7.718906879425049,7.618661651155786,7.718906879425049,3976104.0
1999-08-09,7.66043136417973,7.777384030373044,7.66043136417973,7.7105536460876465,2879038.0
1999-08-10,7.693842861917201,7.743965797031036,7.376399181370192,7.468290328979492,3958628.0
1999-08-11,7.484997460783999,7.551827807310186,7.376398232063254,7.4181671142578125,3206596.0
1999-08-12,7.434874101161264,7.443227472071299,7.359689712524414,7.359689712524414,3092070.0
1999-08-13,7.384754710843193,7.535122885031002,7.368047285950047,7.4850006103515625,3748774.0
1999-08-16,7.468292950096908,7.468292950096908,7.292863290703176,7.351340293884277,3048510.0
1999-08-17,7.43487623832634,7.51006064857505,7.4265221899405,7.501706600189209,3314766.0
1999-08-18,7.493354012209805,7.493354012209805,7.276155462593534,7.3095703125,3272928.0
1999-08-19,7.0840166603620585,7.18426186070936,7.000478880893544,7.09237003326416,4305251.0
1999-08-20,7.134140951318212,7.159202427298954,6.9002349672892445,6.933650493621826,3849000.0
1999-08-23,6.916940413478624,6.958709303135153,6.733157434004813,6.816695213317871,6528909.0
1999-08-24,6.758218227739063,6.89187894466979,6.7498648548525075,6.816695213317871,3800012.0
1999-08-25,6.850108723116666,7.025538295594382,6.850108723116666,6.967061996459961,4662069.0
1999-08-26,6.942003603906517,7.008833978945834,6.866819853909004,6.8835272789001465,4433944.0
1999-08-27,6.891878945175102,6.908587041098604,6.733157434498486,6.79998779296875,5105609.0
1999-08-30,6.758220074192067,6.8250504509165495,6.687213009883169,6.699743747711182,2876787.0
1999-08-31,6.6997433151978365,6.6997433151978365,6.348884028813312,6.424068450927734,4510206.0
1999-09-01,6.415713181064815,6.683034619865398,6.390651711792936,6.649619102478027,3399635.0
1999-09-02,6.632913156811727,6.632913156811727,6.357238283646432,6.390653133392334,4790629.0
1999-09-03,6.424067630078591,6.5660817313822655,6.424067630078591,6.4825439453125,4979299.0
1999-09-07,6.568062884959356,6.584882342022142,6.450325326316892,6.483964920043945,3738182.0
1999-09-08,6.408275839028467,6.425095974367678,6.189620875632992,6.27371883392334,5578409.0
1999-09-09,6.265311531915874,6.391458511352539,6.1055249502017706,6.391458511352539,5049604.0
1999-09-10,6.458737036305759,6.458737036305759,6.290541063723538,6.391458511352539,3609886.0
1999-09-13,6.391454527178871,6.542830944061279,6.3662250110982646,6.542830944061279,2331034.0
1999-09-14,6.475554212471081,6.610111214893403,6.425095846263771,6.593291759490967,2583389.0
1999-09-15,6.677389999409677,6.711029591243209,6.458735031096768,6.492373943328857,5317052.0
1999-09-16,6.467145029562672,6.526013465137888,6.307358499171159,6.517603397369385,3441076.0
1999-09-17,6.542833879139684,6.761488877124032,6.500784893342812,6.727849960327148,5529686.0
1999-09-20,6.677391928696626,6.778310053753874,6.677391928696626,6.7026214599609375,2473232.0
1999-09-21,6.610111424417178,6.677389927760897,6.500783941433814,6.517603397369385,3080948.0
1999-09-22,6.526011283294317,6.8035345920518,6.492371703068472,6.6016998291015625,3745066.0
1999-09-23,6.660569035251648,6.769896494654902,6.5260120575859055,6.534421443939209,3731297.0
1999-09-24,6.526013258279805,6.62693067029584,6.3662267329531215,6.593291759490967,4592426.0
1999-09-27,6.67738941807226,6.879224912697208,6.652159896293968,6.828765869140625,5163600.0
1999-09-28,6.853998561216593,7.156752282992587,6.786720031888783,7.123112678527832,7008859.0
1999-09-29,7.139930428897415,7.232438469491147,6.71943989132716,6.727849960327148,5243570.0
1999-09-30,6.84558595825191,6.929683910557392,6.837175891180809,6.870814800262451,5035172.0
1999-10-01,6.879227178297725,6.921276168576139,6.7951291977408985,6.8960466384887695,4919852.0
1999-10-04,6.86240274309696,7.005369070477497,6.853992679297646,6.996959686279297,2200488.0
1999-10-05,6.9969638456618295,7.0137833036577595,6.719439730522148,6.853996753692627,2797347.0
1999-10-06,6.862406554824509,6.988553504275925,6.845587097484619,6.971734046936035,4683253.0
1999-10-07,6.946505914352918,6.954915984510377,6.76989987785931,6.803538799285889,3682176.0
1999-10-08,6.853992679297646,7.081057605867979,6.837173231300133,6.996959686279297,3502774.0
1999-10-11,7.030600033600688,7.13151810162051,6.954912162187077,7.072649002075195,4185296.0
1999-10-12,7.0642436087466765,7.0642436087466765,6.652162397432314,6.7026214599609375,5888622.0
1999-10-13,6.668976712521654,7.030598582274324,6.6353378165266275,6.996959686279297,10398696.0
1999-10-14,6.996965053340901,6.996965053340901,6.79512948374828,6.912867069244385,6302637.0
1999-10-15,6.862403815820154,6.870813201332899,6.517601340165865,6.551240921020508,6726979.0
1999-10-18,6.626930880352749,6.626930880352749,6.240079995827441,6.517603397369385,10333555.0
1999-10-19,6.7026213930037475,6.7026213930037475,6.198032811563118,6.256901264190674,7401954.0
1999-10-20,6.324178916171498,6.36622790220119,6.223260806019007,6.248490333557129,6967682.0
1999-10-21,6.130752201403035,6.214850156410165,5.937326089364955,6.063473701477051,5938670.0
1999-10-22,6.181211471557617,6.256900049905459,6.004605468347485,6.181211471557617,5905834.0
1999-10-25,6.307356834091108,6.307356834091108,5.9289154376376665,5.9541449546813965,8830286.0
1999-10-26,6.324178007336673,6.324178007336673,6.1307525634765625,6.1307525634765625,14188514.0
1999-10-27,6.290539464818204,6.55124342789657,6.240080414028365,6.483964920043945,11007206.0
1999-10-28,6.828767284659626,7.072651806268844,6.711030398090711,7.022193431854248,12012520.0
1999-10-29,7.123111322621452,7.266078425079452,6.8455878667227505,7.09788179397583,11854302.0
1999-11-01,6.996964195085423,7.131521224975587,6.90445615208574,7.131521224975586,7924802.0
1999-11-02,7.13151945087874,7.13151945087874,6.795126959837159,6.828765869140625,9343600.0
1999-11-03,6.828768330156636,6.879227391898133,6.677391824533776,6.803538799285889,10124760.0
1999-11-04,6.769897773995438,6.879225254058838,6.660570293932038,6.879225254058838,7206135.0
1999-11-05,6.862407718106682,6.921276168576139,6.7951291977408985,6.8960466384887695,6377311.0
1999-11-08,6.811946257744869,6.954913317998363,6.811946257744869,6.862405300140381,4621554.0
1999-11-09,6.8876363300597845,6.9044557880087645,6.828767207836079,6.837177276611328,4961955.0
1999-11-10,6.828766640580126,6.912865282542105,6.786717659399867,6.845586776733398,7680789.0
1999-11-11,6.870815186514954,6.9128648446329555,6.820356820055905,6.879225254058838,6320776.0
1999-11-12,6.921273843486292,6.971732886710133,6.82876582410971,6.870814800262451,4995452.0
1999-11-15,6.853996753692627,6.904455807281936,6.7614887153127325,6.853996753692627,4711189.0
1999-11-16,6.853994798577695,6.870814251775844,6.7110284269914375,6.8203558921813965,8199532.0
1999-11-17,6.803536570979,7.055831117452876,6.795127183177429,6.946503639221191,6824690.0
1999-11-18,6.980141887833421,6.9969613398057176,6.8119453293066226,6.908658027648926,7035339.0
1999-11-19,6.727850050364344,6.988554037634502,6.727850050364344,6.929685592651367,6987410.0
1999-11-22,6.921276459893054,7.039014045389159,6.778310022849304,6.912867069244385,8047272.0
1999-11-23,6.904454388945472,6.954913432169312,6.82876582410971,6.870814800262451,6236702.0
1999-11-24,6.9969638456618295,6.9969638456618295,6.828767226897972,6.853996753692627,6043398.0
1999-11-26,6.86240274309696,7.114697181464121,6.853992679297646,6.996959686279297,3530181.0
1999-11-29,6.996959686279298,7.030598582274324,6.921271150888814,6.996959686279297,6870898.0
1999-11-30,7.005375308759994,7.249260580108643,6.963326311521047,7.083166599273682,9906433.0
1999-12-01,7.005370052057195,7.097878048407243,6.938091571039088,7.013780117034912,6739028.0
1999-12-02,6.980147637767697,7.081065112334069,6.862410017772066,6.938097953796387,5152346.0
1999-12-03,7.114702109139767,7.257668535539512,7.047423590951185,7.198800086975098,6931272.0
1999-12-06,7.2492564875338825,7.266075941013678,7.072649847391343,7.139928340911865,4715161.0
1999-12-07,7.131519893117996,7.4679124050199235,7.022192411700049,7.392223834991455,10924456.0
1999-12-08,7.274487495422363,7.3417660089888495,7.207208981855876,7.274487495422363,6075836.0
1999-12-09,7.291306565467924,7.392223981234271,7.215617993942083,7.266077041625977,6235775.0
1999-12-10,7.291308134434597,7.308127594081346,7.139930958809098,7.198800086975098,4199198.0
1999-12-13,7.123108259482041,7.173567295074462,6.946502314509844,7.173567295074463,5824673.0
1999-12-14,7.131518413704053,7.31653374716812,7.039010407171378,7.165157318115234,7250754.0
1999-12-15,7.198804040234384,7.207213434875027,6.9801489059463275,7.005377769470215,6809332.0
1999-12-16,6.97173457901097,6.996964106747041,6.828767481707083,6.929685592651367,10196389.0
1999-12-17,6.879227467844796,6.954916061292643,6.853997936695515,6.912867069244385,11454056.0
1999-12-20,6.862407931184843,6.896046852611422,6.727850886275273,6.803538799285889,7353496.0
1999-12-21,6.736260847815701,6.870817210954025,6.736260847815701,6.795129299163818,5998912.0
1999-12-22,6.828765983311423,6.896044482644575,6.73625864137956,6.7614874839782715,5761783.0
1999-12-23,6.828767207836079,6.879226261284536,6.778308833989139,6.837177276611328,3864094.0
1999-12-27,6.837177325656614,6.862406852561823,6.526014293161584,6.584882736206055,6304623.0
1999-12-28,6.685801751641587,6.7194406723484255,6.584883630317842,6.626932621002197,3894414.0
1999-12-29,6.643753149827526,6.6773920725033085,6.374639050014649,6.391458511352539,4714367.0
1999-12-30,6.45873503818139,6.52601354232081,6.391456534041971,6.416686058044434,4140148.0
1999-12-31,6.4671461921618745,6.593293153758255,6.458736122881493,6.559654235839844,2676863.0
2000-01-03,6.53442361849697,6.593292740567295,6.273719642361723,6.324178695678711,7668476.0
2000-01-04,6.332586351134838,6.4250943537614305,5.853226886506476,5.9541449546813965,9497846.0
2000-01-05,6.055064292651658,6.0887038860738105,5.979375717152923,6.046654224395752,12035160.0
2000-01-06,6.039612038736885,6.098906721813283,5.844785380230325,5.929492950439453,9471366.0
2000-01-07,6.039613932486123,6.065026143064757,5.878670388503054,5.980318546295166,7792534.0
2000-01-10,6.0650248527526855,6.098907336634205,5.997259200467366,6.0650248527526855,9425159.0
2000-01-11,6.05655517803107,6.090437669120965,5.937965090171584,5.980318546295166,8569987.0
2000-01-12,5.895610905436079,5.904081869422877,5.624548614387789,5.6669020652771,11810080.0
2000-01-13,5.743139717620907,5.819376358151386,5.522901446562864,5.5313720703125,10923000.0
2000-01-14,5.59066518825212,5.6923136711120605,5.421251050152219,5.6923136711120605,13092109.0
2000-01-18,5.709254122936485,5.836314786858959,5.539840018460215,5.573722839355469,13007638.0
2000-01-19,5.556784645216403,5.556784645216403,5.421253279014901,5.497489929199219,13521085.0
2000-01-20,5.531371806112326,5.633020313036577,5.429723299188074,5.556783676147461,13346450.0
2000-01-21,5.810904329025452,5.878669991147197,5.692314249181804,5.827845573425293,21118330.0
2000-01-24,5.887139673231081,5.895610636831942,5.5483117392924335,5.6923136711120605,13214050.0
2000-01-25,5.556781147373844,5.573722728615415,5.22642390690455,5.421249866485596,21108664.0
2000-01-26,5.4890158491908005,5.4890158491908005,5.378896426773289,5.421249866485596,10144620.0
2000-01-27,5.429723267091961,5.463606102533091,5.285721302032471,5.285721302032471,9162212.0
2000-01-28,5.3280750205280105,5.480547616315966,5.285721559727051,5.319604396820068,11453394.0
2000-01-31,5.353488637502412,5.895613830865013,5.294193571478208,5.810906887054443,14902017.0
2000-02-01,5.827846666209988,5.827846666209988,5.658432821399876,5.743139743804932,11849270.0
2000-02-02,5.827845522213514,5.844786766464486,5.760079860687256,5.760079860687256,8837832.0
2000-02-03,5.827844981591982,5.853257187872256,5.599136151852982,5.6923136711120605,10199831.0
2000-02-04,5.6923136711120605,5.743138083672609,5.633018979472962,5.6923136711120605,8967452.0
2000-02-07,5.607607414403841,5.734668118073023,5.565253960601178,5.675373077392578,7685158.0
2000-02-08,5.760081302558489,5.827846981047943,5.692315624069035,5.700786590576172,7506815.0
2000-02-09,5.734669982433622,5.802435325191906,5.692316172600398,5.777023792266846,9015778.0
2000-02-10,5.743138525570062,5.7516088053003465,5.6838434871074375,5.709255695343018,6820189.0
2000-02-11,5.692316057649883,5.700787024802248,5.387370823481088,5.48054838180542,7382227.0
2000-02-14,5.3534890179557735,5.62455180503121,5.345018049163642,5.539844512939453,11199848.0
2000-02-15,5.421250759053105,5.556782062255547,5.36195607059789,5.514428615570068,10846076.0
2000-02-16,5.472077127712935,5.514430589559597,5.251838852301288,5.294192314147949,11221032.0
2000-02-17,5.277248308368184,5.421249866485596,5.15018764697018,5.421249866485596,12278246.0
2000-02-18,5.158662181836019,5.184074401855469,4.879128788406088,5.184074401855469,18433258.0
2000-02-22,5.048543186906157,5.057013813108756,4.819833883606531,4.946894645690918,18610144.0
2000-02-23,4.8791296437180876,4.946895347475064,4.7181860117299195,4.8452467918396,17048221.0
2000-02-24,4.80289164208239,4.862186355550637,4.7181843707171645,4.811362266540527,17063712.0
2000-02-25,4.879125615293589,4.972303466592977,4.735123699269792,4.802889347076416,15037198.0
2000-02-28,4.845245661714237,5.082425569542821,4.845245661714237,5.014659881591797,14914728.0
2000-02-29,5.040070022971379,5.167130378818089,5.031599058772653,5.116306304931641,11358596.0
2000-03-01,5.42972201375308,5.6923136711120605,5.387368564793394,5.6923136711120605,20222246.0
2000-03-02,5.827844784939703,6.234438702659537,5.802432579516928,6.132790565490723,19829813.0
2000-03-03,6.166674184357301,6.234439849779303,5.98878939818985,6.175145149230957,11771287.0
2000-03-06,6.0396127750727056,6.0396127750727056,5.793962365918186,5.878669261932373,8518881.0
2000-03-07,5.904082275544866,6.031142636952852,5.675373077392578,5.675373077392578,9067944.0
2000-03-08,5.675375211023237,5.700787429762916,5.607609522558307,5.6414923667907715,9005318.0
2000-03-09,5.607609137679782,5.6414919795866965,5.505960611959039,5.633021354675293,7905207.0
2000-03-10,5.633018979472962,5.760079326352021,5.616077394532394,5.6923136711120605,9810708.0
2000-03-13,5.5906688362706225,5.963380183291698,5.565256955669765,5.921026706695557,8576607.0
2000-03-14,5.929494262949404,5.929494262949404,5.692314109098904,5.709255695343018,8785137.0
2000-03-15,5.777021789460601,5.827845522213514,5.734667994310799,5.760079860687256,9315134.0
2000-03-16,5.954908038465381,6.1666753552932665,5.819376681886515,6.115850925445557,12592696.0
2000-03-17,6.149735650322313,6.3445617676062565,6.115852460412266,6.200560092926025,12006297.0
2000-03-20,6.11584908790424,6.200556673707068,5.988788735983507,6.022671222686768,6135946.0
2000-03-21,6.0396127071146415,6.149731807598477,5.937963885423539,6.132790565490723,5822290.0
2000-03-22,6.0142014965330315,6.090437440889665,5.82784574895477,5.870199203491211,6681963.0
2000-03-23,5.751606719961193,5.9633745887962055,5.743136443301946,5.904079914093018,7322117.0
2000-03-24,5.836316537886404,5.9210234444079894,5.768550875764659,5.827845573425293,6791855.0
2000-03-27,5.844789072554269,5.912554760817807,5.7516111656265725,5.853260040283203,7783531.0
2000-03-28,5.785492069324899,5.878669939488802,5.751608896300582,5.760079860687256,8294330.0
2000-03-29,5.8193764278176126,5.946436812366999,5.683844734894671,5.726198196411133,9027562.0
2000-03-30,5.827847838938667,5.878672276418026,5.633021741297987,5.6414923667907715,11746263.0
2000-03-31,5.760079769552994,5.827845430007085,5.692314109098904,5.709255695343018,10112580.0
2000-04-03,5.7600790752076065,6.0819660946934455,5.751608111976086,6.0650248527526855,10210688.0
2000-04-04,6.098907119594507,6.39538192335752,6.065024636918752,6.234438419342041,14282915.0
2000-04-05,6.234441444275304,6.386914059339995,6.217500194717581,6.276794910430908,11309476.0
2000-04-06,6.288576027716212,6.459229065534949,6.280043100013471,6.363236904144287,7681186.0
2000-04-07,6.416564775004183,6.4421628644695454,6.18618265934532,6.331238269805908,6840711.0
2000-04-10,6.280041942452904,6.3397703567741965,6.22031352813161,6.314172267913818,5590987.0
2000-04-11,6.322704346550673,6.5872167467704585,6.288574025664575,6.4506940841674805,8636320.0
2000-04-12,6.544556161568408,6.689611808129506,6.416566371917725,6.416566371917725,10310782.0
2000-04-13,6.459229635134618,6.459229635134618,6.280043653811833,6.416566371917725,7607704.0
2000-04-14,6.228848643706882,6.365371387710141,5.733953869077492,5.819281101226807,9912788.0
2000-04-17,5.938735227145119,5.947268153256287,5.580363362946196,5.716886043548584,9938871.0
2000-04-18,5.61449424254004,5.725418838476242,5.520634809933391,5.6656904220581055,8932498.0
2000-04-19,5.657157228038692,5.819278340589151,5.614493976968127,5.725418567657471,9492815.0
2000-04-20,5.733953875460053,5.785150076900689,5.58889854598634,5.6230292320251465,5131692.0
2000-04-24,5.623026408405289,5.793679408140544,5.597428320539128,5.7680816650390625,6496074.0
2000-04-25,5.844876781563612,6.203248706066171,5.793680595340533,6.1349873542785645,12350802.0
2000-04-26,6.143517850660142,6.169115933641789,5.938733876336189,6.00699520111084,9860225.0
2000-04-27,5.972866734571247,6.041128080501138,5.870474370911692,5.904605388641357,9482488.0
2000-04-28,5.938734383348851,6.049658959386564,5.9046040628123,5.98139762878418,9594366.0
2000-05-01,6.024061960313257,6.160584646132055,5.964333543841062,6.092323303222656,9452433.0
2000-05-02,6.075257203526023,6.075257203526023,5.6998202201534225,5.785146713256836,9536772.0
2000-05-03,5.776614744753898,5.827810577085638,5.691287897848081,5.725418567657471,6282777.0
2000-05-04,5.733952049778885,5.733952049778885,5.571831601287086,5.60596227645874,5992689.0
2000-05-05,5.605962793789257,5.896073387137984,5.605962793789257,5.8704752922058105,6183212.0
2000-05-08,5.819280857853784,5.861944127379333,5.716888459368726,5.8534111976623535,5295073.0
2000-05-09,5.785149157295893,5.938737047673832,5.716887796069077,5.77661657333374,6373604.0
2000-05-10,5.802213481496339,6.280042940600896,5.768082805846014,6.160585403442383,10986949.0
2000-05-11,6.186183482378197,6.271509998928629,6.169118316974009,6.2203145027160645,6833561.0
2000-05-12,6.100857070683405,6.143520329691876,6.032595718363951,6.122189044952393,4607255.0
2000-05-15,6.0581925193112305,6.382434046042202,6.006996343610686,6.280041694641113,6380356.0
2000-05-16,6.348302217002643,6.4080306212953335,6.186181474460459,6.237377643585205,5903451.0
2000-05-17,6.169114958631834,6.2032452708603545,6.117918800759937,6.186180114746094,4451950.0
2000-05-18,6.152052760947683,6.2203141077597,5.998464903003007,6.041128158569336,4863846.0
2000-05-19,5.853408374751716,5.9643329599287185,5.7851470385251496,5.827810287475586,7610749.0
2000-05-22,5.955799583988754,5.955799583988754,5.6998201096416095,5.802211761474609,5948467.0
2000-05-23,5.768082416055085,5.793680162489444,5.699821414132069,5.7083539962768555,5967003.0
2000-05-24,5.7424877168801824,5.9131408293921295,5.7424877168801824,5.887542724609375,6572204.0
2000-05-25,5.802212988286936,5.89607242453812,5.674223224051375,5.7424845695495605,5914970.0
2000-05-26,5.742486799151334,5.879009543154594,5.742486799151334,5.819281101226807,4454730.0
2000-05-30,5.904605464945302,6.041128158569337,5.836344118133285,6.041128158569336,5542132.0
2000-05-31,6.00700014903528,6.0496634259697295,5.904608422298559,5.96433687210083,5849432.0
2000-06-01,6.0240603599221965,6.126452691848786,6.00699520111084,6.00699520111084,5488377.0
2000-06-02,6.143521308898926,6.203249743124913,6.109390972063966,6.143521308898926,6992176.0
2000-06-05,6.186180457184858,6.186180457184858,6.049657821655273,6.049657821655273,4387868.0
2000-06-06,6.100853644645677,6.331235665540096,6.092320721823989,6.186180114746094,7003828.0
2000-06-07,6.177650422543134,6.382434448736633,6.152052333077771,6.331238269805908,6150642.0
2000-06-08,6.331239845483935,6.459229635134618,6.322706917028728,6.416566371917725,5981700.0
2000-06-09,6.4506961723954355,6.570153713226318,6.433631006428028,6.570153713226318,6734394.0
2000-06-12,6.46776309338974,6.51042636010135,6.365370701658173,6.3909687995910645,5155656.0
2000-06-13,6.34830552500342,6.561622547826448,6.34830552500342,6.553089618682861,5550208.0
2000-06-14,6.672545860500274,6.868796986255447,6.629881912742679,6.826133728027344,10953452.0
2000-06-15,6.740806338804623,6.817599917860556,6.570152638458122,6.646946907043457,8248123.0
2000-06-16,6.638412917628898,6.672543928044289,6.442161848710602,6.4506940841674805,10847400.0
2000-06-19,6.4506983926002,6.646950282124768,6.4506983926002,6.484829425811768,6736115.0
2000-06-20,6.536023875290545,6.544556114154367,6.416566325430945,6.442164421081543,5069596.0
2000-06-21,6.4506961723954355,6.664013160341333,6.433631006428028,6.570153713226318,6099403.0
2000-06-22,6.553089074860115,6.706676959991455,6.53602390751876,6.706676959991455,5734244.0
2000-06-23,6.655479683633185,6.706675172008663,6.587217653407109,6.629880905151367,3666818.0
2000-06-26,6.62988259231797,6.732274974184421,6.425099207644195,6.467762470245361,5744174.0
2000-06-27,6.553085942912565,6.689608595453628,6.3141709562010835,6.356834888458252,11158010.0
2000-06-28,6.356837080370307,6.399500337809027,6.024062569101131,6.132854461669922,9186044.0
2000-06-29,6.0240626872146805,6.314173257203844,6.006997521810493,6.2203145027160645,9558618.0
2000-06-30,6.126452691848786,6.280040500209444,5.902470155288597,6.00699520111084,20055158.0
2000-07-03,6.024060491933634,6.365367123286292,6.015528257105593,6.356834888458252,4297572.0
2000-07-05,6.3824352532170225,6.390967491094663,6.177651201211313,6.245912551879883,6850773.0
2000-07-06,6.2663785373713115,6.283570077474115,5.982714999814188,5.999906539916992,5540278.0
2000-07-07,6.042885747665094,6.2491855948031665,6.042885747665094,6.146035671234131,5792632.0
2000-07-10,6.231991998497482,6.3007588230447675,6.111649881880871,6.163225173950195,4434208.0
2000-07-11,6.1116532850355805,6.206207808268367,6.068674082590827,6.103057861328125,5265283.0
2000-07-12,6.120247762995336,6.223398376924392,6.120247762995336,6.180418491363525,3398443.0
2000-07-13,6.21480278920221,6.309357295129992,6.206206672432157,6.292165756225586,5310432.0
2000-07-14,6.292164923203706,6.309356459832119,6.13743900964117,6.240589618682861,5556298.0
2000-07-17,6.171821485705101,6.171821485705101,5.948329472408191,5.952627182006836,7119413.0
2000-07-18,5.974116155384019,6.060075205930997,5.896753912917798,5.982712268829346,7482056.0
2000-07-19,6.111652592538837,6.111652592538837,5.948331919608581,5.999906539916992,5513268.0
2000-07-20,6.068673174238372,6.266378309454934,5.913947929669204,5.9311394691467285,7830136.0
2000-07-21,5.948330394596723,6.051480303404084,5.836583675988359,5.913946628570557,5664602.0
2000-07-24,5.879564206860419,6.008501780775865,5.870968090745131,5.939734935760498,5690420.0
2000-07-25,5.974115928597612,6.09445803908667,5.965520510114011,6.051478862762451,5537100.0
2000-07-26,6.042886212339945,6.068673174238372,5.9311394691467285,5.9311394691467285,7688600.0
2000-07-27,5.982711345635288,6.008498987356539,5.862369943783213,5.888156890869141,6560023.0
2000-07-28,5.810793770303413,5.939731619549402,5.802198006305049,5.845177173614502,6247426.0
2000-07-31,5.85377836227417,5.9741198572661505,5.819394929140206,5.85377836227417,5567685.0
2000-08-01,5.862374285250815,6.051482640194763,5.8537781667659745,6.008503437042236,5848373.0
2000-08-02,6.051478452929295,6.154629024829928,6.0256908099541375,6.094457626342773,7831460.0
2000-08-03,6.103054152205676,6.1202456838082835,6.017095799557236,6.051478862762451,7674566.0
2000-08-04,6.051483112202541,6.0686746558773015,5.982716242867605,6.0428876876831055,7471200.0
2000-08-07,5.965524135650586,6.128845521722142,5.965524135650586,6.103057861328125,5534452.0
2000-08-08,5.999902314855585,6.034286065484302,5.776410366992325,5.845177173614502,11434461.0
2000-08-09,5.870966908958675,5.896754557478012,5.681858296891628,5.733433246612549,8296581.0
2000-08-10,5.7506258414183735,5.845179985522274,5.7506258414183735,5.819392681121826,6021949.0
2000-08-11,5.862374481046109,5.982715976038089,5.7764153772343025,5.85377836227417,5294014.0
2000-08-14,5.785008247326594,5.862371188921854,5.716241419675964,5.759220600128174,4997703.0
2000-08-15,5.8279868223951565,5.870965998382894,5.776411533355713,5.776411533355713,4313724.0
2000-08-16,5.845180491191955,5.862372723581821,5.638879954234428,5.681859493255615,5524390.0
2000-08-17,5.604495147891198,5.621686680336156,5.329427850230125,5.432578086853027,16596472.0
2000-08-18,5.441174627274449,5.4927495792653955,5.28644907666607,5.4067912101745605,11242481.0
2000-08-21,5.527135373783367,5.535731144386098,5.4239847372790155,5.50994348526001,8547479.0
2000-08-22,5.544326390746666,5.552922160536626,5.449771881103516,5.449771881103516,7848010.0
2000-08-23,5.492750173512838,5.587304667596594,5.484154405137352,5.527133941650391,5918677.0
2000-08-24,5.587307588830113,5.6560744664232585,5.55292415003354,5.57011604309082,6722345.0
2000-08-25,5.604498292232043,5.664669036865234,5.5443272002809385,5.664669036865234,5474872.0
2000-08-28,5.699048486042988,5.862370105682085,5.681856955965824,5.79360294342041,9008231.0
2000-08-29,5.767817377685339,5.922542940677005,5.7506258414183735,5.819392681121826,6816482.0
2000-08-30,5.776411066025574,5.81939058585383,5.690452721004406,5.79360294342041,4999292.0
2000-08-31,5.7936058334209335,5.905352223935183,5.74203087014484,5.744179725646973,6707252.0
2000-09-01,5.8881613090048015,5.931140512577555,5.742032155784611,5.905353546142578,6791193.0
2000-09-05,5.922543398165568,5.956926473355429,5.853776553150201,5.939734935760498,4814594.0
2000-09-06,5.9483319643494195,6.051481900377839,5.879565108785223,5.896756649017334,6281586.0
2000-09-07,5.888156841667082,5.931136012631589,5.8623698947966325,5.879561424255371,4611227.0
2000-09-08,5.870966808452021,6.249184026111313,5.862371388849727,6.1976094245910645,12144258.0
2000-09-11,6.223398353173632,6.32654827207339,6.214802237167137,6.3179521560668945,10536789.0
2000-09-12,6.266375589610617,6.309354766967699,6.223396412253535,6.274971008300781,6891685.0
2000-09-13,6.309356459832119,6.309356459832119,6.197610429794025,6.240589618682861,5509958.0
2000-09-14,6.206204181409391,6.2148002947291685,6.103054294749167,6.171821117401123,6600537.0
2000-09-15,6.154629940017518,6.171821473012202,6.08586311340332,6.08586311340332,9445681.0
2000-09-18,6.1718217178502615,6.18901325152694,6.077267240675302,6.154630184173584,5422972.0
2000-09-19,6.128843931701051,6.317952234469965,6.128843931701051,6.257781505584717,4815653.0
2000-09-20,6.283567892061685,6.326547074688493,6.077267398671701,6.111650466918945,8629567.0
2000-09-21,6.12024932333785,6.438295972978247,6.094461663281086,6.421104431152344,9357900.0
2000-09-22,6.403910260084581,6.593018531799316,6.369526495913837,6.593018531799316,8147234.0
2000-09-25,6.601612823950818,6.739146453392933,6.541442121558146,6.670379638671875,8363576.0
2000-09-26,6.670383758129123,6.773533696595785,6.63599998221639,6.644596099853516,9304940.0
2000-09-27,6.618809327003416,6.696172312179406,6.49846713716383,6.52425479888916,6817541.0
2000-09-28,6.558639357581571,6.859494520558952,6.481276363226492,6.833706855773926,9091908.0
2000-09-29,6.8422991166034715,6.902470538153182,6.747745315634368,6.859491348266602,11108095.0
2000-10-02,6.868087897806095,6.893875554901768,6.782129503911013,6.885280132293701,7126562.0
2000-10-03,6.876681021032907,7.031406201605883,6.859489488666005,6.868084907531738,7750828.0
2000-10-04,6.954044513673478,7.272091740110492,6.936852978217184,7.117365837097168,11929770.0
2000-10-05,7.137963208090648,7.449438395939198,7.137963208090648,7.414829730987549,11455116.0
2000-10-06,7.440787095555709,7.449439437798484,7.267745844133582,7.380222797393799,9222719.0
2000-10-09,7.388875675375565,7.458093026527861,7.215834395032688,7.259094715118408,12425872.0
2000-10-10,7.336962976662499,7.336962976662499,7.016836080715827,7.051444053649902,10005071.0
2000-10-11,7.034141021308318,7.051445010122504,6.7140140819389655,6.800534725189209,9897032.0
2000-10-12,6.800530732520862,6.999528234998606,6.757270436294348,6.904356002807617,7943735.0
2000-10-13,6.783230414477154,6.982228024345155,6.731317751318795,6.938967704772949,9921791.0
2000-10-16,6.938963027422413,7.103352550494228,6.921659051093488,7.02548360824585,6766170.0
2000-10-17,7.068748747397814,7.285051047005696,7.042793114689813,7.259094715118408,7479938.0
2000-10-18,7.207182685929104,7.4580936832055995,7.120662038139609,7.293704032897949,9973030.0
2000-10-19,7.2937008556348575,7.4234817707842735,7.1466152591222825,7.207179546356201,10147798.0
2000-10-20,7.13796050315208,7.181221492742607,6.999527294163057,7.02548360824585,8826181.0
2000-10-23,6.990880053313458,7.50135291997899,6.964923722902419,7.492700576782227,11626706.0
2000-10-24,7.458091735839844,7.544612361038131,7.336962441054742,7.458091735839844,11471401.0
2000-10-25,7.49270330676141,7.596528666234514,7.440790627024858,7.587876319885254,8506038.0
2000-10-26,7.561917482418299,7.613830145008804,7.518657163319303,7.535961151123047,10597958.0
2000-10-27,7.605180939437418,7.838787318302098,7.596529291555487,7.79552698135376,15053748.0
2000-10-30,7.873392418991883,8.089694723539479,7.847436086511827,8.04643440246582,15674968.0
2000-10-31,8.029132345663912,8.1675656860781,7.925306990763537,7.985871315002441,17306534.0
2000-11-01,7.942603535700959,8.046428793243866,7.6743894523464755,7.7609100341796875,13705783.0
2000-11-02,7.743610726081699,7.85608769011024,7.5532647719506745,7.752263069152832,9355252.0
2000-11-03,7.717654382588247,7.925304323320167,7.657090078733651,7.916652679443359,10009705.0
2000-11-06,7.882045151958706,7.925305475167818,7.786872161226924,7.830132484436035,8374035.0
2000-11-07,7.882040465116469,7.9166491226122595,7.8301278284622455,7.899344444274902,5145461.0
2000-11-08,7.86474006523522,7.977217029722176,7.856087722128824,7.94260835647583,6240144.0
2000-11-09,7.942606624370611,8.09834457124734,7.899346316631215,7.97721529006958,11587383.0
2000-11-10,7.985867798238131,8.06373678012198,7.856086860944214,7.907999515533447,7808687.0
2000-11-13,7.795523701418841,8.09834663182526,7.795523701418841,8.029129981994629,9416818.0
2000-11-14,8.029127186671877,8.037778827901615,7.812824969064066,7.933954238891602,9237018.0
2000-11-15,7.942605880121339,7.953421480427045,7.7349560029222895,7.933954238891602,6855672.0
2000-11-16,7.977217408311698,8.150258685218049,7.93395708908511,8.037781715393066,6322232.0
2000-11-17,7.752263069152832,7.821479716184183,7.579221101984836,7.752263069152832,15108032.0
2000-11-20,7.760913465749307,7.925303063426292,7.743609481567289,7.890695095062256,9776548.0
2000-11-21,7.8214833213222485,7.994524669070552,7.80417862720377,7.882047653198242,6756902.0
2000-11-22,7.890693041818949,8.098342895507812,7.8647367227104725,8.098342895507812,7109218.0
2000-11-24,8.04643315023913,8.063737136139798,7.821479235992852,7.8560872077941895,3359782.0
2000-11-27,7.786869644015166,7.882042603980992,7.631132390970685,7.6743927001953125,6145081.0
2000-11-28,7.674393437989741,7.8301307060063605,7.639785466954572,7.717653751373291,5413306.0
2000-11-29,7.596525925658325,7.717654535771732,7.561917251926459,7.639786243438721,7686482.0
2000-11-30,7.665742667490411,7.743611667055233,7.406180733966318,7.605178356170654,10412730.0
2000-12-01,7.5705713915241875,7.5705713915241875,7.060099053936809,7.224488735198975,15511984.0
2000-12-04,7.181224029056372,7.475394527260488,7.103355059305699,7.336961269378662,9956612.0
2000-12-05,7.371567087476623,7.4407836962599445,7.267742523891067,7.397523403167725,8693781.0
2000-12-06,7.345612096489632,7.535957979765364,7.311004135446214,7.5100016593933105,8182452.0
2000-12-07,7.475393698349893,7.61382694088152,7.46674135849955,7.5100016593933105,6496338.0
2000-12-08,7.492699518451937,7.510003503222057,7.025487035404643,7.155268669128418,10081201.0
2000-12-11,7.189875437948258,7.189875437948258,6.9649215759668905,7.034138202667236,7243736.0
2000-12-12,7.07740126527142,7.3023552149253055,7.060097276647115,7.233138561248779,6427623.0
2000-12-13,7.328306794384403,7.432132057148812,7.302350478693302,7.397523403167725,6406836.0
2000-12-14,7.302356078718762,7.596527416025916,7.302356078718762,7.56191873550415,6836871.0
2000-12-15,7.570568651730933,7.613829667294879,7.432136058807373,7.432136058807373,16184046.0
2000-12-18,7.440787095555709,7.527307721266772,7.302353814746339,7.380222797393799,6930478.0
2000-12-19,6.471753766678104,6.644794989694102,6.341972150237049,6.445797443389893,30980144.0
2000-12-20,6.376582788404391,6.402538420548867,5.995890861228443,6.0997161865234375,19868738.0
2000-12-21,6.099716045226298,6.220844656358872,5.900718441926279,6.212193012237549,14253787.0
2000-12-22,6.212190368808279,6.350623607635498,6.177581709511995,6.350623607635498,9884322.0
2000-12-26,6.307364573820296,6.489058148850498,6.307364573820296,6.480405807495117,5389872.0
2000-12-27,6.489057309432587,6.610186576843262,6.4804049691964645,6.610186576843262,6028569.0
2000-12-28,6.670755408915471,6.670755408915471,6.489061733514701,6.523669719696045,5575629.0
2000-12-29,6.592881896371016,6.670750860959095,6.489057309432587,6.610186576843262,6240939.0
2001-01-02,6.5842320607011855,6.982227235470398,6.5755797180926026,6.973575592041016,10764650.0
2001-01-03,6.9735746920087855,7.345613490114912,6.947618366712244,7.060095310211182,14965437.0
2001-01-04,7.077401191637665,7.302355138951115,7.051444859381606,7.16392183303833,13016774.0
2001-01-05,7.163919718025934,7.207180025954475,6.843792880011454,6.921661853790283,9653814.0
2001-01-08,6.9596383464896885,7.06416395528191,6.80285063719647,6.985769748687744,8342127.0
2001-01-09,6.968346715879809,7.281922029497501,6.933504623314023,7.238369941711426,7250754.0
2001-01-10,7.107713368120357,7.316763802705947,7.055450583500248,7.299343109130859,6039823.0
2001-01-11,7.3080531039709795,7.3080531039709795,7.151265454005499,7.299343109130859,4998232.0
2001-01-12,7.290634542535875,7.308055241205631,6.9509277509478915,7.099004745483398,7521644.0
2001-01-16,7.038031682471339,7.090294480402482,6.741877000686571,6.9770588874816895,7969686.0
2001-01-17,6.959634786273353,7.1077124216811916,6.92479340376254,7.011897563934326,6274039.0
2001-01-18,7.029320312404762,7.133845898317376,6.959636823094673,7.046741008758545,6413059.0
2001-01-19,6.968346282157837,7.011898367233155,6.872531413434205,6.9247941970825195,6974700.0
2001-01-22,6.907369988253894,6.93350136944113,6.646057584170627,6.811555862426758,8325444.0
2001-01-23,6.820268630379122,6.924794197684843,6.8028479371264465,6.872531414031982,7283059.0
2001-01-24,6.759295223737113,6.759295223737113,6.506692731422061,6.602507591247559,12472345.0
2001-01-25,6.680901055544951,6.7157431427063905,6.445719254863235,6.602507591247559,9648385.0
2001-01-26,6.558955666391739,6.611217742536154,6.306353168061984,6.506692886352539,7113587.0
2001-01-29,6.515405340878755,6.738392230117641,6.505649356520501,6.675677299499512,7484837.0
2001-01-30,6.553035479835381,6.710520046109225,6.543279493509915,6.678465366363525,5460308.0
2001-01-31,6.689614784937365,6.745361164206375,6.58090874705197,6.738393306732178,7229437.0
2001-02-01,6.801108173851403,7.072873617574685,6.780203193864618,7.045000076293945,9426218.0
2001-02-02,7.106318884647628,7.141160268014376,6.8666075204400565,6.94047212600708,11159466.0
2001-02-05,6.842911723022116,6.92653226852417,6.689608445443314,6.92653226852417,8810955.0
2001-02-06,6.912600558395039,6.940474095334286,6.787170698010878,6.933505535125732,5857244.0
2001-02-07,6.961378350574241,6.961378350574241,6.703549392424288,6.780201435089111,6063258.0
2001-02-08,6.752328895801445,6.784383570265958,6.6617404247132574,6.720274925231934,6063788.0
2001-02-09,6.696578365372975,6.706333640138885,6.410876008479587,6.4903154373168945,9221925.0
2001-02-12,6.497286031667882,6.734210003037414,6.494499311911942,6.657557964324951,7422079.0
2001-02-13,6.657554176819736,6.762079688680435,6.585083314812395,6.753717422485352,6432654.0
2001-02-14,6.752330101975372,6.759298663733109,6.522374602921306,6.550248146057129,5121364.0
2001-02-15,6.605995232328774,6.731425120597287,6.529343164679044,6.550248146057129,4901580.0
2001-02-16,6.550244100661907,6.724452405854223,6.463836803811149,6.650588512420654,7030440.0
2001-02-20,6.685430700944378,6.831766201819018,6.605991951934265,6.796924114227295,6428814.0
2001-02-21,6.724455152362135,6.7690532343884575,6.5781203133227235,6.619930267333984,6411867.0
2001-02-22,6.619928953939697,6.819223403930664,6.515404089649285,6.819223403930664,7570102.0
2001-02-23,6.7244541392841635,6.96834667409766,6.619929270003289,6.929324150085449,8490547.0
2001-02-26,6.929323216956061,7.01015567779541,6.856852322196258,7.01015567779541,6704074.0
2001-02-27,7.010159872898923,7.078449673538361,6.964168768307153,7.049182415008545,8358280.0
2001-02-28,7.050571874463968,7.086807673617797,6.647801876068115,6.647801876068115,10766636.0
2001-03-01,6.724455907171715,6.724455907171715,6.3411970138549805,6.3411970138549805,11526876.0
2001-03-02,5.937028969613856,6.491709148554105,5.937028969613856,6.4903154373168945,27288170.0
2001-03-05,6.424815460177852,6.424815460177852,6.25757566365319,6.328652858734131,8117179.0
2001-03-06,6.396942802755188,6.522372653535631,6.36210070827512,6.412272930145264,8301612.0
2001-03-07,6.306353725910339,6.367674933369434,6.0763983180701695,6.127963542938232,10177058.0
2001-03-08,6.1878895480924205,6.370460097821144,6.166984582419976,6.335618019104004,6142566.0
2001-03-09,6.300780235409617,6.437359797723531,6.208798052467798,6.271512985229492,7982793.0
2001-03-12,6.2018288354461655,6.508436314092998,6.193467267633431,6.2561821937561035,8570649.0
2001-03-13,6.221338759527732,6.285447383800258,6.1251754711715565,6.261754989624023,7598436.0
2001-03-14,5.923095477710767,6.125177395577,5.7140449993989755,5.8687424659729,13652426.0
2001-03-15,5.992777529184453,5.999746087954033,5.832505604747884,5.967691421508789,11411556.0
2001-03-16,5.8673470968825,5.938423929721857,5.811600388798985,5.872921943664551,14421935.0
2001-03-19,5.846441750990664,6.104270303361303,5.815781151494812,6.001139163970947,7198191.0
2001-03-20,5.987203063418366,6.010895460848784,5.697320150777562,5.700107574462891,7336416.0
2001-03-21,5.602553309444943,5.691748095551362,5.504996600127949,5.591403961181641,9430720.0
2001-03-22,5.591399096513272,5.686168650273071,5.53565240369789,5.645752429962158,13046696.0
2001-03-23,5.588614982927519,5.8339009284973145,5.544017602268922,5.8339009284973145,10226179.0
2001-03-26,5.860377951298727,5.881282919486855,5.644359360109162,5.748884201049805,11448628.0
2001-03-27,5.7767605667785435,6.173956213478682,5.7474933153678665,6.1182098388671875,10574391.0
2001-03-28,6.027619176761452,6.062460560262641,5.8227495470775,5.879889965057373,9139440.0
2001-03-29,5.78372673801606,6.158623539203798,5.761427704657799,6.059672832489014,8275132.0
2001-03-30,6.080580345033416,6.219947338104248,5.99696043074893,6.219947338104248,7760229.0
2001-04-02,6.2199458922653506,6.278480381774057,6.0108954512532975,6.098697185516357,7705150.0
2001-04-03,6.182318028110934,6.182318028110934,5.944000305810484,6.009503364562988,8790433.0
2001-04-04,5.992776870768281,6.134931230680509,5.964903342647202,6.129356384277344,7932481.0
2001-04-05,6.173953271941656,6.235275169861446,6.034586345970776,6.193465232849121,11183166.0
2001-04-06,6.235450720903455,6.235450720903455,5.885759882359942,6.080968379974365,9445019.0
2001-04-09,6.017770291330148,6.134333881820309,5.955977792393638,6.087989330291748,7628358.0
2001-04-10,6.1090551816876095,6.1610174283578685,5.981256909395609,6.037431716918945,8995786.0
2001-04-11,5.9264855347505545,5.954573291831871,5.743916177679061,5.786047458648682,11982200.0
2001-04-12,5.764982093070072,5.825370525417909,5.638587889481684,5.783238887786865,10179706.0
2001-04-16,5.870309354289334,5.92508008095471,5.801494751525779,5.8969926834106445,7024217.0
2001-04-17,5.870311244709889,6.087990153047934,5.863289481725722,6.062711238861084,7468552.0
2001-04-18,5.968619169140182,6.121697115474232,5.798689200286845,5.861886501312256,13454356.0
2001-04-19,5.842222565013711,5.877331726936143,5.7495331149762,5.807112693786621,9736564.0
2001-04-20,5.8071117623612905,5.833795089980918,5.596454696700834,5.617520332336426,12529674.0
2001-04-23,5.547303680344843,5.6245444906197335,5.390012858130235,5.5121941566467285,15068179.0
2001-04-24,5.50517365507553,5.641398519336083,5.50517365507553,5.575392723083496,7645041.0
2001-04-25,5.547303928975641,5.77340903056192,5.547303928975641,5.728468894958496,10321772.0
2001-04-26,5.736893997087209,5.835200791122844,5.680718838203568,5.746724605560303,8546817.0
2001-04-27,5.800091669943824,5.909633148610235,5.75093826955774,5.884354591369629,8343848.0
2001-04-30,5.884353429364851,5.916654097226293,5.772002771432615,5.7930684089660645,9209214.0
2001-05-01,5.877332671555242,6.000918388366699,5.814135744354906,6.000918388366699,9888162.0
2001-05-02,6.0009200449442375,6.0009200449442375,5.8632907649745265,5.950362205505371,10401741.0
2001-05-03,5.863286163353134,5.884351795035782,5.738296086685307,5.870307922363281,9629982.0
2001-05-04,5.800093418048583,5.929296508601695,5.794475722755957,5.9194655418396,6827603.0
2001-05-07,5.919462098718074,6.037430084721012,5.871713489766669,6.034621238708496,6279202.0
2001-05-08,6.033217419625922,6.109054141641454,5.947550444887127,5.962998390197754,8194501.0
2001-05-09,5.968614564069033,5.968614564069033,5.860477555800908,5.933505058288574,9322814.0
2001-05-10,6.003728002542634,6.007940564117209,5.913847373015005,5.988279342651367,6406968.0
2001-05-11,5.999511156133257,6.029003325407996,5.8211547816519955,5.933505058288574,5637592.0
2001-05-14,5.9124447553958,6.010751247406006,5.880144066077555,6.010751247406006,4894696.0
2001-05-15,6.010748174642573,6.087989330291747,5.936316220320786,6.087989330291748,6558434.0
2001-05-16,6.052881337209083,6.3197133113349455,6.00372792949014,6.305669784545898,8917802.0
2001-05-17,6.326734132189877,6.41520996422153,6.1245028483407165,6.137142658233643,9221263.0
2001-05-18,6.1469737208907285,6.2621336111804045,6.1371434656520885,6.252302646636963,5860289.0
2001-05-21,6.27757928671439,6.29021838438758,6.165228993435029,6.1806769371032715,5304738.0
2001-05-22,6.227021240389642,6.228425663333711,6.068326412841509,6.09079647064209,7465639.0
2001-05-23,6.052883042217544,6.1160799945271895,6.003729620652802,6.017773151397705,7783664.0
2001-05-24,5.99670632540023,6.090799878074382,5.975640678758769,6.051477432250977,8144321.0
2001-05-25,6.102030626371027,6.141353042283631,5.937717785456663,5.9475483894348145,7987692.0
2001-05-29,5.9475500500175755,6.064113616943359,5.920866721303783,6.064113616943359,7842449.0
2001-05-30,6.031815683685501,6.064116721148501,5.923678599726223,5.934913635253906,5704057.0
2001-05-31,5.961593464529197,6.04585599899292,5.933505361954227,6.04585599899292,6167192.0
2001-06-01,5.996703535579921,6.003725650961844,5.899801180527714,5.905418872833252,7049903.0
2001-06-04,5.947547883409514,5.9756356249449345,5.863285368107564,5.904012203216553,5967136.0
2001-06-05,5.898397169244228,5.984064145666143,5.891375408024376,5.954572677612305,7515289.0
2001-06-06,5.9194609447387245,5.941931353806048,5.864690231433399,5.870307922363281,8097452.0
2001-06-07,5.870309899130148,5.906823838513462,5.830987113336042,5.856266021728516,7022496.0
2001-06-08,5.856266636392024,5.856266636392024,5.764981955678819,5.8197526931762695,4768121.0
2001-06-11,5.7860486631804235,5.923677921295166,5.776218052551146,5.923677921295166,4977446.0
2001-06-12,5.926482254584027,5.937717280267764,5.842219739282077,5.904012203216553,7046328.0
2001-06-13,5.904017586817001,5.923678811028662,5.87733424349226,5.902613162994385,4455790.0
2001-06-14,5.856270174492555,5.898401481921034,5.804307897655026,5.857674598693848,6548107.0
2001-06-15,5.727063237848125,5.8085173047482,5.624543531252786,5.661057472229004,15255393.0
2001-06-18,5.687741016702987,5.715828419124711,5.5697730044356275,5.5838165283203125,7549580.0
2001-06-19,5.652631080288974,5.70599738920626,5.617521209212759,5.6765055656433105,7144172.0
2001-06-20,5.6526301979321065,5.756554307766326,5.56836730073747,5.617520332336426,10525535.0
2001-06-21,5.589435033338225,5.590839456861125,5.4686581568928085,5.524833679199219,20094083.0
2001-06-22,5.561346883967581,5.593647556722446,5.42933499162516,5.456017971038818,7919771.0
2001-06-25,5.491125973180454,5.512191962736759,5.411076347753725,5.434950828552246,6980525.0
2001-06-26,5.366137437331041,5.617521398999836,5.364733368720697,5.538876533508301,8675907.0
2001-06-27,5.463041761925786,5.620332258550002,5.46023291439438,5.533260822296143,7123120.0
2001-06-28,5.547302729689843,5.6652707374712294,5.547302729689843,5.590838432312012,6893936.0
2001-06-29,5.547304142449528,5.743917420606879,5.526238497406318,5.625949382781982,9833348.0
2001-07-02,5.625951647183373,5.7284714210688525,5.6189295262410015,5.701788425445557,6896054.0
2001-07-03,5.694761621353351,5.7284667102012685,5.654034417337774,5.704592227935791,4038332.0
2001-07-05,5.708808466536643,5.842224822945067,5.694764583548526,5.800093173980713,7363029.0
2001-07-06,5.805603981013972,5.850916323622008,5.664003849029541,5.664003849029541,8229984.0
2001-07-09,5.656926351922112,5.754630583988234,5.627190483407727,5.699406623840332,5090780.0
2001-07-10,5.699406623840332,5.756046628810883,5.668254352916222,5.699406623840332,4853916.0
2001-07-11,5.7348064234999585,6.023670615144137,5.707902288207936,5.950038433074951,11290013.0
2001-07-12,5.92596891606802,5.968448846688328,5.841008697240191,5.947208881378174,10966030.0
2001-07-13,5.9047240031641035,5.947203898190324,5.890564276546639,5.940124034881592,5744571.0
2001-07-16,5.9401271908271225,6.127039757973727,5.920303276960843,6.085975170135498,7221626.0
2001-07-17,6.085975896364277,6.272888128227686,6.085975896364277,6.2389044761657715,13670565.0
2001-07-18,6.202085344225054,6.27288542319318,6.145445710154944,6.244565963745117,11695819.0
2001-07-19,6.251645314497107,6.299789395597004,6.131285111747364,6.207749366760254,10027579.0
2001-07-20,6.117125422819944,6.187925500483522,6.010925663911564,6.074645519256592,8728735.0
2001-07-23,6.09588594987802,6.09588594987802,5.94862160512822,5.95570182800293,4992274.0
2001-07-24,5.940127656890635,5.940127656890635,5.736223607329431,5.777287483215332,8172258.0
2001-07-25,5.947204076100556,6.158188228537933,5.862244283506549,6.142612457275391,13498180.0
2001-07-26,6.018007653144377,6.212000103291781,6.006680007936656,6.195008277893066,10552280.0
2001-07-27,6.195007117298753,6.292711346592077,6.18367875903906,6.21199893951416,7430553.0
2001-07-30,6.2275768485259535,6.27572095726018,6.202088748891693,6.251648902893066,6175268.0
2001-07-31,6.2020860720953,6.40740682582088,6.153941984139876,6.376254558563232,12633476.0
2001-08-01,6.413070899700882,6.442807125132995,6.343686850475379,6.360678672790527,9121036.0
2001-08-02,6.4003271057036,6.4003271057036,6.2289906950780045,6.261559009552002,7983588.0
2001-08-03,6.265807271037324,6.271470735047394,6.091638767341835,6.158190727233887,4572434.0
2001-08-06,6.145447039243553,6.19783855117508,6.134118680875133,6.158190727233887,6525334.0
2001-08-07,6.193590266104154,6.230405995306445,6.110045780338896,6.204917907714844,5115142.0
2001-08-08,6.13128321686312,6.203499316194448,6.0406592604882166,6.070395469665527,5748146.0
2001-08-09,6.06331944720201,6.159607646303848,6.008095837840127,6.11146354675293,6337988.0
2001-08-10,6.1242051822103125,6.3224449555790185,6.016588671798974,6.304037094116211,7069498.0
2001-08-13,6.268640790950488,6.32528045019369,6.238904558622582,6.289880752563477,4805590.0
2001-08-14,6.265808603938676,6.301208301022152,6.180848043624608,6.230408191680908,5135399.0
2001-08-15,6.26580877736489,6.26580877736489,6.134120155544184,6.139784336090088,6091459.0
2001-08-16,6.095887244047034,6.204919123595114,6.09022306454475,6.173767566680908,7122590.0
2001-08-17,6.159605383474166,6.159605383474166,5.982605187674681,6.02508544921875,6580280.0
2001-08-20,6.039244499605629,6.199252501274687,6.039244499605629,6.187924861907959,6352949.0
2001-08-21,6.223329534948436,6.2275776713111375,6.07464976847518,6.101553916931152,5088529.0
2001-08-22,6.067564175809694,6.081723902656471,5.972692074966922,5.982604026794434,6582266.0
2001-08-23,6.0180049983219925,6.0958852960687295,5.954285144805908,5.954285144805908,6674549.0
2001-08-24,5.98968566415736,6.037829390477176,5.9571173549825085,6.033581256866455,6444835.0
2001-08-27,5.975528698438046,6.023672807498946,5.908976715953714,5.910392761230469,6028569.0
2001-08-28,5.897645591463571,5.911805679153221,5.833925375653647,5.857997417449951,4179471.0
2001-08-29,5.890568341761624,5.897648209956334,5.78012003784889,5.869328022003174,6028040.0
2001-08-30,5.86932686992168,5.938710923441753,5.763126722323937,5.802774906158447,6897908.0
2001-08-31,5.812685848140091,5.8424217126353835,5.7489659852557375,5.7928619384765625,5286997.0
2001-09-04,5.794280630522968,6.088809126895484,5.782952625185071,5.947208881378174,9469513.0
2001-09-05,5.9472038332672,5.989684085416595,5.822595880320177,5.98118782043457,8342656.0
2001-09-06,5.925968498798525,5.947208462613094,5.876408702426927,5.933048725128174,9468454.0
2001-09-07,5.8693265937996255,5.8707426386114285,5.764542496009865,5.805606365203857,6933656.0
2001-09-10,5.805606961111922,6.173767922357842,5.805606961111922,6.149695873260498,10598752.0
2001-09-17,6.088803874708666,6.294124554221765,6.025084033742778,6.272883892059326,16781435.0
2001-09-18,6.2742994383762625,6.485283562551905,6.2304035037377155,6.464043617248535,13848246.0
2001-09-19,6.4569649500328925,6.541924742269621,6.3578447156408116,6.4130682945251465,18957297.0
2001-09-20,6.3720068931931655,6.549006766815588,6.329526980737714,6.499447345733643,16330348.0
2001-09-21,6.393246403433546,6.4980308476765005,6.21624654215848,6.265806674957275,17988923.0
2001-09-24,6.315366320098668,6.471126214600283,6.27713383236875,6.380502223968506,12359275.0
2001-09-25,6.492368216720441,6.726008489797564,6.4513043421006415,6.676448345184326,18037779.0
2001-09-26,6.655208351951916,6.704768496316257,6.560336198198617,6.703352451324463,13568749.0
2001-09-27,6.704766111062239,6.718925840768554,6.464045699836992,6.549005508422852,14208638.0
2001-09-28,6.619809629747847,6.701937390636983,6.5773289889291675,6.672201156616211,13506786.0
2001-10-01,6.605647919149073,6.652375971489424,6.53767990803349,6.581575870513916,10416835.0
2001-10-02,6.591490595368632,6.655210494995117,6.52069046850327,6.655210494995117,7839272.0
2001-10-03,6.6552070150582185,6.6552070150582185,6.482454566981321,6.539094924926758,10346001.0
2001-10-04,6.5390929531420205,6.549004547930589,6.414484632340654,6.473957061767578,9712467.0
2001-10-05,6.505196383208634,6.525168365182009,6.334006834054627,6.402482509613037,8556880.0
2001-10-08,6.402482676591449,6.5936442127043735,6.398202811660685,6.540860652923584,7488412.0
2001-10-09,6.612189474516607,6.673532042724143,6.5479936630646325,6.660693168640137,6696924.0
2001-10-10,6.626450555102011,6.7034859098262745,6.600772103527257,6.693499565124512,8143394.0
2001-10-11,6.704910333556625,6.740574397631908,6.419594938893343,6.498056888580322,10678854.0
2001-10-12,6.510900891059873,6.566537681926486,6.258396841195674,6.298340797424316,9092570.0
2001-10-15,6.291205797793271,6.319736771523776,6.198478331880317,6.258394241333008,7330458.0
2001-10-16,6.334003863311707,6.334003863311707,6.12714959153189,6.189919471740723,9236224.0
2001-10-17,6.189919543114877,6.234143351649071,6.092912200324141,6.159961223602295,9957539.0
2001-10-18,6.159963006793648,6.212746556330016,6.09291396410608,6.175655841827393,8603087.0
2001-10-19,6.177081774973001,6.265530138623553,6.105752867812402,6.225585460662842,7209577.0
2001-10-22,6.027290933746372,6.0558229996448505,5.863234526957841,5.906032085418701,16674721.0
2001-10-23,5.727706425322877,5.77050359811754,5.456656823688731,5.5322651863098145,30214474.0
2001-10-24,5.5636513773414435,5.703455891109128,5.506588347258488,5.59360933303833,14070016.0
2001-10-25,5.53511874878409,5.592181769244509,5.513720161143647,5.549384593963623,10313298.0
2001-10-26,5.513720075701667,5.649245062420534,5.492321488392823,5.59218168258667,9052718.0
2001-10-29,5.634983880637789,5.686340460627112,5.585053562092666,5.654955863952637,10095368.0
2001-10-30,5.570784479158628,5.649246465792674,5.419567349652393,5.435259819030762,13651499.0
2001-10-31,5.399594145861538,5.485188862798279,5.385328659920197,5.436685562133789,8758260.0
2001-11-01,5.436688471666493,5.605024394078592,5.408156763999123,5.583625793457031,11610686.0
2001-11-02,5.583624870101221,5.6278490456981505,5.468072157647225,5.508016109466553,10243920.0
2001-11-05,5.535123142229101,5.570787603357363,5.456661471850124,5.495179176330566,9839968.0
2001-11-06,5.49945777423032,5.50659088143451,5.396744272811446,5.462367057800293,8848292.0
2001-11-07,5.463789256968116,5.463789256968116,5.39103377912256,5.426698207855225,9082772.0
2001-11-08,5.399593826878047,5.473776294782447,5.393887704890151,5.4195661544799805,8786858.0
2001-11-09,5.44952445163985,5.527986060509813,5.423845641858811,5.483762264251709,5160422.0
2001-11-12,5.492325609739074,5.492325609739074,5.356800521324522,5.4124369621276855,6384858.0
2001-11-13,5.4495275248549255,5.450953785959245,5.321135204832544,5.3354010581970215,8766336.0
2001-11-14,5.3282690882699235,5.371066294343379,5.207009857384503,5.341108322143555,10129130.0
2001-11-15,5.385329823210512,5.563652038574219,5.371063973929852,5.563652038574219,11691714.0
2001-11-16,5.563651362861866,5.67064467908562,5.508014593450229,5.5821967124938965,11279024.0
2001-11-19,5.649244702044308,5.712013839445063,5.60074104843429,5.692041873931885,9118256.0
2001-11-20,5.690616944851072,5.720574902024862,5.556518547351853,5.576490879058838,7960418.0
2001-11-21,5.563653870569112,5.580772607136493,5.5065908149146185,5.562227249145508,5546104.0
2001-11-23,5.630701177842539,5.630701177842539,5.5065891151372455,5.599316596984863,2373667.0
2001-11-26,5.585050667550784,5.620715110848203,5.492323187029059,5.566504955291748,6748693.0
2001-11-27,5.499455395113846,5.563651530889998,5.430979757124473,5.453804969787598,8449371.0
2001-11-28,5.392463913872153,5.440967597379947,5.351093336914275,5.365358829498291,8757068.0
2001-11-29,5.3353990086894605,5.399594783782959,5.209860339873134,5.399594783782959,11088632.0
2001-11-30,5.335400430193815,5.385330730963482,5.3068690870810595,5.332547187805176,9217423.0
2001-12-03,5.36393071188396,5.485189518425471,5.326839651436072,5.4309797286987305,8434542.0
2001-12-04,5.438112770690639,5.48233693764432,5.355371280618766,5.405301570892334,10408229.0
2001-12-05,5.413862075524479,5.499456825401396,5.378197626430587,5.47377872467041,8158753.0
2001-12-06,5.4609398325632545,5.4908977987346885,5.401023179704586,5.450953483581543,6952059.0
2001-12-07,5.456657615329447,5.4595108566650845,5.306867128559138,5.342531204223633,8162063.0
2001-12-10,5.349663879274423,5.408153520683658,5.313999446207439,5.376768589019775,7531309.0
2001-12-11,5.363930772923146,5.492322685006706,5.335399076790004,5.420993804931641,15184294.0
2001-12-12,5.456660195255904,5.4923246480404115,5.420995742471397,5.455233573913574,10023210.0
2001-12-13,5.45665865725582,5.520854438019124,5.401021881618249,5.518001556396484,12620236.0
2001-12-14,5.518002653188179,5.585051689159008,5.465219108939482,5.556519985198975,10485153.0
2001-12-17,5.592183776853496,5.714869585081217,5.585051031831911,5.696323871612549,11569642.0
2001-12-18,5.706307721738983,5.746252015571146,5.59218168258667,5.59218168258667,9194253.0
2001-12-19,5.592183291480207,5.652099569337752,5.527987511084288,5.617861747741699,9802631.0
2001-12-20,5.60644815393798,5.687763010951299,5.540825403900272,5.670644283294678,9603634.0
2001-12-21,5.70345695337185,5.747680764890556,5.592183753792242,5.606449604034424,21839115.0
2001-12-24,5.5636520866899675,5.60359603271188,5.535120387881899,5.577917575836182,3786110.0
2001-12-26,5.575064369279309,5.65352599604248,5.575064369279309,5.580770492553711,5111170.0
2001-12-27,5.592182327394672,5.663511200153888,5.565077254873999,5.662084579467773,6102316.0
2001-12-28,5.694898445860867,5.714870784577421,5.592184950599129,5.633555889129639,5221988.0
2001-12-31,5.620716617116569,5.642115216777963,5.572212932413189,5.587905406951904,6602920.0
2002-01-02,5.599314428003679,5.6991746158272525,5.556516895858419,5.692041873931885,8029530.0
2002-01-03,5.692045352783483,5.756241149849892,5.592184743669641,5.730562686920166,10263913.0
2002-01-04,5.8418347537920825,5.847541237876497,5.663512530021622,5.704883098602295,9481826.0
2002-01-07,5.699176601510723,5.763372741966724,5.684910752491854,5.693470478057861,6408557.0
2002-01-08,5.6832485429736375,5.7336061604392405,5.6544724501272805,5.717779636383057,6073585.0
2002-01-09,5.733604186397356,5.733604186397356,5.470304371877189,5.491886615753174,8325444.0
2002-01-10,5.467428762968728,5.585410085872156,5.402682737793105,5.539368629455566,8053495.0
2002-01-11,5.553755833324151,5.576776194698276,5.437213005679031,5.442968368530273,7391362.0
2002-01-14,5.450160833389504,5.510590311359948,5.427140114481099,5.468865394592285,6537647.0
2002-01-15,5.441529466120252,5.506275480744547,5.363834611914707,5.437212944030762,9686649.0
2002-01-16,5.409876032774567,5.4372129158354126,5.337936178384451,5.339375019073486,7815572.0
2002-01-17,5.335057649140166,5.349445690400312,5.251607445843578,5.306281566619873,9485666.0
2002-01-18,5.280380995904692,5.322106262084534,5.182543154882091,5.253044128417969,8227601.0
2002-01-22,5.263119279643503,5.2659969613698765,5.053055053803951,5.117800712585449,10042408.0
2002-01-23,5.086145118466137,5.251606659834272,5.086145118466137,5.227147102355957,12064553.0
2002-01-24,5.366712931057353,5.366712931057353,5.201251306905989,5.2372212409973145,13668844.0
2002-01-25,5.201252190325709,5.264559386815242,5.107730418472557,5.110608100891113,11057651.0
2002-01-28,5.124995879844059,5.1868645995973575,5.114924354539015,5.185425758361816,6553138.0
2002-01-29,5.208446467218676,5.35952007277919,5.194058418273926,5.194058418273926,12598390.0
2002-01-30,5.215636458075161,5.263116730186245,5.15808466814407,5.222830295562744,8584816.0
2002-01-31,5.258799752036049,5.388291358947754,5.258799752036049,5.388291358947754,11164630.0
2002-02-01,5.402681467176432,5.402681467176432,5.277505969057217,5.3177924156188965,11573878.0
2002-02-04,5.353760764551969,5.353760764551969,5.1278694135208225,5.152328968048096,9119447.0
2002-02-05,5.100533210312767,5.301965047551459,5.048736773984226,5.181106090545654,10539967.0
2002-02-06,5.110605711449634,5.179667877142824,4.933633775606995,4.962409496307373,14142836.0
2002-02-07,4.962410821396939,5.156648532201056,4.960971980476177,5.050177574157715,11429033.0
2002-02-08,5.047298729813248,5.153769663334011,5.047298729813248,5.126432418823242,10726121.0
2002-02-11,5.126431957339451,5.150891518469629,5.048737115912948,5.086145877838135,6931272.0
2002-02-12,5.076075009190445,5.217077032221803,5.035788561177087,5.186862468719482,8670611.0
2002-02-13,5.19981283774689,5.29333423052412,5.162403699286113,5.291895389556885,8397602.0
2002-02-14,5.31491566657638,5.343691391476925,5.301966463200866,5.326426029205322,8483662.0
2002-02-15,5.32642606938632,5.417070130355084,5.32642606938632,5.340814113616943,8481676.0
2002-02-19,5.317793830212254,5.352325286932928,5.2084455495236135,5.2516093254089355,9521678.0
2002-02-20,5.2731886574133675,5.358077690406262,5.114920950307454,5.330740451812744,8222702.0
2002-02-21,5.2516093254089355,5.342253400105584,5.215639391056607,5.2516093254089355,9781977.0
2002-02-22,5.122116035486526,5.330741371599215,5.1163606733817835,5.296210289001465,8575813.0
2002-02-25,5.294772740340236,5.467428558798634,5.294772740340236,5.412754058837891,8325047.0
2002-02-26,5.412754102994166,5.4990820129276115,5.369590329699272,5.395488739013672,8330873.0
2002-02-27,5.408437472568368,5.496204215745867,5.359518339978643,5.438652038574219,8853985.0
2002-02-28,5.451600235051569,5.565265364290688,5.431457194768611,5.444406032562256,8700666.0
2002-03-01,5.517786819600123,5.611308574676514,5.493327250117651,5.611308574676514,7746856.0
2002-03-04,5.668857147126122,5.691877862464026,5.560947407725895,5.663102149963379,8124064.0
2002-03-05,5.6271371399585,5.64008634987325,5.546564560867467,5.57821798324585,6718108.0
2002-03-06,5.614185586922748,5.647278200306668,5.546562245969554,5.61562442779541,9065163.0
2002-03-07,5.676052862117713,5.676052862117713,5.512029767394799,5.575336933135986,8070045.0
2002-03-08,5.596918478846285,5.6256941973005485,5.484692195847094,5.5249786376953125,11067713.0
2002-03-11,5.539364862986907,5.582528608192529,5.524976826803892,5.553752899169922,8298435.0
2002-03-12,5.532170614262906,5.596916594841747,5.516344101610738,5.57965087890625,6330044.0
2002-03-13,5.59691949569187,5.611307539204786,5.526418482156553,5.582531452178955,5444023.0
2002-03-14,5.604113519080771,5.628573084849689,5.510591778203241,5.566704750061035,6566378.0
2002-03-15,5.611308574676514,5.640084303668809,5.585410164242876,5.611308574676514,12217872.0
2002-03-18,5.582531492972522,5.638644463404961,5.566704608658301,5.596919536590576,4706290.0
2002-03-19,5.6113074287913856,5.650155036508772,5.555194096529515,5.647277355194092,7798625.0
2002-03-20,5.640084220139194,5.66886031204899,5.595481604688312,5.614185810089111,6134489.0
2002-03-21,5.611307262683052,5.63288914521708,5.5221016879738585,5.558071613311768,6454632.0
2002-03-22,5.546562382533006,5.571021951283179,5.4386525845193585,5.455918312072754,7104452.0
2002-03-25,5.4357739627432915,5.512030337623654,5.4357739627432915,5.467427730560303,5434623.0
2002-03-26,5.49620531394032,5.553757139267747,5.489011108684579,5.516348361968994,6107612.0
2002-03-27,5.496204937968835,5.512031461761441,5.4170708656311035,5.4170708656311035,10337527.0
2002-03-28,5.453040580204146,5.501959717255472,5.359518828786136,5.3868560791015625,8677496.0
2002-04-01,5.422824986688413,5.422824986688413,5.242975710262638,5.27462911605835,9712996.0
2002-04-02,5.27031227299185,5.359517848756948,5.222831985517542,5.35232400894165,8692457.0
2002-04-03,5.388294490612012,5.4602343544124015,5.345130717669241,5.412754058837891,9083302.0
2002-04-04,5.438650467856587,5.52497834533838,5.424262427719035,5.48900842666626,7406324.0
2002-04-05,5.467427615786008,5.49332602042222,5.352323998895723,5.372467041015625,5392917.0
2002-04-08,5.345952914848944,5.375007160298647,5.248622036360773,5.306729793548584,8289034.0
2002-04-09,5.270414609194349,5.2776779899846264,5.051056033685473,5.06994104385376,14951270.0
2002-04-10,5.0481492241803,5.186155991362056,5.008926097640453,5.178892612457275,13022996.0
2002-04-11,5.157100155287834,5.157100155287834,4.852032120302737,4.902876853942871,16720399.0
2002-04-12,4.837504740619258,4.975511814945082,4.822977989095015,4.939194202423096,12056212.0
2002-04-15,4.939196629636,5.014737388849229,4.844770864047399,4.862203121185303,9153342.0
2002-04-16,4.914499247422792,5.048148104356885,4.914499247422792,5.021999359130859,13503211.0
2002-04-17,5.069938447021983,5.098992689013341,4.975512710833699,5.0118303298950195,11936125.0
2002-04-18,4.895616267983608,4.982778298922774,4.7706834855821265,4.9232177734375,11018593.0
2002-04-19,4.8520313249119456,4.878180061746364,4.73726787274001,4.7532477378845215,13766158.0
2002-04-22,4.619600464548755,4.647201592096579,4.467066604616449,4.599262714385986,16758265.0
2002-04-23,4.554224805327708,4.71838015238821,4.517907214956711,4.544055938720703,16434944.0
2002-04-24,4.503383068217084,4.70676163472652,4.503383068217084,4.587640285491943,14681836.0
2002-04-25,4.52517453752902,4.684972148062754,4.52517453752902,4.644296646118164,13062187.0
2002-04-26,4.6370317355544675,4.668991102882358,4.548416642562811,4.561491012573242,11202894.0
2002-04-29,4.525174765830848,4.554229011704916,4.378451888048638,4.379904270172119,10288804.0
2002-04-30,4.394431796967057,4.56875655452068,4.379904672694948,4.512101173400879,12893906.0
2002-05-01,4.503382659605047,4.74307918548584,4.474328790943146,4.74307918548584,12945940.0
2002-05-02,4.743080825799102,4.7721347045087885,4.634127955212229,4.711121082305908,9275017.0
2002-05-03,4.641394476876035,4.673353875160108,4.5033872672488995,4.5237250328063965,8325312.0
2002-05-06,4.503384678724112,4.587641926131171,4.47868867751828,4.512101173400879,6606098.0
2002-05-07,4.488854160034233,4.510644644755925,4.394428114814351,4.430746078491211,8102748.0
2002-05-08,4.53970001667688,4.648652843490733,4.532436641631551,4.6254096031188965,10773123.0
2002-05-09,4.568753513069323,4.677706322295728,4.523719421119717,4.554226398468018,5864790.0
2002-05-10,4.525173909858424,4.538248281343053,4.382808939087722,4.423484802246094,8463538.0
2002-05-13,4.44527577326647,4.670444876220798,4.443823391262797,4.655918121337891,10552942.0
2002-05-14,4.786660223000844,4.827335712932822,4.727099369724154,4.799734592437744,11380177.0
2002-05-15,4.799736183905254,4.920310678914949,4.775040185319856,4.853486061096191,12112349.0
2002-05-16,4.889803613454091,5.075749974622399,4.885445733497261,5.037979602813721,11605654.0
2002-05-17,5.011830484177574,5.033620982914008,4.968249486704708,5.021999359130859,11261282.0
2002-05-20,5.021998004542755,5.021998004542755,4.917403418706808,4.962437152862549,7209312.0
2002-05-21,4.963888194156863,5.113516829545043,4.963888194156863,5.040881633758545,10029697.0
2002-05-22,5.026357706370574,5.113520069919186,4.981323959165171,5.074296951293945,5854463.0
2002-05-23,5.077202663489176,5.282034024710471,5.048148418793704,5.266054153442383,9635940.0
2002-05-24,5.26605277086955,5.26605277086955,5.087370203415135,5.09463357925415,7111072.0
2002-05-28,5.094635189975502,5.157101562620911,5.048148689454959,5.139668941497803,6770936.0
2002-05-29,5.142572572651298,5.167268562944741,5.0554105992444915,5.091728210449219,7156352.0
2002-05-30,5.026356954038817,5.07284344314523,4.882539240794957,5.020545959472656,7966376.0
2002-05-31,4.953722225746131,5.055411706126543,4.9493639793792825,4.981323719024658,9672614.0
2002-06-03,5.017639675410678,5.036525037933708,4.812808752474458,4.815713882446289,7128019.0
2002-06-04,4.815714085414038,4.917403543816837,4.757605980693442,4.8302412033081055,8381052.0
2002-06-05,4.902877932307625,4.9464592993799865,4.844769809733597,4.8781819343566895,6881622.0
2002-06-06,4.866560607267564,4.895614853758157,4.634128102766064,4.699499607086182,8860605.0
2002-06-07,4.699499623362704,4.8592972459027965,4.677709121847195,4.802641868591309,7898190.0
2002-06-10,4.822977624515016,4.93193045384498,4.738720784507404,4.815713882446289,5908880.0
2002-06-11,4.815714714397361,4.852032330448158,4.639937628802251,4.667539119720459,7804053.0
2002-06-12,4.667539922895932,4.793925043061451,4.655918298434093,4.769229412078857,10188974.0
2002-06-13,4.805545168193977,4.8287884098657665,4.706761207661038,4.74307918548584,8002256.0
2002-06-14,4.467066127442705,4.683518712438099,4.406052149760396,4.682065963745117,15464585.0
2002-06-17,4.757605322976449,4.852031025950459,4.6922334849183365,4.837503910064697,9551998.0
2002-06-18,4.80119118133719,4.820076192932149,4.764873540930295,4.791022300720215,8474792.0
2002-06-19,4.757606502512194,4.782302495584086,4.50338319547742,4.538248062133789,11821731.0
2002-06-20,4.503382397398036,4.578923111860869,4.395882319211227,4.496119022369385,11418441.0
2002-06-21,4.467064444571369,4.554226398468018,4.430746841495901,4.554226398468018,18039103.0
2002-06-24,4.554228150236652,4.554228150236652,4.285478077588846,4.423484802246094,12435538.0
2002-06-25,4.488855300145098,4.496118674611956,4.249159173615727,4.300003528594971,12169811.0
2002-06-26,4.111152032677632,4.339226534885887,4.045780196503973,4.2854766845703125,21144810.0
2002-06-27,4.241897519409808,4.379904270172119,4.096627023751078,4.379904270172119,17691420.0
2002-06-28,4.387164742192297,4.4670636753125414,4.30000243645,4.430746078491211,19310408.0
2002-07-01,4.438011675232712,4.594903757453454,4.350849325808809,4.352302074432373,11420294.0
2002-07-02,4.358113308563246,4.461255540344333,4.250613197160718,4.3493971824646,12054623.0
2002-07-03,4.363924143435834,4.481593125436896,4.3406808967900865,4.459802627563477,10601136.0
2002-07-05,4.517912022655549,4.642844783871695,4.465614886331463,4.605074405670166,5472754.0
2002-07-08,4.617927377779463,4.6796369039555845,4.522424636826908,4.644374370574951,9717101.0
2002-07-09,4.5988252613054454,4.6869817473690425,4.466590717730005,4.493037700653076,9046495.0
2002-07-10,4.529770235447587,4.547401685231593,4.346111371837523,4.409289836883545,10679516.0
2002-07-11,4.363741466059786,4.576785907564024,4.3167247719634005,4.503322601318359,11956117.0
2002-07-12,4.5033237742822845,4.509200677055109,4.277055411208256,4.354927062988281,13152219.0
2002-07-15,4.26089160987541,4.400472726803263,4.187428313277433,4.335824966430664,15778373.0
2002-07-16,4.253546082717496,4.4430821830815175,4.253546082717496,4.344641208648682,10262324.0
2002-07-17,4.407818595813825,4.468059139859232,4.1756738103581,4.244729518890381,12298106.0
2002-07-18,4.246200383899886,4.30790989715252,4.047848350513568,4.0757646560668945,10437886.0
2002-07-19,3.959692257350938,4.090457517750933,3.8568433053761146,3.9200217723846436,13254696.0
2002-07-22,3.673184574801629,3.7686873188325416,3.3499444895400723,3.5203802585601807,29550488.0
2002-07-23,3.5042173597505024,3.50715599641236,3.291172509445512,3.4234070777893066,24017492.0
2002-07-24,3.261785850385043,3.6819977255545155,3.261785850385043,3.632042407989502,22712426.0
2002-07-25,3.6291045981521766,3.895043370109381,3.577680322231083,3.821579694747925,21286610.0
2002-07-26,3.820111621873698,3.8818211441330135,3.7760331796655993,3.8568434715270996,14414256.0
2002-07-29,3.9009199771644765,3.9449980306429904,3.8098252343649137,3.8509650230407715,15220042.0
2002-07-30,3.7980706994538087,3.89063475133806,3.7539922791433393,3.865657091140747,12938393.0
2002-07-31,3.900919276326855,4.143349268983562,3.8950423767375053,4.064008712768555,16872129.0
2002-08-01,4.033154487609863,4.102210203310093,3.905327910564771,4.033154487609863,13874328.0
2002-08-02,4.113965911037665,4.1433515381976544,3.893575191497803,3.8935751914978027,10398696.0
2002-08-05,4.084580896377478,4.091927118081739,3.8054189060149892,3.8348045349121094,9866316.0
2002-08-06,3.856843035811133,3.9993624627911903,3.8215805086523553,3.8333346843719482,9096807.0
2002-08-07,3.893575663463031,3.893575663463031,3.614413284724115,3.7789721488952637,16078788.0
2002-08-08,3.768685713013237,3.9523449006010063,3.7304845574701924,3.9126744270324707,10377115.0
2002-08-09,3.908266927301518,4.003770012781548,3.8480271074928023,3.961160898208618,8724233.0
2002-08-12,3.961161109550167,3.9817311943559397,3.8935746951539705,3.9449989795684814,7963066.0
2002-08-13,3.93030550125855,4.069886632241217,3.8788812255658986,3.9126744270324707,7896204.0
2002-08-14,3.9082665350152364,4.143350373068451,3.8377418659511564,4.13453483581543,9775489.0
2002-08-15,4.131596815269297,4.224161268856546,4.055194491587114,4.122781276702881,8284533.0
2002-08-16,4.091925895038367,4.363741582453096,4.055194055415834,4.2153449058532715,9298055.0
2002-08-19,4.250607728073264,4.406350635199579,4.240322871617746,4.38871955871582,8930380.0
2002-08-20,4.187430637842309,4.366681952811931,4.040503221002925,4.066949844360352,13873137.0
2002-08-21,4.0405029183843135,4.146290517011147,4.02874874075911,4.130128383636475,11310402.0
2002-08-22,4.136004215878131,4.172736054529693,3.952345022620318,4.022870063781738,13934835.0
2002-08-23,3.952345161174219,3.962630016990817,3.820110611600946,3.8641886711120605,11023624.0
2002-08-26,3.8935731972026026,3.9655675387249296,3.740768607901466,3.91561222076416,8994329.0
2002-08-27,3.959691799251644,3.98760810444716,3.8436193657165503,3.902390241622925,7151454.0
2002-08-28,3.8524335863555423,3.889165417610401,3.731953239205981,3.7921934127807617,7934467.0
2002-08-29,3.70257073668636,3.864190616972743,3.6996320989618505,3.790726900100708,8735222.0
2002-08-30,3.526255213055533,3.6658363263622467,3.5247858952161106,3.634981393814087,16077464.0
2002-09-03,3.562988659845808,3.585027695340437,3.3793294123238566,3.394022226333618,11809286.0
2002-09-04,3.482179001158511,3.599720779993885,3.4381005558152054,3.5703351497650146,10681502.0
2002-09-05,3.5115645662523907,3.5923744998613483,3.4087155935719067,3.448385715484619,10315416.0
2002-09-06,3.526256322860718,3.5659268038908944,3.4748316664556715,3.5262563228607178,8497697.0
2002-09-09,3.526258058063262,3.6526157838012576,3.473364057328258,3.6055986881256104,9215834.0
2002-09-10,3.5997187362382657,3.658489592288549,3.583556611684496,3.655550956726074,5627794.0
2002-09-11,3.7466472073608914,3.8480271969428306,3.7319543960962696,3.79807186126709,8856633.0
2002-09-12,3.798071131631952,3.846557139762745,3.599719145264205,3.651143789291382,8131611.0
2002-09-13,3.614412374791032,3.6878764331013847,3.5189100265874926,3.6070661544799805,6524540.0
2002-09-16,3.585026577569558,3.6731830631019013,3.5277250289414943,3.611473560333252,7793329.0
2002-09-17,3.665838262488817,3.698162158908531,3.529195712692661,3.5703351497650146,6663162.0
2002-09-18,3.5703348822082384,3.61882090872435,3.4821787402080546,3.551234483718872,6071732.0
2002-09-19,3.504217703708144,3.5762120827503976,3.416061192479255,3.435161590576172,7887068.0
2002-09-20,3.379330091023776,3.4454472107865324,3.305866377260646,3.4087157249450684,20072767.0
2002-09-23,3.3425966527378295,3.364636053271864,3.1589374552203746,3.3367197513580322,10098280.0
2002-09-24,3.3058644761943574,3.3793281477115604,3.2397473944528072,3.324965238571167,12443879.0
2002-09-25,3.330842872622259,3.4087145151479543,3.2838261718671102,3.3190886974334717,12968183.0
2002-09-26,3.367573845570547,3.3778586998209477,3.1736298195919233,3.217707872390747,12940114.0
2002-09-27,3.0854737355304485,3.0854737355304485,2.887121916138906,2.960585594177246,28533921.0
2002-09-30,2.8871223952343854,3.039926863490046,2.8753682196393338,2.953239679336548,19502652.0
2002-10-01,2.9458925289460747,3.084003955837161,2.9091606954248546,3.0590264797210693,14583728.0
2002-10-02,3.0267022534910253,3.028171571278604,2.935607333459974,2.9649927616119385,12597463.0
2002-10-03,3.085473468557322,3.2324008119209937,2.9973171738510858,3.2030155658721924,19100818.0
2002-10-04,3.2044840850641614,3.225053789274999,3.0707798945743283,3.176567792892456,13834344.0
2002-10-07,3.1765700529835335,3.188324231044081,3.084005576096669,3.0898828506469727,9775489.0
2002-10-08,3.206091072192907,3.256910271148464,3.0192558929316657,3.0611069202423096,17836531.0
2002-10-09,3.0611056455363355,3.13583949739203,2.9848770675742355,3.0431694984436035,15966646.0
2002-10-10,3.0640954516510406,3.203100654856774,2.9893612137074816,3.176196336746216,15231164.0
2002-10-11,3.285307910155974,3.4228189512638063,3.2135633145436384,3.355558156967163,13949664.0
2002-10-14,3.348085641860962,3.358548351693789,3.270362492764425,3.348085641860962,9697638.0
2002-10-15,3.490079432013233,3.5528560486875977,3.3690103775184337,3.551361322402954,12830619.0
2002-10-16,3.551360995711675,3.6470204494800442,3.4751322269439697,3.4751322269439697,11818156.0
2002-10-17,3.647021818412589,3.7068089994593136,3.632074928786848,3.66196870803833,13853144.0
2002-10-18,3.594708244261119,3.8084473677367905,3.57228772126058,3.7740697860717773,13348171.0
2002-10-21,3.7367012674392,3.893642601395523,3.714281130796309,3.848802328109741,10853755.0
2002-10-22,3.766595632712213,4.058058210264398,3.739691313486072,4.043111324310303,14100600.0
2002-10-23,3.7740685732748744,3.8876643686457353,3.751648434935283,3.8637495040893555,18328264.0
2002-10-24,3.968376339183949,3.968376339183949,3.7890148822642056,3.833855152130127,14913404.0
2002-10-25,3.79648986349368,3.8114367527404274,3.6171283249013992,3.7322185039520264,11795384.0
2002-10-28,3.7441758771875415,3.960904424692193,3.7381969712091694,3.8592660427093506,10454304.0
2002-10-29,3.8592665656138694,3.9384848158237244,3.699335715953277,3.7740697860717773,9648120.0
2002-10-30,3.7725741875073733,3.8936432474317226,3.7367018874355717,3.8801910877227783,8763159.0
2002-10-31,3.8816859995872357,4.020691404918879,3.7845318017342464,3.83535099029541,9247610.0
2002-11-01,3.8368460524221843,4.110372707748264,3.775564150993558,4.073005676269531,14050553.0
2002-11-04,4.0745012741450175,4.26133647149291,4.0745012741450175,4.165676593780518,13504006.0
2002-11-05,4.165675854815101,4.3196281660038265,4.0954259689584545,4.143255710601807,9499038.0
2002-11-06,4.144750171050326,4.215000052395796,4.035638532751132,4.155212879180908,8386746.0
2002-11-07,4.155214056025678,4.215001246173568,3.9235385526564985,4.0012617111206055,8298038.0
2002-11-08,4.038628987135519,4.155214297799723,3.9683790818062477,4.067028045654297,10620334.0
2002-11-11,4.067026240925063,4.067026240925063,3.8906541923550346,3.9160637855529785,6721154.0
2002-11-12,3.9310135306580984,3.950444611872195,3.699337925874216,3.7381997108459473,16792557.0
2002-11-13,3.7396922128646404,3.7396922128646404,3.5797613628423406,3.6350643634796143,17035643.0
2002-11-14,3.63655692150231,3.7441741601102887,3.6216100408672007,3.647019624710083,10058163.0
2002-11-15,3.6485173141850913,3.7710811555299446,3.602182286289034,3.7651026248931885,10215190.0
2002-11-18,3.8024687739210767,3.8921493545774553,3.7367026876443323,3.832362174987793,10821052.0
2002-11-19,3.8263806914580343,3.8413275706536623,3.747162873396366,3.8084447383880615,8903238.0
2002-11-20,3.784531640484981,4.013217601810323,3.7680900279874434,3.9160637855529785,12969639.0
2002-11-21,3.916063382498899,4.17464271203048,3.9041059503103384,4.107382297515869,14758231.0
2002-11-22,4.108875651148055,4.212008705232777,4.05207758413375,4.1178436279296875,10615435.0
2002-11-25,4.0879517250300275,4.252366327814531,4.078983367548015,4.2448930740356445,10779478.0
2002-11-26,4.244892465122201,4.24788191718738,4.090940213238323,4.102897644042969,10483962.0
2002-11-27,4.14026485079434,4.297206561881318,4.117844714197939,4.294217109680176,6750944.0
2002-11-29,4.185107927963059,4.295714713861985,4.165677230549449,4.259842395782471,4411965.0
2002-12-02,4.297207248386077,4.349520782983054,4.170159284101678,4.237420082092285,9919805.0
2002-12-03,4.140266119343849,4.1776331509388855,3.9833247376271794,4.02517557144165,10625232.0
2002-12-04,4.025174528852575,4.0341428858808905,3.923536546303263,3.953429937362671,11760298.0
2002-12-05,3.9683782611724707,3.9907984069640894,3.856277154758136,3.9235379695892334,8159415.0
2002-12-06,3.8488041490778575,4.026670977726766,3.8278783511820182,3.9504425525665283,8151338.0
2002-12-09,3.9130739096677014,3.9130739096677014,3.812930274065055,3.839834213256836,7719979.0
2002-12-10,3.8114366511813897,3.8488036845744666,3.7755643444187825,3.841330051422119,7055464.0
2002-12-11,3.7441737793997083,3.8637480574101515,3.7142800211691105,3.81591796875,7974452.0
2002-12-12,3.8532864202958548,3.8532864202958548,3.7441751810392887,3.820403575897217,6759682.0
2002-12-13,3.7890151712433364,3.9609033887802823,3.781541540724982,3.848802328109741,8073487.0
2002-12-16,3.8831798026528666,4.073004351408461,3.8831798026528666,4.055068016052246,12563966.0
2002-12-17,4.05506703554629,4.183609671725624,4.043109607352118,4.1178436279296875,11055003.0
2002-12-18,4.1477397392269975,4.183612044151838,4.065532043500064,4.073005676269531,13827856.0
2002-12-19,4.074499146196353,4.1731476712230595,4.074499146196353,4.13877010345459,9764368.0
2002-12-20,4.286745407507253,4.289734861053158,4.162686859914746,4.216495513916016,16892916.0
2002-12-23,4.197063133166964,4.237419607440827,4.14773867931761,4.185105323791504,8419316.0
2002-12-24,4.186601003572653,4.1925799096222365,4.138771265000742,4.155212879180908,2964966.0
2002-12-26,4.147737575497303,4.297205623439981,4.147737575497303,4.192577838897705,5639048.0
2002-12-27,4.155212991456647,4.200053278215371,4.0401224439980705,4.077489852905273,6339974.0
2002-12-30,4.073005991912006,4.155213316553494,3.998271545706704,4.075995445251465,6616293.0
2002-12-31,4.0700169757632985,4.110373467812283,4.020692500188851,4.0520806312561035,7564012.0
2003-01-02,4.170159701054885,4.331585254916321,4.1432553791686155,4.321122169494629,9669040.0
2003-01-03,4.3226155658439485,4.334572996618774,4.261334063397031,4.31663703918457,8031252.0
2003-01-06,4.479559070086656,4.7306655947533915,4.418277165549681,4.661910057067871,22977358.0
2003-01-07,4.611088998977757,4.612583725003718,4.455642399206648,4.52589225769043,16705835.0
2003-01-08,4.431733741001561,4.486185210560843,4.327368551668093,4.353081703186035,15317091.0
2003-01-09,4.353083124033447,4.449885810620311,4.330395131633537,4.396946907043457,10188312.0
2003-01-10,4.3984590049176004,4.3984590049176004,4.318294741534128,4.35610818862915,8191985.0
2003-01-13,4.424173259996893,4.455936377337995,4.327370560078577,4.350058555603027,9479178.0
2003-01-14,4.416610311589356,4.47862434387207,4.381822026546008,4.47862434387207,11830602.0
2003-01-15,4.495260032806159,4.536098250326891,4.310730616485373,4.3167805671691895,10840382.0
2003-01-16,4.354594321308164,4.371232355354577,4.197290626383297,4.21241569519043,9991566.0
2003-01-17,4.212416796741348,4.2441802898665495,4.092926506518436,4.126202583312988,7796506.0
2003-01-21,4.1670398452817645,4.182165296491554,4.0309115483246245,4.038474082946777,7655103.0
2003-01-22,4.049064016355765,4.156454435378097,4.029401186319231,4.0732645988464355,7690851.0
2003-01-23,4.0747734219197,4.0747734219197,3.7889044483472225,3.8615057468414307,14520440.0
2003-01-24,3.864535066059592,3.900835945306542,3.6679052079805072,3.711768627166748,17252647.0
2003-01-27,3.705715946300705,3.838819072317687,3.705715946300705,3.758654832839966,11027596.0
2003-01-28,3.5922767546570253,3.7510930816399517,3.539337851674186,3.6784913539886475,17394580.0
2003-01-29,3.614964746802359,3.7087418828605623,3.608914793814212,3.6784913539886475,15716939.0
2003-01-30,3.705717215073309,3.7102545844671653,3.5922768687772524,3.6074023246765137,11575732.0
2003-01-31,3.601353447558944,3.7253815486082833,3.5635399834845964,3.696643590927124,13111042.0
2003-02-03,3.78890737528887,3.875121603215646,3.7662189983987506,3.823695659637451,14920156.0
2003-02-04,3.8796603000261527,3.932599222388997,3.8191588381682147,3.875122547149658,15370448.0
2003-02-05,3.962849904552531,3.977974982627666,3.8131082703104684,3.8342840671539307,11465575.0
2003-02-06,3.835794821197724,3.872095296830719,3.7284044499156015,3.767730474472046,9087274.0
2003-02-07,3.856972510790457,3.8872230523931393,3.7586575821416752,3.8085713386535645,8242562.0
2003-02-10,3.713279862402166,3.7813442249889753,3.5544635256537633,3.7057173252105713,16610772.0
2003-02-11,3.630088798360834,3.683027680870677,3.5529493493262816,3.5862250328063965,12441363.0
2003-02-12,3.58622776048771,3.58622776048771,3.4743003416531266,3.4894254207611084,12836974.0
2003-02-13,3.4909365255694915,3.513624516581788,3.350270446541451,3.395646810531616,18977554.0
2003-02-14,3.3971591060692097,3.5317752361297607,3.380521449248912,3.5317752361297607,12266198.0
2003-02-18,3.5544640291237566,3.607402942860264,3.536313402541135,3.583202362060547,11024286.0
2003-02-19,3.545387759497196,3.5469003432163615,3.439510336845894,3.4833741188049316,12729333.0
2003-02-20,3.4107722061479557,3.4727866143356856,3.130952987228157,3.2217049598693848,34533892.0
2003-02-21,3.1249031884699674,3.2020424883330687,3.0553264265078655,3.135490894317627,38377729.0
2003-02-24,3.1233906820886976,3.171792033557879,3.04322621228747,3.1385159492492676,17730876.0
2003-02-25,3.1400266750326846,3.2413666880663863,3.0901131510564395,3.229266405105591,15889589.0
2003-02-26,3.183892015508582,3.2443934602605493,3.112802674687912,3.1249029636383057,12550328.0
2003-02-27,3.1763293606068075,3.2141428144703568,3.146078826695361,3.1869170665740967,12383637.0
2003-02-28,3.1959913577853554,3.2277544636345894,3.1097765858226696,3.1460776329040527,12436597.0
2003-03-03,3.206580319911737,3.227755732133101,3.1158279530169977,3.1385159492492676,9754702.0
2003-03-04,3.1612030371945035,3.173303323839398,3.059863184289205,3.094651460647583,8912506.0
2003-03-05,3.0780152086424364,3.153641939163208,3.0780152086424364,3.153641939163208,9975810.0
2003-03-06,3.1082648921515763,3.1581788223035696,3.061376320681281,3.088602066040039,9739079.0
2003-03-07,3.052301700474493,3.10977818093707,3.043226577286264,3.0991904735565186,13428405.0
2003-03-10,3.0477630699767113,3.0628885246294693,2.9040720147066543,2.926760196685791,14251801.0
2003-03-11,2.9343220719250303,3.00238622056198,2.8904584924938637,2.9252469539642334,13540680.0
2003-03-12,2.907097237505052,2.949448437730104,2.851133356117806,2.9418857097625732,17031936.0
2003-03-13,2.9948244350954356,3.1067520001801574,2.957010797523665,3.1007020473480225,14331373.0
2003-03-14,3.146079399799134,3.2111182314410507,3.009950826502877,3.153641939163208,11678342.0
2003-03-17,3.153640982847858,3.2973322429178737,3.1128025569308964,3.288257122039795,14544272.0
2003-03-18,3.286745545997383,3.3260712091820905,3.1823802870199174,3.2474191188812256,11461074.0
2003-03-19,3.2519553369945964,3.306406817192559,3.215654477517803,3.300356864929199,9703596.0
2003-03-20,3.3003597746583755,3.3048971473648385,3.22624502483949,3.2927968502044678,9929735.0
2003-03-21,3.3427084145799135,3.4909370523233516,3.2186803551633374,3.273131847381592,19516687.0
2003-03-24,3.2670802782588213,3.2670802782588213,3.137002123374407,3.1657402515411377,10509382.0
2003-03-25,3.191453606529159,3.232292212864299,3.1536401670259946,3.1990163326263428,9967204.0
2003-03-26,3.1990175177232043,3.251956238049475,3.1400284614915965,3.241368532180786,11715811.0
2003-03-27,3.1884302313831054,3.2186811527708485,3.1385164784693367,3.153641939163208,15963071.0
2003-03-28,3.078013894254514,3.140027721865938,3.0553257129021203,3.061375856399536,15844705.0
2003-03-31,3.002388002014205,3.0901154039119056,2.9721372725578545,3.034151315689087,12814334.0
2003-04-01,3.1007019714882156,3.2822064724781894,3.085576516829557,3.233804941177368,24207619.0
2003-04-02,3.236830170553569,3.4032094110572277,3.236830170553569,3.3502705097198486,15842587.0
2003-04-03,3.3502706245474942,3.39715919272626,3.279181480407715,3.279181480407715,10719236.0
2003-04-04,3.368421153736262,3.368421153736262,3.2610311486443146,3.3124570846557617,9802631.0
2003-04-07,3.4334605318102867,3.4485859876877916,3.304894729799899,3.313969850540161,10510839.0
2003-04-08,3.326458138534434,3.3882020732734945,3.303303821923648,3.31565260887146,11304312.0
2003-04-09,3.334175451188404,3.3882015316270384,3.240015722132779,3.246190309524536,9836790.0
2003-04-10,3.2878655147769273,3.2878655147769273,3.20605500281519,3.2492759227752686,10540761.0
2003-04-11,3.2755177542173306,3.2894101831719085,3.1751840431911447,3.1967945098876953,9827258.0
2003-04-14,3.1720950656825506,3.270885467529297,3.1720950656825506,3.270885467529297,9778534.0
2003-04-15,3.280149221420288,3.280149221420288,3.2369286708848533,3.280149221420288,8502993.0
2003-04-16,3.2847780332435232,3.287864934988772,3.125787390791149,3.1319615840911865,12478303.0
2003-04-17,3.1026350598719215,3.1967947773738805,3.0871989830963895,3.1798150539398193,16673926.0
2003-04-21,3.195251718694234,3.1998824646170747,3.0825690001739723,3.0918304920196533,11616776.0
2003-04-22,3.056328444565367,3.0902875152371214,3.0331743201201244,3.084113121032715,18874414.0
2003-04-23,3.1628339763090545,3.392830004301246,3.148941552996322,3.3650455474853516,27157094.0
2003-04-24,3.4113529585885045,3.5348411077772295,3.3959168912137234,3.476184129714966,25132565.0
2003-04-25,3.465379629008565,3.4839026013755245,3.3897433139226916,3.414440870285034,12341798.0
2003-04-28,3.4499439218111805,3.5718880704542473,3.426790009011574,3.5579960346221924,12732114.0
2003-04-29,3.5703448141026253,3.591955080740973,3.488533906413737,3.5579960346221924,14254184.0
2003-04-30,3.588867404138936,3.6583295249097056,3.5302108053399714,3.605847120285034,23080100.0
2003-05-01,3.6058467960245184,3.6274570584056063,3.4869895733094136,3.595041275024414,10317535.0
2003-05-02,3.627459541370781,3.7416859047013857,3.5857822441284473,3.7061831951141357,13479114.0
2003-05-05,3.7061817348117096,3.7339665886921987,3.6027605508174854,3.6320886611938477,9142220.0
2003-05-06,3.642894609106597,3.693833383876587,3.627458534065144,3.666048526763916,13203458.0
2003-05-07,3.61973920109923,3.61973920109923,3.551821115262106,3.561082601547241,10744128.0
2003-05-08,3.559541222794509,3.60430581633657,3.524038511246573,3.551823377609253,12445865.0
2003-05-09,3.581150592666274,3.6536996364593506,3.5749760069087153,3.6536996364593506,10979402.0
2003-05-12,3.727792079820882,3.858998120382895,3.715443298933262,3.8034284114837646,19015950.0
2003-05-13,3.8034287909375153,3.8404751372963495,3.764838798087515,3.7879927158355713,9241785.0
2003-05-14,3.8281271615665116,3.840475946287378,3.7663832379621813,3.8065168857574463,12250178.0
2003-05-15,3.797253913993536,3.8543672705512813,3.7586643139103333,3.8219518661499023,8979236.0
2003-05-16,3.821949819295341,3.871344917535028,3.787990396898445,3.851278305053711,9336583.0
2003-05-19,3.7895356473152417,3.812689560694606,3.7154429685774173,3.7586638927459717,8227601.0
2003-05-20,3.755577931422779,3.801885774594238,3.7046391480102603,3.761752128601074,10453112.0
2003-05-21,3.7046395512577908,3.738598613959296,3.6444392706201767,3.7139010429382324,12549402.0
2003-05-22,3.6892025990455806,3.750946511989525,3.6892025990455806,3.73551082611084,11950027.0
2003-05-23,3.727792351696582,3.8898705512031877,3.710813020368817,3.8821523189544678,13041003.0
2003-05-27,3.897588361840923,3.939265256405122,3.8435622957795315,3.928460121154785,12867824.0
2003-05-28,3.928458089362595,3.9516119943252557,3.900673637293105,3.9083914756774902,12289500.0
2003-05-29,3.8589992030859,4.00255406481211,3.8589992030859,3.88987135887146,12644332.0
2003-05-30,3.88986968822927,3.9917468230233806,3.88986968822927,3.9300029277801514,10273975.0
2003-06-02,3.982485771179199,4.09825573358392,3.9423521374350696,3.982485771179199,13293357.0
2003-06-03,3.982484207719977,4.042684829607209,3.9685917865005784,3.9871151447296143,9712334.0
2003-06-04,3.9593315561297358,4.050403950826766,3.9361776433682074,4.041142463684082,11914411.0
2003-06-05,4.028795544442845,4.112149746833476,4.013359465537968,4.095170021057129,10631720.0
2003-06-06,4.160001361422903,4.192417167045535,4.039600800049832,4.078190803527832,10650918.0
2003-06-09,4.13684572105216,4.221743927368088,3.9454394299868487,3.982485771179199,14390291.0
2003-06-10,3.9469827199350673,4.011813908621235,3.920741515233294,3.973223924636841,13897763.0
2003-06-11,3.9546993652811797,3.996376628939376,3.9315454598520194,3.9871151447296143,10134823.0
2003-06-12,4.013358343869178,4.028794418459921,3.936178360725166,4.016445636749268,8746079.0
2003-06-13,3.959330222519146,3.9747662890974214,3.8883248619923854,3.9083914756774902,10904861.0
2003-06-16,3.939264466224428,4.008726592914131,3.91456729761319,3.990203619003296,10175470.0
2003-06-17,3.93154870000636,3.982487489855113,3.9053074816109516,3.9438974857330322,11656761.0
2003-06-18,3.954700688006131,4.024162817336056,3.922285287525261,3.9608752727508545,10073786.0
2003-06-19,3.970135229269503,3.9855712953698927,3.909935000268425,3.953155517578125,8432159.0
2003-06-20,3.990205242846283,4.041144026545431,3.974769165099011,4.02879524230957,20304070.0
2003-06-23,4.025706523028556,4.059665570197575,3.997921670885882,4.017988681793213,12027084.0
2003-06-24,4.021076262072797,4.121410164089759,4.017989358944214,4.07510232925415,14449739.0
2003-06-25,4.075101819064909,4.107517221429592,3.96704969822997,3.982485771179199,11507414.0
2003-06-26,3.990203829650538,4.025706523028556,3.9438956128095315,4.017988681793213,8253022.0
2003-06-27,3.9824871271710007,3.996379558574556,3.9145690067645056,3.926917791366577,8651016.0
2003-06-30,3.942353838790969,3.9855747837392395,3.9300050530642965,3.9438974857330322,11302061.0
2003-07-01,3.9438956128095315,4.027250169237554,3.9330904791561916,4.017988681793213,13712536.0
2003-07-02,4.051949459718686,4.110606091667075,4.016446751175982,4.105975151062012,10669984.0
2003-07-03,4.098255670759352,4.13838930388825,4.034968123466383,4.048860549926758,6476478.0
2003-07-07,4.050403572984827,4.149193799450174,4.0287933083979315,4.067383289337158,11814714.0
2003-07-08,4.0527630342018,4.136179287167843,4.0527630342018,4.1094231605529785,9222587.0
2003-07-09,4.112569723544226,4.1393258442213074,4.024432077914457,4.054336071014404,10249878.0
2003-07-10,4.021282064004101,4.026003870123856,3.9063883588825714,3.931570529937744,10697788.0
2003-07-11,3.9189813386486065,4.011840788345054,3.9189813386486065,3.9992496967315674,8098378.0
2003-07-14,4.02128391034031,4.051187901245386,3.945737362488276,3.9614763259887695,8102218.0
2003-07-15,3.9740672451611854,4.055909136393279,3.8591730948052407,3.9032421112060547,11721372.0
2003-07-16,3.8796322810732082,3.8796322810732082,3.755295360253394,3.7962164878845215,13370811.0
2003-07-17,3.7694624550810465,3.772610327582617,3.6278125645555153,3.6923415660858154,16286789.0
2003-07-18,3.745854396491012,3.8056623935699463,3.708081112921601,3.8056623935699463,11938640.0
2003-07-21,3.7977903685069685,3.815102862573954,3.6230887102659715,3.640401601791382,15411492.0
2003-07-22,3.6907660823257844,3.769460874575692,3.6766014569251317,3.741130828857422,14816487.0
2003-07-23,3.7852005619678217,3.833990984846038,3.7143754340328634,3.7726094722747803,15490800.0
2003-07-24,3.816678143754228,3.8198260155885486,3.612072833860427,3.667158603668213,18774452.0
2003-07-25,3.675030275498462,3.7285425358568025,3.5365278142914223,3.7049338817596436,13990178.0
2003-07-28,3.7694621086120605,3.7867746108621265,3.7017848433420766,3.7694621086120605,9832289.0
2003-07-29,3.808808549991253,3.808808549991253,3.6828972640475417,3.709653377532959,11408908.0
2003-07-30,3.7584447429847745,3.7773311802839693,3.719097137451172,3.719097137451172,11018725.0
2003-07-31,3.7726091868055414,3.7773305966715687,3.66401079800898,3.6766018867492676,12689216.0
2003-08-01,3.7143730866317823,3.7206684287705074,3.6278094493807322,3.6828951835632324,10409023.0
2003-08-04,3.714375462420302,3.777330911366653,3.6781757314999086,3.753722667694092,10913335.0
2003-08-05,3.755295967358127,3.7568699029974417,3.651419394831322,3.6561408042907715,11761489.0
2003-08-06,3.656142358635347,3.7285414415305405,3.6372559178513235,3.690767765045166,10897182.0
2003-08-07,3.667159112460661,3.7033584512020563,3.6545680208350184,3.6797502040863037,8050450.0
2003-08-08,3.679747313764716,3.701782004896024,3.659286954990974,3.6828951835632324,8328622.0
2003-08-11,3.6970620883832304,3.7143749836589057,3.6624366952903906,3.7017838954925537,5075157.0
2003-08-12,3.7112297680190136,3.7206729915367465,3.632535311300715,3.7143776416778564,11687875.0
2003-08-13,3.730115994769852,3.7316895338798846,3.6199436146263317,3.6356825828552246,11540911.0
2003-08-14,3.6514201459422457,3.6545676204098276,3.613646875204075,3.632533311843872,10068490.0
2003-08-15,3.651419394831322,3.656140804290771,3.6057764536666834,3.6561408042907715,5765358.0
2003-08-18,3.660863490733472,3.71122785345763,3.65142027208734,3.7033581733703613,8614341.0
2003-08-19,3.706507542196916,3.7348376070343767,3.6766039381651527,3.723820447921753,8918464.0
2003-08-20,3.723818099491801,3.775756386452625,3.715948818648055,3.7364091873168945,9124478.0
2003-08-21,3.7773301550714415,3.8261205685537503,3.7253918704074405,3.741130828857422,14159386.0
2003-08-22,3.741131641587396,3.747426987859911,3.630959305961977,3.643550395965576,13489574.0
2003-08-25,3.6309596924680894,3.646698656012602,3.579021390992226,3.6010560989379883,9936488.0
2003-08-26,3.5916135513060703,3.6419779316715437,3.541249170940597,3.6356825828552246,9555838.0
2003-08-27,3.612073944180285,3.761593132768623,3.5648570445271095,3.5727267265319824,8829226.0
2003-08-28,3.572726249326813,3.5963344972707287,3.5349525756661864,3.5884652137756348,11110478.0
2003-08-29,3.5695774794321644,3.5868903757186814,3.50819557326112,3.534951686859131,14034135.0
2003-09-02,3.531805950360149,3.560136013691427,3.5160669821251362,3.539675235748291,15030313.0
2003-09-03,3.538099941558684,3.651420151401188,3.5365260055932515,3.6120729446411133,16038142.0
2003-09-04,3.6278132649313126,3.6734558351811186,3.605778550625006,3.6388304233551025,11073406.0
2003-09-05,3.638828782524876,3.654567346057002,3.6120726680782975,3.6199419498443604,9692739.0
2003-09-08,3.627810516352472,3.664009837307035,3.6199408395416377,3.640401601791382,6796224.0
2003-09-09,3.632533484791643,3.6624374745967465,3.597908084331088,3.607351303100586,8650354.0
2003-09-10,3.6199421159876635,3.6954886552599686,3.6073510261089456,3.667158603668213,13402190.0
2003-09-11,3.6939143747392644,3.717522616377137,3.654567172856633,3.6655843257904053,13580665.0
2003-09-12,3.6734553716368157,3.7017854311280765,3.632534218755959,3.6876204013824463,8784343.0
2003-09-15,3.682896978916153,3.6970620024563905,3.621515475214126,3.629384756088257,11864629.0
2003-09-16,3.6246659043177307,3.6876213881112565,3.616796220431801,3.6844735145568848,10761869.0
2003-09-17,3.682897704458393,3.7017845387189747,3.659289459726601,3.6970627307891846,8951696.0
2003-09-18,3.737984079773085,3.7867745079016863,3.720671180535135,3.7836270332336426,17239672.0
2003-09-19,3.7836265191078122,3.7836265191078122,3.7112274573256814,3.755296468734741,13847584.0
2003-09-22,3.7489984620405408,3.7489984620405408,3.648269808154474,3.6828951835632324,9251847.0
2003-09-23,3.651418923081295,3.7663126327809584,3.494030148985829,3.5443944931030273,26122123.0
2003-09-24,3.54439491360845,3.5774463693096545,3.4310751259005454,3.448387622833252,21033594.0
2003-09-25,3.448386989737267,3.508194545127188,3.4153355401040413,3.4688477516174316,14154090.0
2003-09-26,3.465701177965731,3.495604768122704,3.431075780040442,3.4342236518859863,16633544.0
2003-09-29,3.449961728630033,3.475143904918379,3.4074670545550174,3.459404945373535,13647924.0
2003-09-30,3.4357973484080295,3.5019006729125977,3.4232062579051874,3.5019006729125977,15006348.0
2003-10-01,3.5207880201209916,3.556987762451172,3.4704240425482644,3.556987762451172,16651286.0
2003-10-02,3.525509119720539,3.5538391743381705,3.4861619099646295,3.541248083114624,12805993.0
2003-10-03,3.601055687292387,3.615220713117348,3.5459695199129357,3.558560609817505,16527757.0
2003-10-06,3.549118477687129,3.5868921606473156,3.536527382519977,3.5837442874908447,10807944.0
2003-10-07,3.5491169230601702,3.6120727687779826,3.5491169230601702,3.6057770252227783,11092604.0
2003-10-08,3.6133572342153837,3.623014201613855,3.553805054605366,3.566681146621704,11498410.0
2003-10-09,3.5940408431159034,3.5956504045068294,3.5232225806445348,3.547365188598633,15894223.0
2003-10-10,3.5409291422532285,3.56507176520195,3.489424771574583,3.532881736755371,13636935.0
2003-10-13,3.539318791008286,3.563461408576026,3.4620622522094946,3.492643117904663,11382163.0
2003-10-14,3.4910327486827097,3.492642310342407,3.4202140679308517,3.444356679916382,15960290.0
2003-10-15,3.4524053438048035,3.491033613845669,3.405729263471009,3.4813766479492188,14604382.0
2003-10-16,3.500690360574213,3.5650708066116517,3.4507955657020775,3.536099910736084,15340526.0
2003-10-17,3.5570245357216934,3.573119753969021,3.518396255801208,3.5409293174743652,16366891.0
2003-10-20,3.548977071549852,3.6053097248077393,3.51034879226366,3.6053097248077393,12300622.0
2003-10-21,3.4845966632914713,3.5602436606621928,3.4524062267968154,3.5409293174743652,29439934.0
2003-10-22,3.4797667541039368,3.5908228674618634,3.4797667541039368,3.557023286819458,18295562.0
2003-10-23,3.5409286160957554,3.618185160633936,3.529662087490823,3.5956521034240723,18083192.0
2003-10-24,3.5811646827170125,3.6970498487740415,3.557022075273428,3.692221164703369,20849822.0
2003-10-27,3.6922240747987494,3.8338611148352446,3.6922240747987494,3.77913761138916,29437684.0
2003-10-28,3.745336312944024,3.804888070738442,3.745336312944024,3.7968406677246094,24870016.0
2003-10-29,3.796840854307543,3.824202594936207,3.7662599897331432,3.8129360675811768,18451529.0
2003-10-30,3.8386898027117375,3.840299365337235,3.763042391589393,3.77913761138916,18158395.0
2003-10-31,3.840298530507821,3.8628315894559857,3.7920128816051712,3.859612464904785,19448104.0
2003-11-03,3.859612883755131,3.9030698505469883,3.8499559155086622,3.874098539352417,17407422.0
2003-11-04,3.886972890655273,3.891801575842242,3.837078102876522,3.8435163497924805,14477410.0
2003-11-05,3.8113282340680397,3.8306421735913503,3.7630425723493075,3.798452138900757,14931013.0
2003-11-06,3.766261036911317,3.7678705993317103,3.685785761077742,3.7244136333465576,17157848.0
2003-11-07,3.716365215727172,3.7356791466023633,3.695441722869873,3.695441722869873,15908257.0
2003-11-10,3.6954413388782434,3.806497446008421,3.6793461271846657,3.7823548316955566,13625946.0
2003-11-11,3.7839657599468097,3.8000609774525675,3.751775324935294,3.7887940406799316,13318381.0
2003-11-12,3.769480343363144,3.804889498952319,3.7517755623409683,3.7904038429260254,9748082.0
2003-11-13,3.790402817857907,3.790402817857907,3.716365401706189,3.7501649856567383,11463722.0
2003-11-14,3.7356782422455304,3.8242016911008165,3.7356782422455304,3.8000590801239014,14408562.0
2003-11-17,3.8000582099341087,3.840296021166407,3.7308491095817784,3.764648675918579,11470606.0
2003-11-18,3.7984498356560437,3.800059397382877,3.716364626317452,3.719583749771118,9086877.0
2003-11-19,3.746946502720386,3.746946502720386,3.6825660484563056,3.705099105834961,10917969.0
2003-11-20,3.6777364668313015,3.716364729987909,3.674517343287836,3.690612554550171,11268961.0
2003-11-21,3.7179740026406027,3.7388974911360795,3.685783989074103,3.70670747756958,12048135.0
2003-11-24,3.713146207921741,3.7791362189772704,3.700270118117127,3.7115366458892822,12070908.0
2003-11-25,3.7050987633067094,3.779136177252032,3.6938322356589475,3.7759170532226562,13886112.0
2003-11-26,3.77752475925472,3.7823534429263437,3.7356773867985473,3.764648675918579,7815175.0
2003-11-28,3.7646502258435945,3.7646502258435945,3.709927153976377,3.746945858001709,4638104.0
2003-12-01,3.7501651093029826,3.751774671418706,3.7179750863537544,3.734070301055908,11783997.0
2003-12-02,3.7018798682546032,3.7437272638597707,3.6938324641384503,3.730851173400879,15171716.0
2003-12-03,3.7308516457095218,3.748556018297365,3.7018803368956115,3.726022958755493,10824892.0
2003-12-04,3.7099271415302666,3.874097169491203,3.7034888940057096,3.8660497665405273,18863558.0
2003-12-05,3.8708788814759316,3.951354139272696,3.8515645432152636,3.9256019592285156,15160594.0
2003-12-08,3.9127272414551184,3.9191654919516816,3.8274232675621125,3.8901941776275635,10479063.0
2003-12-09,3.882146239479474,3.893412769850815,3.8531749291216535,3.858003616333008,10120921.0
2003-12-10,3.856392133204643,3.9706673488607813,3.83385867722988,3.961009979248047,16279110.0
2003-12-11,3.961011301072453,4.025392160822008,3.928821277652761,3.9915921688079834,15499671.0
2003-12-12,3.991592581851559,3.999640393380571,3.9191647168212187,3.9529643058776855,14538182.0
2003-12-15,3.975497439185348,4.020563965220583,3.9449169741717474,4.002859592437744,15235930.0
2003-12-16,4.015733990770686,4.078504863111048,3.9610101138043943,3.9883718490600586,15951022.0
2003-12-17,4.004468568381945,4.039878125266802,3.9932020389931693,4.0350494384765625,11758841.0
2003-12-18,4.043095657716337,4.078504794202781,4.033438287938705,4.073676109313965,11449952.0
2003-12-19,4.088162532660764,4.118743396511628,4.030220335283642,4.062410354614258,18629739.0
2003-12-22,4.055973051844466,4.096210479736328,4.028611308230336,4.096210479736328,10245377.0
2003-12-23,4.055972458351653,4.125181181879123,4.054362896438685,4.075286388397217,9203786.0
2003-12-24,4.072068879427179,4.083335410830886,4.041488410318602,4.043097972869873,3258099.0
2003-12-26,4.039877532162204,4.0624105876316206,4.039877532162204,4.057581901550293,2315676.0
2003-12-29,4.059191498848296,4.176685869752691,4.055972781221167,4.167028903961182,11084925.0
2003-12-30,4.176687421709013,4.2008304548413475,4.168640014968376,4.194392204284668,9032460.0
2003-12-31,4.189562257639445,4.208876188722546,4.168638358101861,4.196000099182129,8849748.0
2004-01-02,4.195999803970672,4.255551967939689,4.17507631236022,4.207266330718994,10977019.0
2004-01-05,4.257162170993158,4.356952187308702,4.250724328319158,4.353733062744141,18266434.0
2004-01-06,4.345684886395097,4.377874906961365,4.323151424898155,4.364998817443848,14337596.0
2004-01-07,4.432735867566025,4.432735867566025,4.373894094894791,4.42946720123291,19131006.0
2004-01-08,4.4458109144569145,4.532439017222302,4.4245627299549914,4.509556293487549,15265455.0
2004-01-09,4.351010633961585,4.493211423047049,4.266017481127256,4.282362461090088,24286397.0
2004-01-12,4.233326902005256,4.395141313168043,4.231692362971808,4.385334491729736,17379354.0
2004-01-13,4.383698916063474,4.414754324830414,4.269284925639524,4.323222637176514,12392508.0
2004-01-14,4.32322426763337,4.364086510930305,4.300341543471068,4.3608174324035645,12532057.0
2004-01-15,4.360816831171087,4.411486303062366,4.306879106728547,4.37062406539917,10530302.0
2004-01-16,4.378794454611779,4.39350488683132,4.303608167944978,4.326490879058838,9796938.0
2004-01-20,4.310148610204277,4.427832141727235,4.306879944255,4.413121700286865,12380856.0
2004-01-21,4.37225979196854,4.4065842988052,4.3134184288753925,4.329763412475586,16168556.0
2004-01-22,4.298707601774438,4.364087117585504,4.241500370653818,4.301976680755615,14734531.0
2004-01-23,4.331397129872763,4.347741697607695,4.30361078685594,4.318321228027344,8805659.0
2004-01-26,4.3183206485152725,4.386968814419402,4.283996565563207,4.362451553344727,9601516.0
2004-01-27,4.2954370110418845,4.368988778589498,4.216981214457192,4.2414984703063965,24828972.0
2004-01-28,4.241499363342364,4.241499363342364,4.169582119411029,4.1777544021606445,17599270.0
2004-01-29,4.182658709813735,4.2006378173828125,4.123816943465019,4.2006378173828125,17003470.0
2004-01-30,4.2055409319365165,4.207175471112983,4.100933726741999,4.167947769165039,19006682.0
2004-02-02,4.184290575681508,4.373891261740306,4.159773323870192,4.324856758117676,23763549.0
2004-02-03,4.326492722863212,4.337934083296062,4.246402787070882,4.262747764587402,14193280.0
2004-02-04,4.2169821023311185,4.2496720588543795,4.043726323387593,4.1777544021606445,22442727.0
2004-02-05,4.16467623483866,4.23005569952996,4.131986708874098,4.197365760803223,13228084.0
2004-02-06,4.195733914130832,4.288899753511237,4.151602596709883,4.252941131591797,11292926.0
2004-02-09,4.225153823804031,4.241498385535294,4.167946619457695,4.1924638748168945,12866235.0
2004-02-10,4.203906267751411,4.2660171035605225,4.197368111239965,4.239865303039551,12805596.0
2004-02-11,4.1973667488098645,4.264381180250237,4.1924635457802255,4.243132591247559,10236374.0
2004-02-12,4.216981070754858,4.2267878902078895,4.148332509059039,4.190829277038574,10304295.0
2004-02-13,4.1679464468698315,4.208808675030561,4.053532042914874,4.094394683837891,17384782.0
2004-02-17,3.96036717508513,4.068243450185646,3.9342153758342406,4.064974784851074,29227962.0
2004-02-18,4.004497948575461,4.007766613467192,3.963635716186684,3.9963252544403076,22827216.0
2004-02-19,3.99796019014404,4.011036089295997,3.939118850341418,3.953829288482666,21469057.0
2004-02-20,3.958731387855038,3.963635003454373,3.8917173718087468,3.9031591415405273,21009232.0
2004-02-23,3.9031578236072986,3.929309605782207,3.873736965469998,3.922771453857422,16823009.0
2004-02-24,3.890083869396085,3.960366981228445,3.883546126284573,3.9440224170684814,16662275.0
2004-02-25,3.9440219941267514,4.001228788076719,3.929311557750382,3.9472906589508057,15370316.0
2004-02-26,3.9521932061224017,3.9652691001680913,3.922772341329047,3.9423863887786865,11761754.0
2004-02-27,3.841050356857333,3.9391198313004394,3.7920158260170167,3.9244093894958496,12346300.0
2004-03-01,3.9521957505106173,3.979982094841584,3.940754387450068,3.963637113571167,11942083.0
2004-03-02,3.930946007523106,4.167946697446426,3.9244078524984185,4.164677619934082,28234300.0
2004-03-03,4.158139604894515,4.208808651962669,4.092760122748142,4.1254496574401855,27512985.0
2004-03-04,4.125450858759402,4.135257680746505,4.096029980035689,4.117278575897217,12625796.0
2004-03-05,4.09602958728764,4.133622745268917,4.0731468672577105,4.089491844177246,11086382.0
2004-03-08,4.166312377526338,4.167946916368364,4.089491528525103,4.110739707946777,10382014.0
2004-03-09,4.091125533937916,4.118911865104723,4.078049637668965,4.109104633331299,9499700.0
2004-03-10,4.0943940812494155,4.102566360573899,3.930945192661929,3.9783451557159424,12914031.0
2004-03-11,3.9783470509886185,4.001229774208215,3.92767798696133,3.9309470653533936,15239902.0
2004-03-12,3.9374854087351627,3.981616735458374,3.924409505938932,3.981616735458374,10941536.0
2004-03-15,3.9423869183689413,3.989786885866089,3.927676483996176,3.9521937370300293,12118307.0
2004-03-16,3.993056674883046,3.9946912137450084,3.9391185434876577,3.966904878616333,7789754.0
2004-03-17,3.976712254728061,4.020843159118492,3.9554640720780307,4.009401798248291,7576855.0
2004-03-18,4.0061335225175965,4.073147567929466,3.9881540035369945,4.037188529968262,10829393.0
2004-03-19,4.037186689338335,4.053531661617587,4.007765821788131,4.024110794067383,10928031.0
2004-03-22,4.004497873356454,4.004497873356454,3.934214768925957,3.9391183853149414,11252676.0
2004-03-23,3.963636437396554,3.963636437396554,3.8721051357644205,3.9195051193237305,13057553.0
2004-03-24,3.9064285374974106,3.9276771296453505,3.867200843642368,3.875373125076294,11665632.0
2004-03-25,3.9146009528308348,3.9603663860203775,3.8753728490079355,3.9342145919799805,12370397.0
2004-03-26,3.9146023426561043,3.9260437050155867,3.8851814607246054,3.909698724746704,8418124.0
2004-03-29,3.9391185462260325,3.9783462406533725,3.909697672214943,3.960366725921631,8722115.0
2004-03-30,3.9554649298659124,3.9914235593649257,3.9309476637182903,3.981616735458374,9668642.0
2004-03-31,4.001230049774603,4.051899117291492,3.9816164035962696,4.0110368728637695,14630730.0
2004-04-01,4.040456354049847,4.056801328706552,4.011035482220239,4.042090892791748,11346283.0
2004-04-02,4.086222966956527,4.092761123150442,4.025746673212354,4.064974784851074,10883545.0
2004-04-05,4.091126575872018,4.1434301742685795,4.087857497781636,4.141795635223389,14538447.0
2004-04-06,4.140866088390481,4.162467956542969,4.119264220237992,4.162467956542969,7304376.0
2004-04-07,4.162470087518008,4.162470087518008,4.081048136182209,4.084371566772461,14108412.0
2004-04-08,4.112620155146926,4.117604881731586,4.044491921739043,4.064431667327881,8464597.0
2004-04-12,4.087693947405394,4.104310678169239,4.054460905502713,4.066092491149902,12801226.0
2004-04-13,4.104310488494696,4.105972203456788,4.012919102954578,4.031197547912598,11286835.0
2004-04-14,4.02621231146868,4.044490756011041,3.98965584200894,4.014580726623535,8685440.0
2004-04-15,4.014580435538049,4.092678513567779,4.006272281143911,4.047813892364502,9500097.0
2004-04-16,4.071078869018948,4.071078869018948,3.99630418737684,4.016243934631348,10197713.0
2004-04-19,3.9963017248076302,4.071076360372707,3.983008428287736,4.056121349334717,9283226.0
2004-04-20,4.104310097569552,4.179085165616597,4.042828747953049,4.047813892364502,13746562.0
2004-04-21,4.100986512991575,4.150836271621781,4.079384643193565,4.115941524505615,17466473.0
2004-04-22,4.092677641377987,4.24222732597662,4.089354212478607,4.220625877380371,24185773.0
2004-04-23,4.245550402338418,4.2488738309618315,4.195700651486533,4.223948955535889,12309625.0
2004-04-26,4.228935553938389,4.26715374117894,4.213980957751879,4.237244129180908,13164400.0
2004-04-27,4.240565167538245,4.258843604946215,4.187392408839675,4.2355804443359375,14531165.0
2004-04-28,4.238905632904927,4.242228643211258,4.187394147469389,4.189055442810059,9768340.0
2004-04-29,4.194040046051859,4.263829967471398,4.174100308289098,4.215641498565674,11743218.0
2004-04-30,4.2372436321233495,4.24389007191268,4.130897238494361,4.137543678283691,12374104.0
2004-05-03,4.195700518972549,4.195700518972549,4.132557475246103,4.192377090454102,11071288.0
2004-05-04,4.233919714724111,4.252198156383018,4.194039821706882,4.222288131713867,9386630.0
2004-05-05,4.20068639953126,4.233919431678133,4.18406967364538,4.228934288024902,8946003.0
2004-05-06,4.190717661741022,4.232259282003275,4.1126195667130006,4.204010963439941,9988124.0
2004-05-07,4.190716456100938,4.204009753975468,4.11095666885376,4.11095666885376,9222587.0
2004-05-10,4.0012870112620735,4.119264982009081,4.0012870112620735,4.0727386474609375,12188082.0
2004-05-11,4.054459604704183,4.074399339523493,4.036181164765752,4.0694146156311035,7230099.0
2004-05-12,4.031196975413001,4.0793850239701674,4.0046103790452685,4.0710768699646,9128848.0
2004-05-13,4.05445926053867,4.144189318483396,4.0411659652459155,4.100986003875732,11815773.0
2004-05-14,4.0710768699646,4.097663466332333,4.0345204048652,4.0710768699646,8055613.0
2004-05-17,4.00793362257891,4.069414966467968,4.006271907929893,4.037843227386475,9918216.0
2004-05-18,4.034518552055414,4.11926302679398,4.0179018320504,4.086030006408691,10897976.0
2004-05-19,4.086031371410699,4.114279678968584,4.037842909260532,4.056121349334717,14604647.0
2004-05-20,4.0395050048828125,4.051136587981984,4.004610255585299,4.0395050048828125,8293139.0
2004-05-21,4.056120901252548,4.07439891968267,4.022887453811692,4.042827606201172,7932746.0
2004-05-24,4.044489985303205,4.054459853324214,3.986331652535002,4.019565105438232,6708178.0
2004-05-25,3.9963018894195557,4.019565054381386,3.9265115552842733,3.9963018894195557,13395438.0
2004-05-26,4.001285129985479,4.001285129985479,3.9049086570739746,3.9049086570739746,14827344.0
2004-05-27,3.946452708492515,3.9713775943427305,3.9148809626155745,3.963069438934326,12222771.0
2004-05-28,3.9747009156918782,3.9747009156918782,3.9248507257292977,3.9381444454193115,7309804.0
2004-06-01,3.9431276952979544,3.9663912764260716,3.913217676436685,3.944789409637451,8734031.0
2004-06-02,3.946451172303645,4.034519515626408,3.946451172303645,3.9663913249969482,8178745.0
2004-06-03,3.939804378676595,4.004609561260841,3.9314962263676416,3.9414660930633545,7615251.0
2004-06-04,3.9447897769969256,4.0179031166193,3.9447897769969256,3.9763615131378174,7323971.0
2004-06-07,3.9780240007828787,4.039505350894784,3.9763622859656715,4.034520626068115,7901897.0
2004-06-08,4.001286069199634,4.0544592502355306,3.966391326504141,4.04448938369751,7709387.0
2004-06-09,4.021225859791225,4.182407102745106,4.017902431369546,4.091015338897705,18943924.0
2004-06-10,4.107633620541638,4.1558220920728,4.079385307484568,4.122588634490967,11255986.0
2004-06-14,4.092676666065275,4.114278529138514,4.07273693667049,4.079383373260498,9034446.0
2004-06-15,4.094340807560936,4.110957538324781,4.039505889777754,4.066092491149902,8573562.0
2004-06-16,4.066092360829931,4.077723946104323,4.037844045324268,4.061107635498047,7308480.0
2004-06-17,4.046153126981284,4.079386171980844,4.032859825056449,4.077724456787109,6177652.0
2004-06-18,4.0777228699218036,4.124249618365142,4.059444849153792,4.087692737579346,12406410.0
2004-06-21,4.0627677246749325,4.072738011628643,4.046151419001825,4.054459571838379,8810293.0
2004-06-22,4.0411672967612295,4.0577840262583935,3.9963026726313604,3.9996256828308105,11250558.0
2004-06-23,4.012920465290633,4.037845358933718,4.001288876232203,4.029537200927734,11116172.0
2004-06-24,4.0212267348841095,4.034520031838895,3.9348200948655547,3.9530985355377197,15862579.0
2004-06-25,3.9630693647490927,4.019565995418681,3.9497760645694835,3.954760789871216,14264908.0
2004-06-28,3.986331876324862,4.071076808323211,3.981347151846969,4.012918472290039,14850646.0
2004-06-29,4.017904247840853,4.064430588279463,4.007934377693293,4.031197547912598,8384230.0
2004-06-30,4.031198916453958,4.079386988213904,4.007935738337096,4.029537200927734,12090238.0
2004-07-01,4.054460017467006,4.06442988589164,3.989655243269508,4.011256694793701,11342311.0
2004-07-02,3.9963024466943584,4.016242185263649,3.9747005736818477,4.006272315979004,6552476.0
2004-07-06,3.999625581750369,4.034520754775023,3.9896557121540255,4.00959587097168,10259411.0
2004-07-07,4.03401125139635,4.045846088272073,4.000197065787798,4.032320499420166,8290756.0
2004-07-08,4.040773934389629,4.044155438427396,3.954548143172079,3.9663829803466797,7987692.0
2004-07-09,3.971453082487981,3.9934319928980493,3.9376389143645767,3.9883601665496826,7512641.0
2004-07-12,3.9866724076033764,4.02724918363153,3.9731468155939917,4.001888751983643,6451455.0
2004-07-13,3.991743556905474,4.000196889456198,3.9511663651808555,3.9579293727874756,6495014.0
2004-07-14,3.9291890271988743,4.015414847172963,3.927498274616121,3.979909896850586,11604860.0
2004-07-15,3.9697651029047427,3.979909189640988,3.8852300505348563,3.8886115550994873,8378537.0
2004-07-16,3.9291882091142254,3.9291882091142254,3.893683693141862,3.9055185317993164,9600854.0
2004-07-19,3.905518203092817,3.944404220253807,3.8987551947391155,3.9156622886657715,8295522.0
2004-07-20,3.9156622839359723,3.9646923866106922,3.9139715318495893,3.934260129928589,8477042.0
2004-07-21,3.964690918244206,4.02386551152127,3.913970082268117,3.922423839569092,9389808.0
2004-07-22,3.9646913878695793,4.017103408471607,3.9139705458855083,3.986670732498169,15404343.0
2004-07-23,4.057680553335433,4.150668914801911,4.057680553335433,4.094875812530518,20876435.0
2004-07-26,4.154050372767099,4.206461970819665,4.138834033500623,4.184483051300049,18918636.0
2004-07-27,4.225060857564186,4.360316765619529,4.214916771199443,4.28423547744751,21220940.0
2004-07-28,4.294378280639648,4.311285370834087,4.240275933583448,4.294378280639648,11979287.0
2004-07-29,4.294378280639648,4.323120205882942,4.272399362257131,4.294378280639648,10510442.0
2004-07-30,4.294379563812253,4.3028328979566,4.226751609784581,4.28423547744751,11651465.0
2004-08-02,4.290997264012712,4.328192525094188,4.274090598857757,4.309595108032227,11461736.0
2004-08-03,4.345101318862954,4.397513367633424,4.307906043214828,4.321431636810303,15591821.0
2004-08-04,4.307904003814937,4.350171517160696,4.287615836505182,4.326501846313477,6564392.0
2004-08-05,4.326503335623312,4.334956670419344,4.272400968230316,4.274091720581055,8091891.0
2004-08-06,4.2284390426081115,4.284232114252131,4.192934127767029,4.201387882232666,8724895.0
2004-08-09,4.218297949668681,4.243658377099612,4.187865265968526,4.2030816078186035,8085403.0
2004-08-10,4.226752074445638,4.274091860948046,4.2182987393719875,4.269019603729248,8958846.0
2004-08-11,4.243655781264045,4.287614027835367,4.241965030208532,4.275778770446777,8699474.0
2004-08-12,4.269017106397662,4.2926867723235125,4.2521100191831565,4.267326354980469,7912886.0
2004-08-13,4.255491971302001,4.280852391322536,4.214915213877649,4.236894130706787,6007782.0
2004-08-16,4.236895882445641,4.321430935436644,4.230133300224339,4.318049430847168,8325312.0
2004-08-17,4.318048569990184,4.33664641456694,4.272399974963475,4.289306640625,7126562.0
2004-08-18,4.296068582678498,4.32481050491333,4.289305576525616,4.32481050491333,9756159.0
2004-08-19,4.311286960674417,4.360317070665493,4.292689111906598,4.319740295410156,8681071.0
2004-08-20,4.3197400432190305,4.3653890728253675,4.304523700016918,4.323121547698975,6954707.0
2004-08-23,4.378913621012668,4.378913621012668,4.318048262698421,4.329883098602295,10229489.0
2004-08-24,4.351862268929429,4.3586248490468416,4.304522500277472,4.326501846313477,6400216.0
2004-08-25,4.3332654522128315,4.367079641677029,4.272400508917941,4.343409538269043,11500794.0
2004-08-26,4.35017263204478,4.378914565564323,4.33157478477989,4.351863384246826,8169477.0
2004-08-27,4.348483423208929,4.37722536692958,4.341720412000409,4.368772029876709,6115424.0
2004-08-30,4.368768716681385,4.38398505340298,4.35017087692,4.362005710601807,5770389.0
2004-08-31,4.373841387522452,4.373841387522452,4.323120539976896,4.360315799713135,8162725.0
2004-09-01,4.373842582886681,4.394131183624268,4.323121721479194,4.394131183624268,8865504.0
2004-09-02,4.400892895558636,4.438088154495846,4.36707871328297,4.426253318786621,7099685.0
2004-09-03,4.429635524749756,4.488809712678285,4.414419183008821,4.429635524749756,7546270.0
2004-09-07,4.476974793159981,4.520933065500695,4.4499236143284,4.512479305267334,10301647.0
2004-09-08,4.480353872684292,4.536146952201381,4.478663121552579,4.488807201385498,10470060.0
2004-09-09,4.493881559178027,4.514169728344419,4.439779205457569,4.446541786193848,9871347.0
2004-09-10,4.4549955761632685,4.497262666707482,4.421181391378826,4.492190837860107,10319124.0
2004-09-13,4.483738472289865,4.537840843200684,4.480357394326208,4.537840843200684,8179275.0
2004-09-14,4.537839468998589,4.544602476793234,4.465139696951537,4.500644207000732,11769698.0
2004-09-15,4.500643966747317,4.520932562090643,4.378913675559988,4.4059648513793945,14473174.0
2004-09-16,4.412729353720226,4.504026996300383,4.404275591564305,4.490501403808594,9070592.0
2004-09-17,4.5192424860501434,4.5192424860501434,4.446542280054655,4.476974964141846,11069567.0
2004-09-20,4.449922436818891,4.480355111690919,4.4330153477836,4.470211029052734,5433431.0
2004-09-21,4.466831094905585,4.48373776292216,4.443161418116281,4.465140342712402,6578162.0
2004-09-22,4.456685543060303,4.4685203775629025,4.438087702009083,4.456685543060303,9584966.0
2004-09-23,4.454994663794081,4.4634479947801955,4.387366308075276,4.40258264541626,9943770.0
2004-09-24,4.395819226932413,4.412726312634841,4.370458811857464,4.404272556304932,7817161.0
2004-09-27,4.373841409238998,4.402583336846196,4.3366461493180815,4.390748500823975,6955104.0
2004-09-28,4.409346182288079,4.419490266083412,4.345099322016754,4.365387916564941,9266411.0
2004-09-29,4.350174069991988,4.3975138664245605,4.323122879732738,4.3975138664245605,10222074.0
2004-09-30,4.4059631776063455,4.4144169336868915,4.355242348952584,4.387365341186523,10852563.0
2004-10-01,4.438088202645044,4.463448626148167,4.395820687820662,4.449923038482666,12067466.0
2004-10-04,4.454996218929903,4.564891694898715,4.453305466750983,4.547984600067139,12359275.0
2004-10-05,4.559817382687859,4.613919720192184,4.541219544061711,4.598703384399414,11072082.0
2004-10-06,4.678438335707638,4.680155246158285,4.599462622794063,4.661269664764404,8059056.0
2004-10-07,4.638948599119665,4.66126799341196,4.584009218651076,4.635515213012695,8888806.0
2004-10-08,4.602897050228254,4.6423846951067835,4.5960294075206996,4.606330871582031,6620530.0
2004-10-11,4.611479939604219,4.633799338885157,4.601178911854733,4.613196849822998,4358608.0
2004-10-12,4.578860303961134,4.644100729557139,4.5685588418434335,4.616631031036377,7149600.0
2004-10-13,4.626931791162603,4.654401488089729,4.558257548844787,4.57199239730835,7990737.0
2004-10-14,4.556539568832571,4.608045130087946,4.523919582366943,4.523919582366943,5861878.0
2004-10-15,4.556540069574308,4.630365033432955,4.534221106194391,4.580575942993164,8360928.0
2004-10-18,4.592593182014399,4.623496690894273,4.566840402468864,4.620063304901123,7537002.0
2004-10-19,4.614914600319378,4.614914600319378,4.558258287036517,4.584011077880859,9575565.0
2004-10-20,4.582294267763735,4.590878820608811,4.5239214762335935,4.542806625366211,10825686.0
2004-10-21,4.5428058228385275,4.549673463901358,4.350517942964067,4.408890724182129,20383377.0
2004-10-22,4.40373941107078,4.408889707116606,4.317896518967279,4.333348274230957,12771701.0
2004-10-25,4.281843091401843,4.309312784621397,4.235487821507667,4.290427207946777,13136066.0
2004-10-26,4.283560570134125,4.283560570134125,4.214885894404448,4.249223232269287,16686372.0
2004-10-27,4.240639040330889,4.3230485714764235,4.214886251531823,4.285277843475342,10856138.0
2004-10-28,4.285277508043954,4.3745538066550385,4.27840986700138,4.352234840393066,12375163.0
2004-10-29,4.364252628379529,4.39000541427604,4.336782932281494,4.336782932281494,13483748.0
2004-11-01,4.352236130550277,4.432928335341373,4.309314662000333,4.407175540924072,15306764.0
2004-11-02,4.371121012427441,4.455247033571705,4.371121012427441,4.38142204284668,12852200.0
2004-11-03,4.407175560301714,4.451813939817522,4.3968740956388395,4.412325859069824,12372780.0
2004-11-04,4.434645490275139,4.501602846159347,4.419193726061345,4.484434604644775,12813275.0
2004-11-05,4.5136206543604835,4.529072418114573,4.475849917163451,4.506753444671631,10282184.0
2004-11-08,4.522205407867912,4.539374083192237,4.484434669005083,4.513620853424072,9382526.0
2004-11-09,4.52048605075265,4.529070166987906,4.475847692490455,4.489582538604736,11827689.0
2004-11-10,4.515336461623458,4.518770282410325,4.439794572128526,4.458680152893066,12271494.0
2004-11-11,4.4792824118526395,4.503318288988272,4.474131680939343,4.498167991638184,8989695.0
2004-11-12,4.480998961526458,4.584010102996383,4.477565141193948,4.578859806060791,11651332.0
2004-11-15,4.554823640363388,4.556540550583571,4.493017040252722,4.529070854187012,10792718.0
2004-11-16,4.537654833655977,4.55310615656477,4.463829871304142,4.486148834228516,11667882.0
2004-11-17,4.523919936198638,4.558256835200133,4.45867909103848,4.4947333335876465,10230151.0
2004-11-18,4.498168320670717,4.510186260117623,4.4655478896268015,4.4827165603637695,8884305.0
2004-11-19,4.477565765972387,4.493017526061576,4.42777666489317,4.444945335388184,8100497.0
2004-11-22,4.456963944235461,4.486150558392721,4.374554833754954,4.38142204284668,14763130.0
2004-11-23,4.395157290888392,4.4037418449812105,4.345368611403396,4.371121406555176,11647890.0
2004-11-24,4.340217557241832,4.355668884793444,4.317898154047785,4.353952407836914,10590941.0
2004-11-26,4.374553680419922,4.37970441105322,4.357385011872115,4.374553680419922,5338236.0
2004-11-29,4.3745538066550385,4.390005565437633,4.345367199350492,4.352234840393066,9425688.0
2004-11-30,4.335066828448083,4.3470847685310385,4.302446395677729,4.321331977844238,10456820.0
2004-12-01,4.360819295760812,4.444945303666451,4.345367535781895,4.426059722900391,15636308.0
2004-12-02,4.426060580876889,4.559975715465407,4.420910282261037,4.4810004234313965,14969674.0
2004-12-03,4.477565798487491,4.489583737852302,4.4123249368453195,4.431210517883301,9409800.0
2004-12-06,4.408891128745569,4.420909501708338,4.37970495223999,4.37970495223999,9138645.0
2004-12-07,4.398588326675367,4.4209077196173485,4.359100703547939,4.362534523010254,10248819.0
2004-12-08,4.372836745823972,4.386571593872989,4.309313236183459,4.336782932281494,9042258.0
2004-12-09,4.2921451357465275,4.335066595775258,4.288711314889052,4.295578956604004,12069981.0
2004-12-10,4.343650997936955,4.40889143067211,4.283561296824285,4.345367908477783,12830354.0
2004-12-13,4.390006537152219,4.444945943400694,4.365970655309335,4.422626972198486,11869528.0
2004-12-14,4.434642966487324,4.4621126575534555,4.3968718160990665,4.455245018005371,11871778.0
2004-12-15,4.4621136417294665,4.463830551995174,4.357385150463698,4.408890724182129,13014920.0
2004-12-16,4.407175560301714,4.426060711723663,4.355669537677323,4.412325859069824,13488912.0
2004-12-17,4.412325859069824,4.4483801182632305,4.395157184861693,4.412325859069824,17241790.0
2004-12-20,4.438078159556471,4.47069815681432,4.4226263993550745,4.431210517883301,11420162.0
2004-12-21,4.443228128575135,4.468981349381279,4.4329271003906,4.446661949157715,9828846.0
2004-12-22,4.463829567440476,4.489582348619587,4.42262503084128,4.455245018005371,8883246.0
2004-12-23,4.45181259699228,4.4758484734955895,4.446661866214487,4.4689812660217285,5622763.0
2004-12-27,4.463829567440476,4.480998232747584,4.448377812020389,4.455245018005371,9083964.0
2004-12-28,4.448378143639708,4.493016503340664,4.448378143639708,4.472414016723633,5829572.0
2004-12-29,4.450097796422979,4.462115740372067,4.429495297107826,4.443230152130127,8159680.0
2004-12-30,4.46039770560349,4.4621146162441665,4.42091006155781,4.422626972198486,7421152.0
2004-12-31,4.4294933632646165,4.444945122614149,4.405457485860105,4.424342632293701,7811997.0
2005-01-03,4.460398560255896,4.460398560255896,4.3882904673473915,4.393441200256348,13108262.0
2005-01-04,4.422624472576499,4.426057858354044,4.347082614898682,4.347082614898682,15728061.0
2005-01-05,4.365970314835011,4.427776925262994,4.364253404328226,4.367687225341797,14649398.0
2005-01-06,4.430141593533302,4.430141593533302,4.36902448660398,4.391725063323975,11942480.0
2005-01-07,4.409186501603227,4.431887074300916,4.376008334451651,4.379500865936279,13383124.0
2005-01-10,4.3829931450245985,4.3829931450245985,4.316636814542602,4.348068714141846,16073492.0
2005-01-11,4.346319962955183,4.35155875688452,4.2904412582792615,4.304410934448242,14657210.0
2005-01-12,4.293936118172691,4.339337700608342,4.281712259036194,4.332352638244629,12273348.0
2005-01-13,4.316635908384839,4.332351854885334,4.241548706432711,4.265995979309082,14992049.0
2005-01-14,4.2694868115185765,4.283456488629825,4.227577780184834,4.262502193450928,14524810.0
2005-01-18,4.259012452187293,4.355054431057115,4.259012452187293,4.344576835632324,18581413.0
2005-01-19,4.417917672442797,4.42664900171388,4.323622403148684,4.328860759735107,12983674.0
2005-01-20,4.327114116531908,4.346322598276975,4.272981643676758,4.272981643676758,16270504.0
2005-01-21,4.304413493714174,4.320129443870465,4.272981593401591,4.292190074920654,17816936.0
2005-01-24,4.307904940884377,4.367276195204504,4.281711403232031,4.28520393371582,11804122.0
2005-01-25,4.286951026305865,4.30441324111881,4.246788240919401,4.26948881149292,12244352.0
2005-01-26,4.313144381144922,4.346322547138891,4.255519377563913,4.292190074920654,16351135.0
2005-01-27,4.234564887066372,4.236311152671767,4.129792037575832,4.133284568786621,36204648.0
2005-01-28,4.105344689432353,4.136776584459995,4.073912794404711,4.1245527267456055,22835690.0
2005-01-31,4.124552892412062,4.189162950450238,4.068674161663436,4.14900016784668,41465959.0
2005-02-01,4.190910126855235,4.2031335467413955,4.149001069684305,4.176940441131592,26649737.0
2005-02-02,4.23980228158736,4.271233729160167,4.187415653680645,4.259010314941406,29170236.0
2005-02-03,4.320128095764011,4.3306052456067246,4.272980260007732,4.299173355102539,20621035.0
2005-02-04,4.299174007395842,4.306159069001492,4.262503756894518,4.295681476593018,17177046.0
2005-02-07,4.295682215849502,4.299174747253367,4.24853480580208,4.272981643676758,10213071.0
2005-02-08,4.293936040960612,4.313144080163109,4.2747275607819635,4.297428131103516,12940644.0
2005-02-09,4.307904983695201,4.311397073237622,4.2555183488459765,4.257264614105225,10863155.0
2005-02-10,4.2572653106055,4.259011576150442,4.199640752503146,4.208371639251709,16498099.0
2005-02-11,4.208371118714214,4.2625035800071345,4.182178020732226,4.2363104820251465,14423788.0
2005-02-14,4.2677432499119305,4.313144393857048,4.234565083820175,4.255519390106201,16173322.0
2005-02-15,4.269487686676085,4.320128052194564,4.2555180067013385,4.281711101531982,12032512.0
2005-02-16,4.292188815903858,4.306158496281072,4.253772305110529,4.279965400695801,11878796.0
2005-02-17,4.281712669597373,4.283458935355745,4.220595572935345,4.234565258026123,14189838.0
2005-02-18,4.243295363925222,4.243295363925222,4.2118639089950305,4.222341060638428,13077148.0
2005-02-22,4.2398032312469685,4.278219747535869,4.190909122444275,4.196147918701172,15994052.0
2005-02-23,4.19789362635344,4.232817607164121,4.171700089525358,4.215355396270752,14219495.0
2005-02-24,4.204879497452194,4.23456513251223,4.18916354706887,4.218849182128906,8454005.0
2005-02-25,4.22234266684358,4.234566088573429,4.178687337250528,4.227581024169922,10097354.0
2005-02-28,4.229325817654384,4.229325817654384,4.1909092997402775,4.201386451721191,10970399.0
2005-03-01,4.227579545487547,4.260757707846887,4.217102393523174,4.246788024902344,10216646.0
2005-03-02,4.246788024902344,4.27472739079143,4.227579545487547,4.246788024902344,8330211.0
2005-03-03,4.271234507102328,4.278219568485856,4.220594575976142,4.253772735595703,7547594.0
2005-03-04,4.285202497144105,4.299172173419994,4.255516879935852,4.2764716148376465,7556730.0
2005-03-07,4.290443379115425,4.293935910128066,4.2625040129665805,4.2642502784729,6482172.0
2005-03-08,4.269490481746117,4.283460170866277,4.213612166241806,4.220596790313721,8270101.0
2005-03-09,4.218848791545215,4.231072209383662,4.183924803574814,4.208371639251709,9524856.0
2005-03-10,4.224085020821774,4.243293048189389,4.201384023511121,4.211861610412598,7675096.0
2005-03-11,4.220594537501177,4.238056749824714,4.1839242885002355,4.190908908843994,8165373.0
2005-03-14,4.190909037266054,4.217102136065947,4.183924416708265,4.206624984741211,9583244.0
2005-03-15,4.224085874237348,4.224085874237348,4.129790218928261,4.131536483764648,12512330.0
2005-03-16,4.121060110617755,4.148999471301533,4.079151069592088,4.089628219604492,14769088.0
2005-03-17,4.098358801694823,4.107090126873528,4.0564497637650945,4.086135387420654,8929850.0
2005-03-18,4.087881170219261,4.103597112710941,4.018032781909555,4.077404022216797,19503844.0
2005-03-21,4.065182347498974,4.084390386886776,4.030257917923804,4.0529584884643555,9739874.0
2005-03-22,4.058196977128289,4.077405456034097,4.014541663961361,4.02327299118042,9855194.0
2005-03-23,4.058196028800835,4.136775750529088,4.033749200252499,4.086135387420654,17415366.0
2005-03-24,4.086135343041835,4.1001050222000215,4.059942249742236,4.068673133850098,7829342.0
2005-03-28,4.0861350434579995,4.1699535532378,4.0774041599902615,4.101850986480713,11597446.0
2005-03-29,4.101852463711545,4.145507778724113,4.066928035311033,4.073913097381592,12753430.0
2005-03-30,4.086137401514925,4.143762412194195,4.077406513008705,4.138524055480957,11627368.0
2005-03-31,4.14899986362913,4.155984483972511,4.121060500303418,4.136776447296143,12519876.0
2005-04-01,4.152491220825324,4.176938046582805,4.094865804152458,4.131536483764648,13940131.0
2005-04-04,4.152493689044065,4.189163949476882,4.124553876030575,4.175194263458252,14910358.0
2005-04-05,4.210116518557152,4.248533024968268,4.194400574803514,4.225832462310791,21974560.0
2005-04-06,4.298299283096112,4.300076963147624,4.228972005632689,4.250303268432617,14031487.0
2005-04-07,4.257413756543672,4.292966008908438,4.236082045997548,4.237859725952148,16010073.0
2005-04-08,4.252078624814582,4.275188003946347,4.209415673620007,4.221858978271484,15534624.0
2005-04-11,4.236081123352051,4.241414162054282,4.20941682765886,4.236081123352051,9040669.0
2005-04-12,4.234304658947178,4.262746642370071,4.209418035679422,4.246747970581055,12507034.0
2005-04-13,4.234303443784641,4.260968188386814,4.214749417452109,4.236081123352051,11903819.0
2005-04-14,4.252079922608918,4.278744219130237,4.202306239902526,4.2040839195251465,11671987.0
2005-04-15,4.196974948540467,4.204085220321961,4.070763696464011,4.0885396003723145,15303322.0
2005-04-18,4.150755866346854,4.157866136853133,4.116980846942135,4.125868797302246,19261287.0
2005-04-19,4.1240925788879395,4.147201524843275,4.1080939051845675,4.1240925788879395,13133153.0
2005-04-20,4.115203578541763,4.138312970043102,4.072540604511329,4.0814290046691895,10991848.0
2005-04-21,4.115203287644329,4.140089908508943,4.090316666779714,4.1205363273620605,10552545.0
2005-04-22,4.122314898597658,4.138313572301031,4.049432251241923,4.1240925788879395,10161965.0
2005-04-25,4.186307263388751,4.195195660846167,4.134756353771587,4.145421981811523,12367881.0
2005-04-26,4.15431144253002,4.15431144253002,4.116981506347656,4.116981506347656,12357289.0
2005-04-27,4.111647471675871,4.195195715408429,4.106314433132061,4.16675329208374,16317638.0
2005-04-28,4.124091008337526,4.20941693632196,4.124091008337526,4.180974960327148,17450055.0
2005-04-29,4.204085301797833,4.241415688328836,4.184531268428777,4.230749607086182,19030249.0
2005-05-02,4.25741253143723,4.271633518072743,4.2271928787231445,4.2271928787231445,19492193.0
2005-05-03,4.244971048743054,4.262746952995857,4.216528614338452,4.230749607086182,16352724.0
2005-05-04,4.227194695581107,4.252081320662347,4.214750934131343,4.230749607086182,11247248.0
2005-05-05,4.223638332511436,4.232526282527916,4.172086965470557,4.209417343139648,12075542.0
2005-05-06,4.218306916347867,4.230750230722702,4.168533209939318,4.1987528800964355,9492815.0
2005-05-09,4.186309243396481,4.211196319139178,4.163200296895235,4.1916422843933105,7618826.0
2005-05-10,4.163198827640975,4.193418484806364,4.154310429116439,4.16853141784668,8178480.0
2005-05-11,4.15431190475387,4.163200306435622,4.099205609963715,4.141868591308594,10261000.0
2005-05-12,4.159642252456066,4.177418595400473,4.12586724575258,4.1329779624938965,7823781.0
2005-05-13,4.163199641081319,4.163199641081319,4.093872363589285,4.102760314941406,9596220.0
2005-05-16,4.116980862728952,4.1560884729360765,4.10631523247411,4.150755882263184,7725540.0
2005-05-17,4.125867387700491,4.175641059875488,4.115201761130455,4.175641059875488,9209082.0
2005-05-18,4.177420004825866,4.218305293156127,4.177420004825866,4.209417343139648,17339369.0
2005-05-19,4.227193509472946,4.228971189181256,4.196973852249712,4.2183051109313965,11141725.0
2005-05-20,4.218304490395509,4.223637528735919,4.180974568739491,4.200528144836426,15736005.0
2005-05-23,4.191641881637053,4.225416906886666,4.191641881637053,4.212973594665527,15221631.0
2005-05-24,4.198752462553858,4.209418544308071,4.184531469124074,4.196975231170654,9867507.0
2005-05-25,4.180977221638049,4.202308490716827,4.177421860488507,4.186309814453125,8201518.0
2005-05-26,4.198750880657284,4.2218602668423575,4.1880852518305565,4.2040839195251465,8168153.0
2005-05-27,4.218306280185385,4.218306280185385,4.186308934384637,4.207640647888184,6509181.0
2005-05-31,4.186308491442759,4.205862522676289,4.150756237910724,4.156088829040527,13900544.0
2005-06-01,4.131201620739381,4.159643599094656,4.124091350605077,4.138312339782715,18880372.0
2005-06-02,4.141867239740399,4.166753858509986,4.10631499134228,4.163198947906494,13003004.0
2005-06-03,4.148976802825928,4.163197788004896,4.13120045912499,4.148976802825928,11344694.0
2005-06-06,4.141868591308594,4.15608958509022,4.132980638536018,4.141868591308594,8235280.0
2005-06-07,4.141866676697227,4.195195715408429,4.138311766576988,4.16675329208374,12322865.0
2005-06-08,4.175642308198082,4.193418657068374,4.154310599771924,4.184530258178711,7394275.0
2005-06-09,4.189863757569724,4.193419117515977,4.150756144888198,4.161421775817871,9340423.0
2005-06-10,4.175641530399081,4.207638862623639,4.159642864286801,4.200528144836426,10463175.0
2005-06-13,4.191641622369158,4.250303268432617,4.184530902163113,4.250303268432617,17026110.0
2005-06-14,4.25207859345492,4.264521898014626,4.239635288895213,4.248523235321045,9554646.0
2005-06-15,4.2520801355204325,4.269856483727747,4.221860478240703,4.268078804016113,13024982.0
2005-06-16,4.2840791259576445,4.285856806355376,4.230750060753281,4.257414817810059,10883942.0
2005-06-17,4.300077070427628,4.300077070427628,4.250303374470849,4.269857406616211,16046615.0
2005-06-20,4.25207945033673,4.282299102746838,4.248524091486376,4.278743743896484,10695537.0
2005-06-21,4.278745405146733,4.278745405146733,4.236082429105162,4.24319314956665,9268662.0
2005-06-22,4.264522800300512,4.284076825265199,4.220082160950913,4.2271928787231445,9799321.0
2005-06-23,4.223639352196021,4.239638025215363,4.1880866457287835,4.205862998962402,9824742.0
2005-06-24,4.207639798814308,4.227193828170924,4.177420139312744,4.177420139312744,10157463.0
2005-06-27,4.163198906694163,4.2129725926496455,4.159643547216837,4.189863204956055,9271178.0
2005-06-28,4.212973594665527,4.220083866402264,4.1774208892544475,4.212973594665527,10202612.0
2005-06-29,4.236081234689173,4.278744198701388,4.221860246685101,4.2556352615356445,13974158.0
2005-06-30,4.239635320163106,4.257411662054726,4.2129710317801035,4.221858978271484,15125773.0
2005-07-01,4.244968711702348,4.289409345686133,4.236080315560254,4.253856658935547,14530238.0
2005-07-05,4.252079359521934,4.316074021825722,4.241413732107615,4.284076690673828,14669390.0
2005-07-06,4.314419590471489,4.321658770357267,4.263746702327835,4.272795677185059,13444293.0
2005-07-07,4.2474568503059835,4.256505820573595,4.198594238935682,4.227550029754639,10985758.0
2005-07-08,4.227549650604002,4.285461227048075,4.218500681147953,4.265553951263428,12615734.0
2005-07-11,4.2963204058425815,4.310798302893668,4.272793994516599,4.3053693771362305,14865078.0
2005-07-12,4.290891134606726,4.3270861066846935,4.280032825790841,4.321657180786133,20082300.0
2005-07-13,4.316229009239912,4.336136295171749,4.307180035171398,4.32346773147583,10788482.0
2005-07-14,4.341563896297065,4.365090764669125,4.328895793489995,4.361471176147461,14459934.0
2005-07-15,4.361472211308953,4.3741403171226985,4.345184516114462,4.365091800689697,12422827.0
2005-07-18,4.350614252260586,4.352424047097417,4.298131573049189,4.314419269561768,10425176.0
2005-07-19,4.3162276856698565,4.350612862548218,4.267364611740409,4.3053693771362305,10342956.0
2005-07-20,4.303561271744106,4.316229379507866,4.267366286402847,4.307180404663086,15836232.0
2005-07-21,4.334325320166119,4.339754246110095,4.263745169725529,4.290891170501709,16112021.0
2005-07-22,4.301749260863417,4.334324639486574,4.270983676276957,4.292700290679932,13542137.0
2005-07-25,4.314418513391706,4.354232621767236,4.292701436174896,4.31260871887207,13569146.0
2005-07-26,4.325277875312038,4.372331173208534,4.316229357532259,4.350614547729492,16250114.0
2005-07-27,4.365089907670304,4.399474620819092,4.357850732048245,4.399474620819092,16238595.0
2005-07-28,4.419384462961045,4.48453479629704,4.4175746680046375,4.4754862785339355,23894228.0
2005-07-29,4.448339188598839,4.4736753978014905,4.424812316894531,4.424812316894531,15754276.0
2005-08-01,4.4501485861753345,4.4573873065794976,4.403095303982559,4.428431510925293,12086796.0
2005-08-02,4.428432482648306,4.502631782420972,4.428432482648306,4.462817668914795,16822082.0
2005-08-03,4.462815775121164,4.518917560577393,4.451957011211945,4.518917560577393,13130505.0
2005-08-04,4.497200767384225,4.509868867754247,4.457386215342826,4.477293491363525,11872573.0
2005-08-05,4.477295125760732,4.479104920334052,4.421193322063168,4.453768253326416,11287232.0
2005-08-08,4.455577512223763,4.459197100935232,4.413953613098191,4.428431510925293,10358711.0
2005-08-09,4.4501481377369325,4.46643582827847,4.423002139173947,4.441099166870117,11244202.0
2005-08-10,4.45919684713521,4.511679509408084,4.446528744384862,4.4610066413879395,13798331.0
2005-08-11,4.4628155970808345,4.484532209995539,4.4356696024281215,4.477293491363525,9400532.0
2005-08-12,4.477295269368829,4.482724653262933,4.406715563839717,4.42662239074707,13982896.0
2005-08-15,4.41576407997771,4.437480701516431,4.384998485282151,4.42662239074707,11379383.0
2005-08-16,4.439289731130455,4.439289731130455,4.350613008606909,4.390427112579346,13608999.0
2005-08-17,4.4320515264493965,4.4320515264493965,4.359662030342678,4.381378650665283,9148443.0
2005-08-18,4.357851162630532,4.370519264202157,4.3361345476559485,4.35242223739624,9830700.0
2005-08-19,4.361473701016841,4.370522220540461,4.3433762049505855,4.368712425231934,9721470.0
2005-08-22,4.36871130311961,4.388618589381166,4.343375089345919,4.348804473876953,10284964.0
2005-08-23,4.363280410736054,4.3976651262251165,4.343373133439137,4.379568099975586,9746494.0
2005-08-24,4.375949527730881,4.384998042956126,4.321657522341806,4.327086448669434,11830337.0
2005-08-25,4.3270861066846935,4.3560419015395615,4.301749900441374,4.321657180786133,11364422.0
2005-08-26,4.316227833975743,4.327086142882462,4.267364758367357,4.290891170501709,10054191.0
2005-08-29,4.270984815976905,4.323467028971066,4.263745637898363,4.31260871887207,7866414.0
2005-08-30,4.294511149140822,4.3126086369746846,4.2691749403846995,4.30898904800415,9163404.0
2005-08-31,4.301748300233411,4.357850074768066,4.274601852763764,4.357850074768066,13839640.0
2005-09-01,4.3488046717876125,4.372331091788293,4.32527779476801,4.346994876861572,11828219.0
2005-09-02,4.363282241299689,4.363282241299689,4.319848537445068,4.319848537445068,9255952.0
2005-09-06,4.343375166262169,4.3868088722229,4.336136443778169,4.3868088722229,11519330.0
2005-09-07,4.374137760442417,4.379567141340065,4.343372182726265,4.357850074768066,11762548.0
2005-09-08,4.366900925267783,4.366900925267783,4.330705951052269,4.345183849334717,10440137.0
2005-09-09,4.341563472890241,4.365090338967865,4.332514959487282,4.35242223739624,12436332.0
2005-09-12,4.341565676542982,4.34699506155178,4.310800075531006,4.310800075531006,16165643.0
2005-09-13,4.321657068446046,4.323466405686023,4.283652303050225,4.3053693771362305,15300806.0
2005-09-14,4.305370898947855,4.328897318589678,4.270985709915424,4.287273406982422,12769980.0
2005-09-15,4.307179166751333,4.350613319485152,4.285462547403224,4.327086448669434,13538430.0
2005-09-16,4.346994006750213,4.408525193843574,4.319848002331102,4.384998321533203,25411002.0
2005-09-19,4.346992162571966,4.37594794927059,4.34337257497998,4.354230880737305,16800104.0
2005-09-20,4.363279455665714,4.386805858851669,4.352421150889012,4.357850074768066,15610622.0
2005-09-21,4.346993614738566,4.372329822309075,4.332515716552734,4.332515716552734,15568651.0
2005-09-22,4.337945385128151,4.350613489746782,4.2890823041544435,4.31260871887207,13252710.0
2005-09-23,4.307180541677578,4.343375528170224,4.298132023563889,4.301751613616943,11677812.0
2005-09-26,4.3270873764006845,4.330706966074346,4.269175769697694,4.314419269561768,11166881.0
2005-09-27,4.316229247378,4.316229247378,4.270985745595903,4.278224468231201,10816418.0
2005-09-28,4.294509364875851,4.348801805820242,4.27098296037965,4.32527494430542,13717037.0
2005-09-29,4.319846744211693,4.325275669303089,4.252886192928682,4.292700290679932,21949669.0
2005-09-30,4.276413817581956,4.361471876403785,4.270984890946572,4.337945461273193,18510314.0
2005-10-03,4.328896209681334,4.368710316191206,4.30717913348217,4.336135387420654,17004662.0
2005-10-04,4.357852006601022,4.357852006601022,4.328896209681334,4.336135387420654,15829082.0
2005-10-05,4.350442548653055,4.365183549372232,4.284107812754733,4.297006130218506,22792792.0
2005-10-06,4.29885072645708,4.343073748293799,4.238044013266059,4.254627704620361,19346023.0
2005-10-07,4.265682037909837,4.276737673653527,4.191977024078369,4.191977024078369,19627770.0
2005-10-10,4.2583125499557655,4.381768645255851,4.177236787213746,4.193820476531982,12460561.0
2005-10-11,4.190134056555855,4.195662106715063,4.13854031770884,4.156966686248779,16238066.0
2005-10-12,4.138540198256351,4.153281664922084,4.109058195573033,4.11090087890625,15251421.0
2005-10-13,4.107218066170843,4.121959076678687,4.015087099490086,4.099847793579102,17724256.0
2005-10-14,4.09984730197436,4.120116363488859,4.0611523285277435,4.090634346008301,19604071.0
2005-10-17,4.077736021526095,4.09984730197436,4.05378159149545,4.090634346008301,16114934.0
2005-10-18,4.088790662976978,4.101688984308496,4.066678922605664,4.072206974029541,14403134.0
2005-10-19,4.0722064447225526,4.162495147631617,4.0722064447225526,4.129327774047852,21331096.0
2005-10-20,4.228831806717876,4.263841414374327,4.151441388474424,4.153284072875977,28382323.0
2005-10-21,4.238044738769531,4.284110452567555,4.219618825509794,4.238044738769531,30298548.0
2005-10-24,4.274896963632508,4.348602003466813,4.26199863982704,4.34675931930542,27454994.0
2005-10-25,4.333859616967167,4.381767993951632,4.326488882666109,4.365184307098389,17829646.0
2005-10-26,4.367028687110929,4.390982652246369,4.3522872127822705,4.357815265655518,16282287.0
2005-10-27,4.357813864222383,4.376240235883138,4.346758227355596,4.367027282714844,14872360.0
2005-10-28,4.339386815357938,4.414934973909423,4.332016547038338,4.402036190032959,15302660.0
2005-10-31,4.394668102264404,4.422307436494182,4.370713671360759,4.394668102264404,22829864.0
2005-11-01,4.396508752242943,4.396508752242943,4.348600377928077,4.381767749786377,24320159.0
2005-11-02,4.400195984340669,4.4167796772993055,4.383612291382033,4.405723571777344,14595114.0
2005-11-03,4.431519852468002,4.431519852468002,4.304378385474264,4.333860397338867,30055594.0
2005-11-04,4.34860022197128,4.374396859014081,4.302534532781082,4.359655857086182,13814616.0
2005-11-07,4.355971815526042,4.363342551394497,4.302535841776678,4.313591480255127,16927737.0
2005-11-08,4.3117485942803215,4.365185030850394,4.3025356402006185,4.348601341247559,14405517.0
2005-11-09,4.33754523796286,4.374397984930097,4.326489600002374,4.348601341247559,12613218.0
2005-11-10,4.348600232412555,4.416777657320346,4.344914865590708,4.402036190032959,14382347.0
2005-11-11,4.396510351769106,4.422306999122334,4.390982299340153,4.4130940437316895,19601158.0
2005-11-14,4.422306999122334,4.440733375227902,4.403880623016766,4.4130940437316895,15392956.0
2005-11-15,4.4130922904985,4.43888892760324,4.378082236339142,4.402036190032959,27307368.0
2005-11-16,4.402036541322399,4.431519012925827,4.376239902159046,4.389138221740723,20900267.0
2005-11-17,4.37623912464885,4.4683704942340485,4.37623912464885,4.453629493713379,14225188.0
2005-11-18,4.473897501226678,4.5291761239647865,4.468369452823291,4.492323398590088,26255450.0
2005-11-21,4.484955697755785,4.508909657222386,4.422306307982576,4.490483283996582,24564172.0
2005-11-22,4.494168359732996,4.580772168670604,4.494168359732996,4.564188480377197,27387867.0
2005-11-23,4.547606468200684,4.5752458037687,4.543921099371789,4.547606468200684,16099708.0
2005-11-25,4.54760479208379,4.6047261265809825,4.543919424613217,4.564188480377197,6879769.0
2005-11-28,4.5973543765244615,4.6747442765403715,4.564187010618199,4.621308326721191,31893439.0
2005-11-29,4.652635020526906,4.69870072301379,4.610254685916786,4.615782737731934,22089748.0
2005-11-30,4.59735515077061,4.671060162239483,4.5697153643111905,4.58998441696167,25824885.0
2005-12-01,4.634209687276744,4.702386681687819,4.606570352641867,4.661849021911621,18480260.0
2005-12-02,4.66184758956046,4.669218324704747,4.606568937275053,4.619467258453369,18667606.0
2005-12-05,4.619466970985319,4.691329307549212,4.617624287313916,4.660004615783691,25151631.0
2005-12-06,4.717127662133923,4.717127662133923,4.634209658739891,4.643423080444336,23736275.0
2005-12-07,4.626839054940962,4.652635703215045,4.584458248788017,4.6231536865234375,13588080.0
2005-12-08,4.612098241306742,4.636052206383342,4.549448371536781,4.578930854797363,17061858.0
2005-12-09,4.606567330617926,4.613938063191484,4.564187014292045,4.588140964508057,10221280.0
2005-12-12,4.584456347793273,4.601040033471233,4.556817026771372,4.580771446228027,12103876.0
2005-12-13,4.551287919803126,4.63420632894246,4.54023228702588,4.610252380371094,17478521.0
2005-12-14,4.608410581545025,4.612095948285863,4.55681684314554,4.582613945007324,13669638.0
2005-12-15,4.582616223370475,4.588143810905828,4.5457634682879835,4.578930854797363,19466242.0
2005-12-16,4.601041990785367,4.65447843744082,4.573402658005509,4.5991997718811035,20742446.0
2005-12-19,4.562346105032603,4.5991988515810425,4.551290001873547,4.575244426727295,13721539.0
2005-12-20,4.538392649681514,4.560504395398985,4.523651640977969,4.542078018188477,16560327.0
2005-12-21,4.523650122091681,4.558660180504041,4.484955161733928,4.505223751068115,18630401.0
2005-12-22,4.481271651511304,4.54944864762977,4.479428967112921,4.52918004989624,15830671.0
2005-12-23,4.525493268679672,4.564188698320077,4.505224211947832,4.538391590118408,9268132.0
2005-12-27,4.569716284465708,4.571558968288985,4.525493268679672,4.538391590118408,11019122.0
2005-12-28,4.558660832796157,4.560503516694595,4.532863723542234,4.536549091339111,14171302.0
2005-12-29,4.536549091339111,4.578929890354765,4.527336137171135,4.536549091339111,11976374.0
2005-12-30,4.50706617243982,4.523649858863621,4.473899264916341,4.512594223022461,14551290.0
2006-01-03,4.51259488643386,4.5826150094780465,4.466529187445281,4.5531325340271,21648062.0
2006-01-04,4.543920037422754,4.617625070153481,4.540234669455158,4.586300373077393,19628035.0
2006-01-05,4.589986059817562,4.624996127292681,4.588143375705791,4.597356796264648,14303040.0
2006-01-06,4.6519213815615865,4.695064571377774,4.614405687902718,4.67630672454834,15626642.0
2006-01-09,4.648168229330246,4.711945077609938,4.631286219958083,4.693187236785889,23881915.0
2006-01-10,4.680056205479043,4.685683225316482,4.638788866965874,4.665050029754639,14184542.0
2006-01-11,4.665053302256072,4.706320196022929,4.644419618525106,4.702568531036377,15094130.0
2006-01-12,4.711945763222646,4.726951943326401,4.6650513911865525,4.681933403015137,17361612.0
2006-01-13,4.685686156479733,4.704444006293026,4.653797953905645,4.687561988830566,13422315.0
2006-01-17,4.651921929542848,4.668803946308489,4.618157896011566,4.659425258636475,12051842.0
2006-01-18,4.633163041662605,4.665051709465467,4.625660187946276,4.655672550201416,16474400.0
2006-01-19,4.655672434814415,4.685684796325723,4.655672434814415,4.670678615570068,13699163.0
2006-01-20,4.6425421800691815,4.665051688506864,4.6162810079427326,4.63503885269165,17909880.0
2006-01-23,4.629412089264159,4.642542439212855,4.575014383825345,4.586268901824951,14482044.0
2006-01-24,4.59564805570683,4.689436810872069,4.59564805570683,4.625660419464111,13239470.0
2006-01-25,4.601273776097409,4.732578185659153,4.599397944681407,4.728826522827148,20644205.0
2006-01-26,4.762591903987322,4.813237945629959,4.738207035989907,4.785101413726807,20704844.0
2006-01-27,4.80573583864939,4.8770155761862775,4.786977988050469,4.856381893157959,21314679.0
2006-01-30,4.852629515677399,4.907027227056313,4.8488783250645335,4.8863935470581055,17346783.0
2006-01-31,4.888268928185951,4.916405934203748,4.852629067939702,4.867635250091553,21407491.0
2006-02-01,4.877011452488265,4.991433344373026,4.856377786906493,4.9801788330078125,24662016.0
2006-02-02,5.0176929260228675,5.019568756453918,4.933283398792948,4.974550247192383,19779236.0
2006-02-03,4.974551964746943,5.051458670500656,4.952042939191801,5.025197982788086,28860287.0
2006-02-06,5.027075469673741,5.087100189184548,5.015820953189182,5.073969841003418,23782880.0
2006-02-07,5.087101038353465,5.103983052745784,5.021448812793885,5.049585819244385,18755387.0
2006-02-08,5.051460220674534,5.0908517380264335,5.002690492440545,5.08897590637207,18042942.0
2006-02-09,5.120864097106518,5.137746108300922,5.0683422318689395,5.08897590637207,18766641.0
2006-02-10,5.070218218276562,5.180888973397838,5.066467028548204,5.154628276824951,21814754.0
2006-02-13,5.177139506590834,5.2184068743660506,5.149002966368235,5.186518669128418,22098619.0
2006-02-14,5.188393089002431,5.4059829689005445,5.188393089002431,5.3065667152404785,30531440.0
2006-02-15,5.27467865387421,5.325324698000688,5.2390387924116935,5.312194347381592,18699911.0
2006-02-16,5.345957527875566,5.374094056690617,5.293435660044555,5.336578369140625,18705340.0
2006-02-17,5.345956752406479,5.355335436086089,5.284056208514527,5.304689407348633,20936015.0
2006-02-21,5.299063229627755,5.340330107555784,5.276553722042991,5.2803053855896,18361894.0
2006-02-22,5.321571281782034,5.321571281782034,5.263422402316592,5.299062252044678,12570188.0
2006-02-23,5.278430036293043,5.293436218156235,5.205274958921853,5.240914344787598,14836082.0
2006-02-24,5.244665286877159,5.265298961734926,5.143373691664663,5.171510219573975,17443832.0
2006-02-27,5.162130539813865,5.248416420209204,5.15462768752004,5.209024906158447,15651004.0
2006-02-28,5.186515535209957,5.20902456430907,5.165881863790111,5.1752610206604,13808658.0
2006-03-01,5.1771390854351775,5.285934519850283,5.1771390854351775,5.269052028656006,17814817.0
2006-03-02,5.269049556715443,5.325323079877555,5.244664694931567,5.304689407348633,19432745.0
2006-03-03,5.287808470878902,5.28968430273447,5.224032082569266,5.250293254852295,14525604.0
2006-03-06,5.128364505538359,5.195892038196026,5.0233208348360465,5.0683393478393555,82914044.0
2006-03-07,5.0683428595474,5.0683428595474,4.89764784219934,4.9764299392700195,53914472.0
2006-03-08,5.017694658473228,5.03082547602423,4.940788426414231,5.025197982788086,28147843.0
2006-03-09,5.027073121770608,5.090849474887704,5.023321460129685,5.055209636688232,26945386.0
2006-03-10,5.062716605984817,5.111486821355697,5.028952574289977,5.1077351570129395,38468026.0
2006-03-13,5.109610492841019,5.1377470252885615,5.07772229641515,5.087100982666016,28178427.0
2006-03-14,5.087098564181186,5.141496244920564,5.079595713486454,5.124614238739014,25256756.0
2006-03-15,5.109610395565216,5.130244073358236,5.064591849767212,5.122740745544434,12986984.0
2006-03-16,5.098354494887302,5.130242682058148,5.042080972629735,5.08522367477417,24232113.0
2006-03-17,5.102107102855354,5.111486262687138,5.040206542745338,5.064591884613037,28621967.0
2006-03-20,5.094603910115856,5.094603910115856,5.00831801387239,5.030827522277832,19625387.0
2006-03-21,5.030826589719051,5.038329442000129,4.987683886442087,5.012068748474121,22056251.0
2006-03-22,4.937039214527241,5.055212841578523,4.937039214527241,5.049585819244385,23304254.0
2006-03-23,5.049585702577122,5.066467716579394,5.045834038644409,5.064591884613037,31029661.0
2006-03-24,5.08335090663489,5.1396239838648325,5.079599241834214,5.133996486663818,37618150.0
2006-03-27,5.1339952635702,5.143374423337454,5.117113723379019,5.122740745544434,24855187.0
2006-03-28,5.1114825039502945,5.139619015365539,5.053333176838253,5.0683393478393555,23640152.0
2006-03-29,5.07209542767912,5.14149932508105,5.07209542767912,5.113362789154053,16571581.0
2006-03-30,5.113358334537256,5.133991523604653,5.0645881603600245,5.0683393478393555,22666483.0
2006-03-31,5.070219561925794,5.1189897782677125,5.068343729717066,5.0720953941345215,19638627.0
2006-04-03,5.107731478577209,5.109607309397671,5.051457975047309,5.055209636688232,20229528.0
2006-04-04,5.066467778175122,5.111486324830181,5.05708861822931,5.087100982666016,14525074.0
2006-04-05,5.060839674815476,5.1002311944703,5.060839674815476,5.081473350524902,24004120.0
2006-04-06,5.1007101955578875,5.140753415839732,5.020624718057772,5.043506145477295,23617777.0
2006-04-07,5.045414265564081,5.058761848465439,4.978676351057288,4.988210201263428,29140048.0
2006-04-10,4.992024332867288,4.993931199367274,4.944354114963487,4.9634222984313965,13390671.0
2006-04-11,4.953889264659608,4.9805849211260815,4.869989524324538,4.91575288772583,22321051.0
2006-04-12,4.9577014595309254,4.9577014595309254,4.858547295511369,4.885242462158203,19116706.0
2006-04-13,4.877615928649902,4.896683631426578,4.850920759536984,4.877615928649902,18049430.0
2006-04-17,4.881429572161962,4.90431149147566,4.831852963124289,4.8490142822265625,10356858.0
2006-04-18,4.871893653519099,4.961513944490913,4.852825475767747,4.946259498596191,20688427.0
2006-04-19,4.919564213791197,4.97295501905936,4.862360157921749,4.910030364990234,18033674.0
2006-04-20,4.910029617891255,4.915749733688739,4.831850528717041,4.831850528717041,21113696.0
2006-04-21,4.869985925303361,4.890960965269154,4.824222595722124,4.833756923675537,20257465.0
2006-04-24,4.833756575086699,4.873799305008186,4.795620229086699,4.868078708648682,20086272.0
2006-04-25,4.951979881918035,4.965327462604299,4.852825737488894,4.881427764892578,31787651.0
2006-04-26,4.913844339834292,5.0244396988041915,4.900496756932934,4.988210201263428,31138891.0
2006-04-27,4.98821127980868,5.045415356477932,4.957702374714144,5.030160903930664,17332352.0
2006-04-28,5.0301593638021025,5.043506945502712,4.980582769351796,4.997744083404541,18994501.0
2006-05-01,5.032066682662722,5.045414265564081,4.976769484709679,4.988210201263428,14018380.0
2006-05-02,5.020625966108973,5.022532832456582,4.980583217404897,4.988210201263428,15424335.0
2006-05-03,4.988208658721519,5.001556237495304,4.932910996336689,4.9557929039001465,13119516.0
2006-05-04,4.995838002240128,4.995838002240128,4.9290996017183994,4.942447185516357,13406824.0
2006-05-05,4.984396354926797,4.986303221230931,4.9329124093108705,4.9519805908203125,13669770.0
2006-05-08,4.9767704260452925,5.005372463605576,4.948167906953011,4.9843974113464355,16327833.0
2006-05-09,4.984395137821349,5.022531491527978,4.967233826806544,5.016810894012451,13496459.0
2006-05-10,5.016811280114845,5.030158860479885,4.9634209586546865,4.990116119384766,15399444.0
2006-05-11,4.990117991468485,5.016813162213476,4.944354635249073,4.978677272796631,20022587.0
2006-05-12,4.9786765084859645,4.98439662617776,4.885242462158203,4.885242462158203,17202997.0
2006-05-15,4.898588246118419,4.9271907501987275,4.862359242271719,4.917656421661377,16241376.0
2006-05-16,4.92719169425418,4.9367255430864825,4.879521487028993,4.913843631744385,11497219.0
2006-05-17,4.894775498731438,4.896681883102873,4.749858023872218,4.786087512969971,23270756.0
2006-05-18,4.776552948374295,4.803248103950915,4.713627827603596,4.717441558837891,21872083.0
2006-05-19,4.767020392755092,4.852826488240692,4.74223209357887,4.820411205291748,28759134.0
2006-05-22,4.822317568164669,4.889055963149134,4.787995419045592,4.812783718109131,23233817.0
2006-05-23,4.770834581642072,4.873802002377941,4.768927715133563,4.814691066741943,17684800.0
2006-05-24,4.828038300980865,4.868081050162643,4.805156867600396,4.854733467102051,18253458.0
2006-05-25,4.871895400406642,4.902404303135487,4.843293364289846,4.9004974365234375,15250362.0
2006-05-26,4.931005697657756,5.0110921588155435,4.923378713733911,5.00155782699585,16062238.0
2006-05-30,5.043505737259986,5.043505737259986,4.919563317762644,4.927190780639648,22439152.0
2006-05-31,4.9291001579061575,4.971049780509226,4.8966839056934335,4.969142913818359,22530243.0
2006-06-01,5.024440140277947,5.1388482789317536,5.003465090143173,5.131221294403076,38036534.0
2006-06-02,5.138847692871913,5.140754559169601,5.047320999774249,5.096898078918457,17519300.0
2006-06-05,5.081644509224363,5.142662315179258,5.0663900577356396,5.072110176086426,16480887.0
2006-06-06,5.072109298580406,5.163636473209963,5.053041598667313,5.096898078918457,27763221.0
2006-06-07,5.1102455744273305,5.131220621812736,5.068295961188404,5.070202827453613,16088983.0
2006-06-08,5.085459184301162,5.14075640061428,4.986304990495218,5.068297863006592,35306976.0
2006-06-09,5.062575859206145,5.119779926648545,5.039694424841959,5.075923442840576,15574344.0
2006-06-12,5.089270093124913,5.165542811102602,5.08164311024625,5.083549976348877,19958241.0
2006-06-13,5.083548790275745,5.173168586998403,5.070201212203406,5.152193546295166,30609424.0
2006-06-14,5.142661688897962,5.184611786532188,5.131220972057682,5.180798053741455,22512237.0
2006-06-15,5.190329892962783,5.29139088356513,5.184609777525114,5.287577152252197,34287893.0
2006-06-16,5.287576717884578,5.319992468318137,5.274229140917528,5.299017429351807,26256641.0
2006-06-19,5.304739967977529,5.344782713538786,5.299019369383691,5.308553218841553,25405177.0
2006-06-20,5.308553534305569,5.340969298533238,5.253256337406545,5.258976936340332,27318224.0
2006-06-21,5.258975821365267,5.2627890716474335,5.186516843027177,5.211305618286133,29831044.0
2006-06-22,5.213214371438594,5.232282555879516,5.173171135959461,5.203680038452148,18699911.0
2006-06-23,5.176985861072475,5.264698852161902,5.1579176729780585,5.218935489654541,13868238.0
2006-06-26,5.209398752379152,5.249441491830363,5.184610458651991,5.211305618286133,14976029.0
2006-06-27,5.220839000719337,5.241814042293876,5.203677690618671,5.215118885040283,13066688.0
2006-06-28,5.199866853522139,5.232282623028125,5.194146253656857,5.226562023162842,19665769.0
2006-06-29,5.228470000934624,5.299021673273483,5.228470000934624,5.2818603515625,22924133.0
2006-06-30,5.283764475380221,5.331434681709878,5.283764475380221,5.318087100982666,23491600.0
2006-07-03,5.358128431843845,5.358128431843845,5.306644507000941,5.32571268081665,8544434.0
2006-07-05,5.339063584290232,5.367666103599151,5.3142752799587685,5.319995880126953,23843651.0
2006-07-06,5.347289477714569,5.36666381776888,5.318228212264786,5.358914375305176,18123839.0
2006-07-07,5.355039151175497,5.37441349029541,5.322102921450647,5.37441349029541,19244605.0
2006-07-10,5.389913809530442,5.418975078678148,5.304666996002197,5.304666996002197,35823733.0
2006-07-11,5.306604336297346,5.324041195169158,5.26398117531259,5.277543067932129,33177189.0
2006-07-12,5.2969171924163,5.345352800790495,5.252356060871859,5.262043476104736,32649310.0
2006-07-13,5.262044746008273,5.281419091886295,5.1051134739969815,5.145799160003662,26711832.0
2006-07-14,5.13998556965435,5.190358662061417,5.128361160410689,5.149672985076904,23754811.0
2006-07-17,5.149674755808255,5.192297930533388,5.149674755808255,5.182610511779785,16164186.0
2006-07-18,5.182611127088395,5.246546630662236,5.167112233769662,5.229109764099121,15701316.0
2006-07-19,5.2504214259400905,5.3434177183756795,5.238796522437931,5.322105884552002,16037612.0
2006-07-20,5.322106517175011,5.378291600392878,5.277545849577449,5.289170265197754,15800616.0
2006-07-21,5.302729876013791,5.35116549099852,5.291105465411224,5.296917915344238,15591159.0
2006-07-24,5.308543966559648,5.418977124572199,5.29110710063518,5.382165908813477,19453400.0
2006-07-25,5.4247868589599,5.767711095609823,5.4247868589599,5.608842372894287,59177636.0
2006-07-26,5.612717500227942,5.754149368240323,5.572031332192498,5.7154011726379395,35333323.0
2006-07-27,5.715403323166922,5.829710959078283,5.7076533875723285,5.750276565551758,29383267.0
2006-07-28,5.758026311364808,5.889771298021757,5.754151343695228,5.8238983154296875,31037605.0
2006-07-31,5.787086336847282,5.8258345373592375,5.730901274862725,5.810335159301758,23450953.0
2006-08-01,5.85102252181783,5.852960005626779,5.69990367735565,5.765775680541992,25369429.0
2006-08-02,5.812271482795368,5.92658004589468,5.7987095908594775,5.924642562866211,23383032.0
2006-08-03,5.876209657337294,5.9943927614211585,5.8626477580352745,5.986643314361572,37808409.0
2006-08-04,5.986639334993441,6.021512557476551,5.957578071625852,6.000201225280762,24449249.0
2006-08-07,5.9750160976187265,6.0331386404957135,5.918831038072768,5.965329170227051,13780060.0
2006-08-08,5.9769528865185935,5.984702818942283,5.920767833500484,5.9498291015625,18779748.0
2006-08-09,5.988576373978213,6.037011976379614,5.843269566774008,5.858768939971924,29992307.0
2006-08-10,5.8122743071103,5.858772454597874,5.7774010634423405,5.854897975921631,23706750.0
2006-08-11,5.864584906507681,5.913020537965191,5.8122743071103,5.854897975921631,11966842.0
2006-08-14,5.901394433495006,5.938205639855329,5.796773264659398,5.810335159301758,16187886.0
2006-08-15,5.889771362578646,5.909145711875309,5.8393982501127635,5.882021427154541,14422067.0
2006-08-16,5.889769519338914,5.889769519338914,5.8587702766074985,5.860707759857178,11243143.0
2006-08-17,5.860710182707258,5.905271337344808,5.831648900474873,5.899458885192871,12439245.0
2006-08-18,5.899457378851973,5.982766725439653,5.866521136928088,5.911081790924072,18607364.0
2006-08-21,5.91883125439113,5.945955043489901,5.913018804185614,5.920768737792969,11237980.0
2006-08-22,5.922705360985753,5.97307796506354,5.913017945383552,5.918830394744873,13511685.0
2006-08-23,5.924644925223559,5.9498312361095085,5.874271814188072,5.905270576477051,9559280.0
2006-08-24,5.930455545139908,5.942080445314933,5.899456789866789,5.903331756591797,11971343.0
2006-08-25,5.870396413422396,5.951768280742611,5.870396413422396,5.93433141708374,9553719.0
2006-08-28,5.942078698545582,6.011825632775131,5.91689191150056,6.000201225280762,12688686.0
2006-08-29,6.000201804658144,6.064136785945713,5.978889981141161,6.058324337005615,12180800.0
2006-08-30,6.0641365679290065,6.085447901416429,6.033137330626338,6.042824745178223,13545050.0
2006-08-31,6.060263111815574,6.077699973089402,6.017639944959263,6.0312018394470215,12545694.0
2006-09-01,6.069948948759337,6.164883171641122,6.05444957366375,6.124197006225586,15963468.0
2006-09-05,6.1532583028078465,6.157133268916128,6.073823943905044,6.143571376800537,13899617.0
2006-09-06,6.135824276009774,6.162948070594631,6.100950546250052,6.1145124435424805,13409472.0
2006-09-07,6.116451114206235,6.122263077451585,6.031204257058874,6.06026554107666,13825340.0
2006-09-08,6.073824882507324,6.118386021111913,6.023451783105573,6.073824882507324,10424514.0
2006-09-11,6.083513776803398,6.157136210986251,6.0622024315514205,6.122262477874756,18107818.0
2006-09-12,6.1222587586050174,6.22687940511887,6.116446799459618,6.180381774902344,27447182.0
2006-09-13,6.19394451874972,6.211381377115284,6.135821983706772,6.172632694244385,21466542.0
2006-09-14,6.1842582677178495,6.265630125655991,6.180383790112028,6.248193264007568,29136871.0
2006-09-15,6.267566429088346,6.267566429088346,6.143571426722911,6.172632694244385,23449496.0
2006-09-18,6.188132899648019,6.188132899648019,6.075762291364522,6.08544921875,22137412.0
2006-09-19,6.08544846076879,6.120322177834317,6.0505747437032635,6.09126091003418,17094296.0
2006-09-20,6.137758563916197,6.232692292362984,6.0873854752838135,6.211380958557129,23355360.0
2006-09-21,6.21331736542371,6.319875981442654,6.195880999143265,6.254003524780273,42652263.0
2006-09-22,6.273377882085262,6.3993103475224995,6.254003543726458,6.374124050140381,29023801.0
2006-09-25,6.438058844095803,6.540742499843422,6.412872545504382,6.488431930541992,34669470.0
2006-09-26,6.50587248034666,6.517496894813908,6.412876186081428,6.4613118171691895,27981284.0
2006-09-27,6.451623050302159,6.505871121928423,6.271442951258526,6.3101911544799805,30019449.0
2006-09-28,6.310190613227935,6.314065579996765,6.232693724168742,6.271442413330078,72035530.0
2006-09-29,6.2714411363134515,6.310189328321242,6.219130563376385,6.308252334594727,30941483.0
2006-10-02,6.308253491019912,6.37993792847033,6.236568564306023,6.244318008422852,26268954.0
2006-10-03,6.267569106818167,6.341191537874332,6.242382305412359,6.3063178062438965,24736424.0
2006-10-04,6.31794111886608,6.379938635727417,6.261755563420791,6.339252948760986,35677960.0
2006-10-05,6.3924531244250575,6.3924531244250575,6.25890868458231,6.270691871643066,31453474.0
2006-10-06,6.26676366887927,6.309969512552692,6.199991948190421,6.2412333488464355,24512139.0
2006-10-09,6.294258137126062,6.364957748645915,6.249088844443283,6.319788455963135,21716910.0
2006-10-10,6.333538055235162,6.443516153219567,6.325682760205647,6.435660362243652,39167627.0
2006-10-11,6.4356574410558505,6.51224888857365,6.414054521624195,6.472971439361572,62664126.0
2006-10-12,6.4808266540847255,6.600623939047293,6.476899256372345,6.598659992218018,38212626.0
2006-10-13,6.5986599922180185,6.612407124076771,6.512248811460781,6.598659992218018,67876714.0
2006-10-16,6.571164804905899,6.573128751607361,6.44940407698436,6.478862285614014,25618870.0
2006-10-17,6.45136950989428,6.492611408233643,6.402272318885576,6.492611408233643,21338511.0
2006-10-18,6.5299245834086355,6.559382797322762,6.404235939537044,6.469044208526611,30903484.0
2006-10-19,6.539741971826855,6.671322915565414,6.529922735283302,6.628117084503174,33678456.0
2006-10-20,6.673289878752489,6.826472815376997,6.579022883968589,6.7636284828186035,34321522.0
2006-10-23,6.775409947529504,6.844146104758707,6.683107419559319,6.816651344299316,39850282.0
2006-10-24,6.804868924734944,6.873605089699574,6.718458227698611,6.820580005645752,26672774.0
2006-10-25,6.806833653559358,6.832364472937859,6.7164950519340065,6.742025375366211,27612152.0
2006-10-26,6.74595192137172,6.814688080488394,6.710601868343362,6.755771160125732,31230247.0
2006-10-27,6.755770889012081,6.76559012737204,6.702746307543653,6.720420837402344,23552371.0
2006-10-30,6.722384155023795,6.755770256647242,6.64775666101345,6.661503791809082,28798854.0
2006-10-31,6.696857274974066,6.738098688513967,6.5927710233623795,6.726315498352051,32639513.0
2006-11-01,6.773445297891403,6.775409244573754,6.622226362811699,6.630081653594971,34451274.0
2006-11-02,6.667398055399994,6.700784169159092,6.620264805848264,6.681145191192627,32456668.0
2006-11-03,6.685073435293153,6.69685662431022,6.57116745632494,6.622229099273682,39684384.0
2006-11-06,6.624189703836581,6.761662001755245,6.622226253132881,6.736131191253662,27757395.0
2006-11-07,6.736131191253661,6.775409132357886,6.7164927166476724,6.736131191253662,22661981.0
2006-11-08,6.7302427653176755,6.787195259071263,6.683109513124464,6.749881744384766,49548317.0
2006-11-09,6.740061380118392,6.743989274755822,6.54956444155855,6.563311576843262,61763276.0
2006-11-10,6.618300396773857,6.618300396773857,6.419947675447351,6.490647792816162,35353183.0
2006-11-13,6.490647461079744,6.575094213019866,6.4749363797948085,6.492611408233643,22524020.0
2006-11-14,6.494573862847053,6.539743152616721,6.394416044991243,6.472971439361572,30358526.0
2006-11-15,6.439584136828394,6.484753418195384,6.235340149460308,6.3747758865356445,51153402.0
2006-11-16,6.355139377824309,6.427803442195655,6.315861424767429,6.36299467086792,27545423.0
2006-11-17,6.343353694344859,6.537778955135216,6.343353694344859,6.520103931427002,34358594.0
2006-11-20,6.488682870940529,6.606515720927968,6.480827083103392,6.522068977355957,25924185.0
2006-11-21,6.5142116359243465,6.529922711905436,6.408161997038518,6.431728363037109,29554328.0
2006-11-22,6.414055015856246,6.44351372496795,6.376741510621525,6.416018962860107,21439400.0
2006-11-24,6.416018962860107,6.469044044125718,6.3708496696099415,6.416018962860107,12887816.0
2006-11-27,6.384595049759268,6.510283655928062,6.382631103294621,6.417981147766113,40403449.0
2006-11-28,6.402270697431571,6.4827900306176325,6.384595673469155,6.445476531982422,30339725.0
2006-11-29,6.4985016372752975,6.6713239976641265,6.4985016372752975,6.579020977020264,46804062.0
2006-11-30,6.573128998018612,6.7164931450306185,6.5593818665391685,6.659540176391602,34686152.0
2006-12-01,6.667399194507155,6.696857418516555,6.6261572841368785,6.677218437194824,23774141.0
2006-12-04,6.75380867098986,6.785230836920584,6.69489223385633,6.724350452423096,38161652.0
2006-12-05,6.710603114851628,6.810761451721192,6.690964137749427,6.810761451721191,26550569.0
2006-12-06,6.8107586369103625,6.836288949429427,6.726311417434398,6.830397605895996,30143508.0
2006-12-07,6.848073768565213,6.873604085334972,6.795048692259366,6.800940036773682,20921980.0
2006-12-08,6.763623477942547,6.875564924472202,6.751839802347678,6.867709636688232,20432365.0
2006-12-11,6.850039613725228,6.93841426944659,6.83432853075612,6.908956050872803,21479782.0
2006-12-12,6.912883577253259,7.0032221755254165,6.889316706082192,6.999294281005859,30283852.0
2006-12-13,7.032679058782948,7.0483901379352965,6.94234047764349,6.9816179275512695,25837992.0
2006-12-14,6.981620016075566,7.028753267632339,6.9580536382703455,7.003222942352295,25308790.0
2006-12-15,6.995367152453,7.069995172710973,6.98358396355039,7.003222942352295,62093879.0
2006-12-18,7.020895643229163,7.060173587795421,6.928593118228474,6.965906620025635,50094070.0
2006-12-19,6.950192223205392,6.96197540257124,6.840214725250313,6.871636867523193,53215267.0
2006-12-20,6.899135319908315,6.961979142265308,6.859857372995723,6.863785266876221,39492537.0
2006-12-21,6.869674653226514,7.001254587695166,6.844143848071387,6.906988143920898,50572166.0
2006-12-22,6.871640517785344,6.96197910082186,6.844146252677915,6.8696770668029785,20377154.0
2006-12-26,6.865747722758531,6.903061218681177,6.848072700081029,6.8755669593811035,15039581.0
2006-12-27,6.883424506235876,6.971799146283783,6.875568718171413,6.956088066101074,24353921.0
2006-12-28,6.932522372217491,7.003222492989332,6.922703131419758,6.971800327301025,17055371.0
2006-12-29,7.003220456057554,7.1112345531475265,7.001256509279974,7.020895481109619,37879375.0
2007-01-03,7.005184983058399,7.026787903454944,6.830399160784377,6.863785266876221,44611253.0
2007-01-04,6.86378289315492,6.920735350941334,6.6909605816425755,6.775407791137695,58633870.0
2007-01-05,6.755772295546534,6.783266565435598,6.667397644068995,6.669361591339111,48407823.0
2007-01-08,6.651442383187001,6.772921012243441,6.613605189633953,6.733092308044434,53274318.0
2007-01-09,6.741056231915312,6.852577281010772,6.70321854452509,6.758979320526123,53069362.0
2007-01-10,6.810756385574478,6.970072153841833,6.360688711586006,6.776901721954346,39672733.0
2007-01-11,6.788851395368022,6.874483823485118,6.691270408392408,6.868509292602539,32219672.0
2007-01-12,6.890414058011139,6.952148853454715,6.854567885525661,6.916302680969238,26766911.0
2007-01-16,6.958124314178756,6.960115824350698,6.858551823021275,6.896389007568359,21647003.0
2007-01-17,6.890415402932021,6.902363961790539,6.832663113120346,6.868509292602539,23709662.0
2007-01-18,6.9003723754499475,7.131380526337514,6.85058612736372,6.974056243896484,37018643.0
2007-01-19,7.029816786714312,7.039774338453484,6.944184859197355,6.984013557434082,28688035.0
2007-01-22,7.017867327632768,7.075619108687839,6.9700725941334225,7.023841857910156,28343795.0
2007-01-23,6.9979539428701525,7.117441048787634,6.968082292117451,7.041766166687012,23530658.0
2007-01-24,7.181165194182308,7.358404037437106,7.139344996387747,7.294677734375,45078758.0
2007-01-25,7.428108799480401,7.507766720447177,7.2648099357718126,7.326544761657715,41896656.0
2007-01-26,7.242902543366399,7.32654296266396,7.169218670248072,7.248876571655273,32339230.0
2007-01-29,7.2389188363236965,7.3564144183507985,7.226970277972,7.270781993865967,26273324.0
2007-01-30,7.2926873201332265,7.406200380285693,7.282730272373855,7.386285781860352,26212420.0
2007-01-31,7.3842944652766,7.543610251041953,7.3842944652766,7.493824005126953,37602924.0
2007-02-01,7.507762197197583,7.529668300855582,7.461958983100392,7.517719745635986,26254258.0
2007-02-02,7.517719192182974,7.6033515879165625,7.4898385615145004,7.591402530670166,27595338.0
2007-02-05,7.50179342838593,7.587425890435993,7.49781040621922,7.52569055557251,34381102.0
2007-02-06,7.507764018632474,7.5595417743543445,7.455986765817212,7.469926834106445,30148804.0
2007-02-07,7.4559873736267175,7.489841540570858,7.344465812408439,7.400226593017578,46025947.0
2007-02-08,7.384293673075824,7.467934577356136,7.356413539284573,7.444036960601807,21724854.0
2007-02-09,7.465945310316261,7.5117485447069035,7.334509635947725,7.34844970703125,27267118.0
2007-02-12,7.3185766567652895,7.3982345498219,7.306627595626837,7.360396862030029,17659777.0
2007-02-13,7.348449069807036,7.442047543948629,7.336500510329669,7.406201362609863,18357657.0
2007-02-14,7.418149922087229,7.479884732778067,7.384295251145802,7.406201362609863,28644343.0
2007-02-15,7.430094684771359,7.4420437410494005,7.374334433766137,7.414163112640381,18761080.0
2007-02-16,7.372346558999394,7.4659445285499775,7.342474406483542,7.463953018188477,21794099.0
2007-02-20,7.469929890324635,7.517724645259398,7.438066720368127,7.44005823135376,22511045.0
2007-02-21,7.467934731628133,7.467934731628133,7.404208422842216,7.410182952880859,21395575.0
2007-02-22,7.400230153126799,7.448024915396358,7.3464608569834615,7.378324031829834,19571368.0
2007-02-23,7.364377976897448,7.402215654898926,7.328531808570416,7.368360996246338,16192520.0
2007-02-26,7.3683644792937235,7.481877064049403,7.3643814580620495,7.467936992645264,26627096.0
2007-02-27,7.432090654198351,7.51174856265649,7.007911977342069,7.199090957641602,44826271.0
2007-02-28,7.308619050604217,7.346456738110246,7.211038572390319,7.32853364944458,38024486.0
2007-03-01,7.203072269173905,7.3643795583794045,7.119431359417981,7.310610294342041,33522091.0
2007-03-02,7.298660904528401,7.366370228654565,7.240909129777576,7.256840705871582,27089172.0
2007-03-05,7.177184020808054,7.32654225724937,7.089560086243413,7.113457202911377,30586121.0
2007-03-06,7.179176092003577,7.205064720901273,7.101509199497174,7.16921854019165,30826295.0
2007-03-07,7.1254073573107375,7.175193611398107,7.025834849135997,7.05570650100708,36818586.0
2007-03-08,7.157269432258302,7.3106106893404945,7.129388792228852,7.270781993865967,27303396.0
2007-03-09,7.346456413074133,7.346456413074133,7.238918388744654,7.278747081756592,19504506.0
2007-03-12,7.244892350852524,7.455986383250438,7.238918323553157,7.380311012268066,28931651.0
2007-03-13,7.314591839222773,7.463950540597122,7.298660264525768,7.420138835906982,37273513.0
2007-03-14,7.420140000038695,7.434080067222293,7.258832215154452,7.410182952880859,34588176.0
2007-03-15,7.392259537236491,7.408191113725137,7.304635112189119,7.3564133644104,23032569.0
2007-03-16,7.390271883454688,7.430100594005106,7.318579500394406,7.364382743835449,37453047.0
2007-03-19,7.402218706322609,7.527679844279706,7.394252664340981,7.48386812210083,28239199.0
2007-03-20,7.4659448944949665,7.575474449399515,7.442047774798951,7.549585819244385,22494760.0
2007-03-21,7.509757607283061,7.782586529692658,7.388279476493457,7.738774299621582,43641820.0
2007-03-22,7.681021863903089,7.854278253296813,7.679030353346068,7.788559913635254,35442950.0
2007-03-23,7.832370376573225,7.832370376573225,7.7168663106193796,7.742754936218262,27467572.0
2007-03-26,7.76665198637575,7.836352823451508,7.696951149299993,7.8283867835998535,30090548.0
2007-03-27,7.786565402466927,7.937915620316191,7.784574395583862,7.854275226593018,37546257.0
2007-03-28,7.868217790398363,7.868217790398363,7.720850042432001,7.7566962242126465,32927748.0
2007-03-29,7.822412673588783,7.830378713868025,7.718857167398133,7.800507068634033,22924133.0
2007-03-30,7.820420802835131,7.874189557156128,7.788557148143373,7.852283954620361,29506002.0
2007-04-02,7.9100383964016165,7.923978467145804,7.778602725232567,7.858260631561279,51698360.0
2007-04-03,7.906054973485939,7.945884176079086,7.884149364675713,7.914021015167236,31824194.0
2007-04-04,7.91402109973761,7.918003617714145,7.810465574214156,7.812457084655762,27158815.0
2007-04-05,7.840676273259847,7.931378406320276,7.800364101009672,7.915253639221191,19497489.0
2007-04-09,7.951536980131598,7.993864316132209,7.891068702838472,7.92734956741333,18308537.0
2007-04-10,7.925334058899976,7.96363058435115,7.862850120267772,7.951537132263184,18456428.0
2007-04-11,7.949521036255938,7.949521036255938,7.8265693349195145,7.848740577697754,19687880.0
2007-04-12,7.848739043444428,7.848739043444428,7.756021752302156,7.79230260848999,22477151.0
2007-04-13,7.810442845027819,7.860832808718417,7.735865474803553,7.828582763671875,20088920.0
2007-04-16,7.915255615918476,7.941458178121274,7.870912113568281,7.9132399559021,18103582.0
2007-04-17,7.8910691660225964,7.911225259636746,7.852772639056224,7.8991312980651855,20741254.0
2007-04-18,7.90114312519669,7.903158784480747,7.826566276710915,7.8547844886779785,18055123.0
2007-04-19,7.85478655787488,7.953550834782079,7.8447082587996535,7.923316955566406,21985814.0
2007-04-20,7.949521605054817,8.042238920955297,7.949521605054817,8.036191940307617,31229585.0
2007-04-23,8.050301240087464,8.090613427332908,7.931381356624149,8.016036033630371,31493061.0
2007-04-24,8.052315555209615,8.054331215135683,7.844708690885037,7.8809895515441895,31699340.0
2007-04-25,7.935412482428445,7.981771652298307,7.856804274092161,7.889053821563721,33525931.0
2007-04-26,7.937426453544031,7.953551223848169,7.818506081674122,7.852771282196045,35009605.0
2007-04-27,7.826568422880565,7.885020522127246,7.764085003960317,7.788271903991699,28088528.0
2007-04-30,7.8285844858573235,7.959598827478272,7.760054588446995,7.8043975830078125,32878098.0
2007-05-01,7.846723191320886,7.895098004388222,7.800364546886725,7.828582763671875,34348135.0
2007-05-02,7.828585689939471,7.903163088040218,7.782227028176784,7.796336650848389,32144204.0
2007-05-03,7.838660648156373,7.85680107484809,7.747959023702716,7.840676307678223,34667484.0
2007-05-04,7.880992739462104,7.991851026208599,7.824556274723386,7.95758581161499,31485912.0
2007-05-07,7.96161442389175,8.04626909219324,7.95153663261921,7.9817705154418945,20791699.0
2007-05-08,7.92331576826827,7.933394065833277,7.876957126484019,7.915253639221191,24669430.0
2007-05-09,7.927350562891874,8.012005754528774,7.897116674951228,7.955568790435791,21568622.0
2007-05-10,7.949520248033288,7.981769787972225,7.840677668985612,7.842693328857422,22043806.0
2007-05-11,7.872927054025793,8.00192521124352,7.872927054025793,7.9797539710998535,22642783.0
2007-05-14,7.991847904091099,8.084565207943644,7.989832244137125,8.068440437316895,29194994.0
2007-05-15,8.098674811430234,8.201470421307878,8.082550039822273,8.141002655029297,26576520.0
2007-05-16,8.145035703523982,8.308299114324,8.141004382515296,8.292174339294434,48028100.0
2007-05-17,8.288140346330804,8.362717724928316,8.25387514681384,8.31635856628418,30014418.0
2007-05-18,8.328455491204025,8.364736363495265,8.239768971048239,8.284111976623535,34867540.0
2007-05-21,8.284111778855838,8.324423971329324,8.149067104781578,8.173254013061523,34168733.0
2007-05-22,8.18333018250593,8.20550142448223,8.106737138573111,8.151080131530762,20470364.0
2007-05-23,8.175267718988755,8.203485941570486,8.118830764820228,8.145033836364746,19807702.0
2007-05-24,8.143017630381038,8.22364148164139,8.092627659717689,8.147048950195312,25060407.0
2007-05-25,8.157126930252971,8.257906873921243,8.14906479944213,8.21557903289795,18055520.0
2007-05-29,8.223642947620547,8.257908154140077,8.149066062787236,8.16115951538086,19753418.0
2007-05-30,8.112783441012201,8.263952838243725,8.108752121351358,8.25992202758789,26926718.0
2007-05-31,8.26395478461962,8.336516519584931,8.255892652404102,8.33248519897461,25700826.0
2007-06-01,8.344580210278028,8.354658004066163,8.108755050986886,8.169222831726074,30306890.0
2007-06-04,8.173248407282482,8.263950014630618,8.140998879024723,8.243794441223145,17128456.0
2007-06-05,8.20147119369464,8.23573640021417,8.0926291023418,8.16115951538086,23932359.0
2007-06-06,8.112783075245982,8.209531688714234,8.102704776548258,8.138985633850098,22506676.0
2007-06-07,8.102708518832216,8.163176811931251,7.878977310480925,7.965648174285889,41573070.0
2007-06-08,8.001923278190477,8.12084361652444,7.9575802996102265,8.11479663848877,31158089.0
2007-06-11,8.102707912664602,8.157129219680883,8.038208812055018,8.086583137512207,24176505.0
2007-06-12,8.048285318436333,8.084566183977897,7.862850179338973,7.876959800720215,30760492.0
2007-06-13,7.939443521529139,8.064410386298006,7.866881787789074,8.058363914489746,30076911.0
2007-06-14,8.082550351146887,8.249845053900248,8.082550351146887,8.175268173217773,33643634.0
2007-06-15,8.24782788135105,8.24782788135105,8.110767597039212,8.118829727172852,48190422.0
2007-06-18,8.122860908049205,8.179297854041039,8.062392642556887,8.064408302307129,29568627.0
2007-06-19,8.062393497053392,8.143017859588161,8.032159615605375,8.11076831817627,19709991.0
2007-06-20,8.134957546071334,8.181316720487587,7.961616338663619,7.967662811279297,31342258.0
2007-06-21,8.00192521124352,8.044253049708718,7.923317022814595,7.9797539710998535,25153882.0
2007-06-22,7.981769725170146,8.009987945143434,7.8003654281846755,7.830599308013916,48939409.0
2007-06-25,7.880990612109755,8.036191866257512,7.8306006341920495,7.876959800720215,32041462.0
2007-06-26,7.921303818873829,8.034177241434193,7.880991627742544,7.919288158416748,31449237.0
2007-06-27,7.899131334116854,8.07851949919077,7.860835315980815,8.058363914489746,29938023.0
2007-06-28,8.098674893827628,8.364734391573508,8.076503650769277,8.211548805236816,35727081.0
2007-06-29,8.253879218031408,8.372799645070895,8.231707457700406,8.364737510681152,49754728.0
2007-07-02,8.352640328250681,8.451404617765084,8.278062941594257,8.435279846191406,47622294.0
2007-07-03,8.42520530012264,8.43326743451238,8.308300533931904,8.364737510681152,19429965.0
2007-07-05,8.35264139540397,8.354657055733838,8.241783640297127,8.255892753601074,28033317.0
2007-07-06,8.319105560363896,8.355807586769536,8.225311950583981,8.290559768676758,25314483.0
2007-07-09,8.33949443390693,8.33949443390693,8.206959758086253,8.255895614624023,22733477.0
2007-07-10,8.223271887364758,8.237544781464777,8.049957069906503,8.054035186767578,36239204.0
2007-07-11,8.064228846007296,8.125398530788075,7.976551920218151,8.117242813110352,30981468.0
2007-07-12,8.160060660878342,8.266088584318076,8.092773808486514,8.253854751586914,31908797.0
2007-07-13,8.259976054423438,8.335418661377243,8.217156846089381,8.237546920776367,24603760.0
2007-07-16,8.245700701980692,8.274247005792779,8.160062820371946,8.198803901672363,18934921.0
2007-07-17,8.164138855885405,8.192684637505986,8.111124893651734,8.123358726501465,26206859.0
2007-07-18,8.123361250125122,8.151907555527595,8.00713902957635,8.08054256439209,24235555.0
2007-07-19,8.147828269788844,8.15394492977987,8.029566492693217,8.084619522094727,24079456.0
2007-07-20,8.064231934501692,8.094816788605677,7.943931062100663,7.964321136474609,35880930.0
2007-07-23,8.049958075980724,8.19880472578895,8.029568004040765,8.162102699279785,40111904.0
2007-07-24,8.054034370955602,8.221231996186404,7.992864168976777,8.090736389160156,54933422.0
2007-07-25,8.178411464896568,8.48222233702005,8.135592793941075,8.257932662963867,38883894.0
2007-07-26,8.208997686930184,8.392507263935418,8.074424477712462,8.149867057800293,63290907.0
2007-07-27,8.125399832833155,8.215115831146584,7.998982326718275,8.001021385192871,41500912.0
2007-07-30,8.039763475436716,8.15598570376543,7.917423556002642,8.109088897705078,35276259.0
2007-07-31,8.113164855694247,8.176373599860687,7.976552076422465,7.984708309173584,36362998.0
2007-08-01,7.980629282462287,8.221230912383753,7.9316934362786435,8.202879905700684,47151744.0
2007-08-02,8.170262777562987,8.335421459636118,8.135599793432672,8.278329849243164,27348412.0
2007-08-03,8.21919279480987,8.32725927440367,8.033644163708464,8.043839454650879,33831510.0
2007-08-06,8.047916339358798,8.233464953935062,8.02548773111037,8.208996772766113,31319485.0
2007-08-07,8.184529044141495,8.308907977218029,8.115203132090343,8.249776840209961,32171082.0
2007-08-08,8.23958172140003,8.294634740128522,8.054033115979067,8.227347373962402,35595740.0
2007-08-09,8.11724594415764,8.19676666802874,7.952087319612327,8.00306224822998,45078096.0
2007-08-10,7.962280139326742,8.011215996963674,7.786926778189502,7.9255781173706055,33599016.0
2007-08-13,7.992865767932527,8.074426053553585,7.880721147574264,7.968398094177246,24515978.0
2007-08-14,7.9704375933637825,8.047919251089922,7.801200866699219,7.801200866699219,26830595.0
2007-08-15,7.795084456209589,7.868488518571122,7.544287929692855,7.746148586273193,37803775.0
2007-08-16,7.6666261768648445,7.797121801345605,7.448453096679651,7.731873989105225,51081906.0
2007-08-17,7.894991985266523,7.976551734715365,7.697209528488872,7.962278842926025,47029672.0
2007-08-20,8.084620285842616,8.121322308910836,7.817511861721563,7.880720615386963,24161279.0
2007-08-21,7.819550884284152,8.013255261378676,7.782848861384583,7.901110649108887,24335385.0
2007-08-22,8.009175182583574,8.131515057310738,7.850133808860529,8.111124992370605,25892938.0
2007-08-23,8.064231709220394,8.19880547544959,8.064231709220394,8.176376342773438,24725568.0
2007-08-24,8.186567658891871,8.245698277784827,8.147826588981143,8.229386329650879,20510349.0
2007-08-27,8.17433728390162,8.235507505314617,8.155986268969105,8.176376342773438,16093485.0
2007-08-28,8.105011890837806,8.139674347062602,7.909267902374268,7.909267902374268,26298744.0
2007-08-29,8.033645414642457,8.20492118000784,7.972475204204099,8.196764945983887,23882047.0
2007-08-30,8.133555277351368,8.196764024274254,8.068307472151782,8.107048034667969,19794462.0
2007-08-31,8.176374298500564,8.215115377551292,8.04384013919349,8.129477500915527,22798883.0
2007-09-04,8.13763211433634,8.239581922658443,8.117242049689194,8.213074684143066,23516623.0
2007-09-05,8.176374709898498,8.176374709898498,8.017333298796787,8.100932121276855,28236683.0
2007-09-06,8.125401602592085,8.174337471899625,8.039764217489292,8.102972984313965,33499716.0
2007-09-07,8.037721230876816,8.05199412141939,7.878679347158941,7.897030353546143,29796885.0
2007-09-10,7.9765558519034,8.025492241745429,7.85421642204011,7.907229900360107,21843087.0
2007-09-11,7.962279028096881,8.123359472640226,7.962279028096881,8.117242813110352,26563412.0
2007-09-12,8.119281873872385,8.182490616821365,8.060150732306743,8.127437591552734,24013123.0
2007-09-13,8.141709701347086,8.339492658696887,7.982668330182564,8.31298542022705,35582103.0
2007-09-14,8.270169979935357,8.302793890098672,8.180453969529328,8.245701789855957,24674196.0
2007-09-17,8.219197031244978,8.268132908250616,8.15191013599798,8.155987739562988,33163022.0
2007-09-18,8.202883049255464,8.32726151287796,8.168220080560777,8.325222969055176,32481030.0
2007-09-19,8.317065569625104,8.549511024259875,8.315026511173986,8.47814655303955,48773512.0
2007-09-20,8.504654599166164,8.651462711055002,8.502615540399503,8.569902420043945,38296568.0
2007-09-21,8.667773994356956,8.716710374042714,8.569902264813082,8.671852111816406,46060371.0
2007-09-24,8.675932331112337,8.74321922583894,8.6004891994909,8.618840217590332,41100402.0
2007-09-25,8.610681485793052,8.692241256540129,8.604564824808143,8.680007934570312,32391395.0
2007-09-26,8.720786431537528,8.757488454509534,8.708553110431872,8.733020782470703,25279132.0
2007-09-27,8.716709344387322,8.76156657148726,8.620876169979582,8.733020782470703,28901861.0
2007-09-28,8.671852837737452,8.726905368393192,8.582136820688527,8.626995086669922,32158901.0
2007-10-01,8.64942025924546,8.665731693152335,8.57193811616285,8.610678672790527,28386825.0
2007-10-02,8.63514743390878,8.655538014947043,8.592328758469417,8.647381782531738,21591660.0
2007-10-03,8.573980201811077,8.624955124239841,8.50873238348847,8.547472953796387,23617247.0
2007-10-04,8.549511292525137,8.594369035115987,8.529121737201693,8.561745643615723,19704430.0
2007-10-05,8.679287377348079,8.710218454306657,8.61123879974211,8.689598083496094,20079122.0
2007-10-08,8.660731928200402,8.701973727026967,8.615366366085528,8.646297454833984,11927916.0
2007-10-09,8.623609648953705,8.693719830801397,8.598864480674873,8.65660285949707,18937966.0
2007-10-10,8.648357670431697,8.699909647110255,8.598867835309418,8.60917854309082,21532742.0
2007-10-11,8.660728866979255,8.778267795866775,8.557625447841644,8.580307960510254,27083347.0
2007-10-12,8.646297388278153,8.732904748552922,8.607118252511729,8.720532417297363,19565410.0
2007-10-15,8.662789806330615,8.805073369432076,8.662789806330615,8.699907302856445,24938599.0
2007-10-16,8.697845929052175,8.809198428451552,8.605052700295417,8.623611450195312,33095498.0
2007-10-17,8.778270898633231,8.778270898633231,8.522572579097226,8.646297454833984,29785896.0
2007-10-18,8.631859791848628,8.732901588819821,8.60092871452973,8.621549606323242,27874437.0
2007-10-19,8.598864641295654,8.640106415616536,8.462767515076415,8.530816078186035,36766818.0
2007-10-22,8.450396268265175,8.555562337520781,8.417403052899811,8.489575386047363,26736326.0
2007-10-23,8.557625394959828,8.691659891084733,8.497824860242238,8.6648530960083,36657191.0
2007-10-24,8.640107846572544,8.640107846572544,8.318423724117954,8.5679349899292,39906022.0
2007-10-25,8.563812511423821,8.61330234678353,8.365853169984984,8.454522132873535,31291681.0
2007-10-26,8.51844636156931,8.559688148513752,8.39884580432177,8.54937744140625,26704815.0
2007-10-29,8.596804086016977,8.656604617737027,8.522569086845252,8.607114791870117,24277394.0
2007-10-30,8.592678504199526,8.609175109327293,8.530815844413445,8.539064407348633,24119573.0
2007-10-31,8.559686147894418,8.617424011230469,8.485450636299507,8.617424011230469,32640175.0
2007-11-01,8.588554777776412,8.63185817375685,8.336981403134125,8.343167304992676,31762760.0
2007-11-02,8.392656835153113,8.419464144761058,8.205007750867997,8.334918975830078,32275810.0
2007-11-05,8.244187048418066,8.328732213902375,8.223566162039369,8.256559371948242,27239446.0
2007-11-06,8.250372949811851,8.279242399039068,8.143145277979318,8.256559371948242,27526357.0
2007-11-07,8.124588156544467,8.188512448429544,7.959622074020817,7.971994400024414,35574026.0
2007-11-08,7.978180465172228,8.167891724310241,7.95549795382737,8.112215995788574,39192651.0
2007-11-09,7.988490999718523,8.229754220615083,7.988490999718523,8.083346366882324,39286125.0
2007-11-12,8.05241704580675,8.124589917835374,7.961685420378114,7.969933986663818,27039125.0
2007-11-13,8.02148338625575,8.242125693844805,8.015296963529297,8.21738052368164,30531175.0
2007-11-14,8.258623331917827,8.26893351700706,8.085408681368218,8.112215995788574,26977427.0
2007-11-15,8.095716164067522,8.256557903583161,8.091591883376733,8.118398666381836,27295981.0
2007-11-16,8.157584488408492,8.359668146860841,8.108094644751361,8.155522346496582,57061090.0
2007-11-19,8.143146264960848,8.143146264960848,7.724544147484719,7.784344673156738,65699263.0
2007-11-20,7.88538785738417,7.9204432184847295,7.77197320876812,7.842083930969238,42477892.0
2007-11-21,7.761663759260828,7.856519665661818,7.722484111785889,7.722484111785889,23896346.0
2007-11-23,7.75753897478947,7.817339512898681,7.708049143635006,7.75960111618042,15750701.0
2007-11-26,7.7595993348681045,7.823523620341827,7.475032740870039,7.4956536293029785,40538100.0
2007-11-27,7.5410176424745785,7.637935121547318,7.475031229425689,7.574010848999023,38510261.0
2007-11-28,7.728670478640035,7.765787984313538,7.644125280491638,7.732794761657715,54842993.0
2007-11-29,7.743104271653339,7.887449998712762,7.7327940857531345,7.842083930969238,30700780.0
2007-11-30,7.992614572367485,7.992614572367485,7.78228295253064,7.879200458526611,39092292.0
2007-12-03,7.936940590156793,7.990554707617801,7.8544575328101685,7.893637180328369,23345298.0
2007-12-04,7.837959412974812,7.976118702721076,7.798779772996488,7.807027816772461,25645483.0
2007-12-05,7.815275272303571,7.939000077328299,7.776095637884837,7.922503471374512,30340122.0
2007-12-06,7.920441589628875,8.013234805875872,7.815275527954824,8.004986763000488,29824159.0
2007-12-07,8.00499130239509,8.079226334083307,7.9286941286329835,7.932818412780762,33547115.0
2007-12-10,7.939002902334536,7.939002902334536,7.790532875176394,7.815278053283691,41991057.0
2007-12-11,8.174080400363165,8.390598512845306,8.054479824952892,8.136962890625,75380484.0
2007-12-12,8.46895491780638,8.66072831712739,8.405030624946948,8.60092830657959,82410394.0
2007-12-13,8.596806630950702,8.633924141524552,8.512261421640432,8.619489669799805,37947561.0
2007-12-14,8.627736987580374,8.627736987580374,8.466895149667065,8.483391761779785,26404532.0
2007-12-17,8.462767592654215,8.483388480003686,8.339042789300013,8.351415634155273,31110690.0
2007-12-18,8.427718415618235,8.483394696034656,8.355546038126219,8.372042655944824,31863384.0
2007-12-19,8.390597817498973,8.40503228770252,8.17201758139637,8.235941886901855,33789936.0
2007-12-20,8.30398684616785,8.334918435362471,8.198820796836882,8.301924705505371,23471607.0
2007-12-21,8.374101912733202,8.592682688032776,8.33079849846658,8.553503036499023,52358904.0
2007-12-24,8.561751440822839,8.59886895217125,8.481330513396538,8.55762767791748,10147268.0
2007-12-26,8.553501960024661,8.75970933820258,8.475142666818822,8.7225923538208,27227133.0
2007-12-27,8.712280783081926,8.763832752703541,8.638046300931869,8.6648530960083,24640567.0
2007-12-28,8.712283713434399,8.823635734483803,8.668980294343775,8.751463890075684,27189532.0
2007-12-31,8.741150307100034,8.741150307100034,8.547314754030728,8.569997787475586,20194178.0
2008-01-02,8.559688749034294,8.644233428790496,8.40297067669047,8.454522132873535,26868991.0
2008-01-03,8.497825124353117,8.60505334947697,8.454521197738854,8.534942626953125,24634609.0
2008-01-04,8.460706013669876,8.613299757000599,8.421526377178457,8.43183708190918,27351457.0
2008-01-07,8.46689527293647,8.648358008818299,8.450398660583579,8.543191909790039,35447982.0
2008-01-08,8.620391005172232,8.741540194960631,7.757725304564665,8.179658889770508,96360720.0
2008-01-09,8.188015516944274,8.198459733200846,7.920652020546771,8.146240234375,74335053.0
2008-01-10,8.087755451822924,8.28618978892689,7.972872747701101,8.229792594909668,47312213.0
2008-01-11,8.137885679365713,8.160862429954054,7.912297442862028,7.9791388511657715,39484328.0
2008-01-14,8.027177877645867,8.100284735946186,7.9854020779152215,8.043888092041016,28799251.0
2008-01-15,7.91856197028746,7.958248931041699,7.824566675734153,7.860075950622559,38172641.0
2008-01-16,7.853811564406161,8.114908544944603,7.843367347593777,7.910208225250244,47949322.0
2008-01-17,7.937363493379484,7.993760687620169,7.749373373396291,7.791148662567139,39989964.0
2008-01-18,7.812034340358356,7.895585422329816,7.39636724600044,7.542582035064697,64356595.0
2008-01-22,7.17495725077474,7.530050033447269,7.018298763269619,7.511250972747803,66336769.0
2008-01-23,7.381749463156537,7.732664705611366,6.959815634610333,7.663734436035156,76524022.0
2008-01-24,7.636577262810006,7.778614374429117,7.310727759821571,7.467386245727539,59372132.0
2008-01-25,7.523784799217677,7.571826617059414,7.337883530838772,7.365037441253662,54177948.0
2008-01-28,7.362945616669476,7.615687664496074,7.239707592981717,7.603155136108398,52994556.0
2008-01-29,7.66582220949725,7.926919760874841,7.657467362145775,7.914387226104736,43894042.0
2008-01-30,7.893495884151814,7.968692115046275,7.749370478251505,7.8015899658203125,34712897.0
2008-01-31,7.688795030864969,8.03971004486084,7.6386643899349185,8.03971004486084,50640352.0
2008-02-01,8.058508962893873,8.083574019186125,7.924826728555002,7.995845794677734,37395321.0
2008-02-04,7.997937670323326,8.041801799212019,7.924829733870759,7.970783233642578,27687223.0
2008-02-05,7.920650682128868,7.941538056141159,7.653286703424399,7.672085762023926,41224064.0
2008-02-06,7.741014530829364,7.753547586702555,7.58435607978413,7.603155136108398,30728319.0
2008-02-07,7.561380570863979,7.755636625189463,7.51960476902817,7.728482723236084,36746428.0
2008-02-08,7.701329390856807,7.72848382416392,7.519605840201194,7.596890926361084,36829046.0
2008-02-11,7.6094233000128355,7.7284836640066,7.473652718747765,7.701329231262207,32946813.0
2008-02-12,7.678354399715538,7.895587263497754,7.678354399715538,7.835012912750244,34747321.0
2008-02-13,7.878872533511045,8.108638326612803,7.835008428161338,8.077306747436523,47657115.0
2008-02-14,8.094019147692274,8.108640520097433,7.845454234347869,7.903939723968506,33418025.0
2008-02-15,7.887230229425643,7.933183721167266,7.83501126355804,7.912295818328857,30312186.0
2008-02-19,7.987492107370343,7.987492107370343,7.456941798399562,7.496628761291504,72829930.0
2008-02-20,7.250154618333146,7.319084874930209,6.882529748063365,7.1770477294921875,172969346.0
2008-02-21,7.310728708587996,7.335794301679575,7.1478036722069955,7.200023174285889,56371418.0
2008-02-22,7.216733302133809,7.32117283244997,7.066341327952789,7.306551456451416,52689242.0
2008-02-25,7.258506966456708,7.425609110545389,7.218820009428569,7.415165424346924,32104352.0
2008-02-26,7.385923515829088,7.454853223992443,7.304461277313923,7.429787635803223,33934385.0
2008-02-27,7.3692116048192355,7.4799165645247845,7.331613494924717,7.352501392364502,34915734.0
2008-02-28,7.220910217214745,7.636577340763388,7.018298763269619,7.511250972747803,52691493.0
2008-02-29,7.440230842452943,7.452763899480565,7.275217533111572,7.275217533111572,44711877.0
2008-03-03,7.258507285246743,7.37547879124615,7.229264540618282,7.3232598304748535,28911791.0
2008-03-04,7.258506137629384,7.310725617630001,7.154067177628149,7.283571720123291,29419677.0
2008-03-05,7.350415351853499,7.4444101349351675,7.277307946688415,7.404723167419434,28765754.0
2008-03-06,7.3545921292354945,7.433965526968917,7.277307047047024,7.314905166625977,27874304.0
2008-03-07,7.24597622260811,7.417256094366145,7.227177160831188,7.312817096710205,33284036.0
2008-03-10,7.323260328716125,7.362946762701816,7.156157638433932,7.237619876861572,29748824.0
2008-03-11,7.365039030260396,7.565561718855133,7.316997202053638,7.538407802581787,41435242.0
2008-03-12,7.519606321186031,7.561382131644984,7.354592977593081,7.377569198608398,33380291.0
2008-03-13,7.262684651930311,7.498716496391265,7.237619066574238,7.415165424346924,32958994.0
2008-03-14,7.456945817005568,7.479922575402038,7.237624036354199,7.31699800491333,34802796.0
2008-03-17,7.1582463301350785,7.567646884077998,7.1582463301350785,7.475740432739258,49941942.0
2008-03-18,7.5551153262916895,7.74310541152954,7.492452140374291,7.743105411529541,46004101.0
2008-03-19,7.661641196393023,7.793234600558671,7.523782318790651,7.530048847198486,41809934.0
2008-03-20,7.56973593136108,7.72848325069159,7.362946805880517,7.6971516609191895,44055570.0
2008-03-24,7.7138615471579435,7.991669212225284,7.707595018477419,7.943626880645752,28205702.0
2008-03-25,7.9310951878821765,7.995847741958705,7.816212509012626,7.937361717224121,32474940.0
2008-03-26,7.887229919433594,7.968692684553096,7.799501680434366,7.887229919433594,38785388.0
2008-03-27,7.920651839062787,7.9791378663025,7.85381096649492,7.8663434982299805,21395443.0
2008-03-28,7.889319718496648,8.018824304711135,7.845455593681107,7.8663434982299805,22896859.0
2008-03-31,7.87678486786036,8.091929324650268,7.872607182683352,8.000022888183594,38834906.0
2008-04-01,8.083577823758656,8.265301941091545,8.079400664067618,8.246502876281738,31139686.0
2008-04-02,8.27156620647788,8.273654522008584,8.041800331996381,8.087753295898438,30374678.0
2008-04-03,8.041802405897215,8.200549768705878,8.006293120433623,8.148329734802246,24665193.0
2008-04-04,8.144148345498953,8.144148345498953,8.000022434941647,8.037620544433594,28563579.0
2008-04-07,8.112820449338653,8.196372081595868,8.052246096186494,8.148329734802246,24696042.0
2008-04-08,8.186359159602585,8.256237541373247,8.0614250020815,8.216004371643066,26375272.0
2008-04-09,8.203299656829838,8.24988506813028,7.991546912244518,8.086835861206055,28215102.0
2008-04-10,8.072010382822297,8.171534486199368,8.048717951288577,8.088951110839844,23830941.0
2008-04-11,8.00848706608306,8.078365450019525,7.879318256227992,7.898375511169434,24241381.0
2008-04-14,7.879321056864308,8.00213713556257,7.839087871586608,7.877203464508057,22496614.0
2008-04-15,7.900491323026458,7.989427476615038,7.8581411047313265,7.904726505279541,20632951.0
2008-04-16,7.955549942590653,8.023310743972125,7.856026332404795,7.964019775390625,34188725.0
2008-04-17,7.925901175450195,8.046600115689847,7.896255971811035,7.9555463790893555,24562716.0
2008-04-18,8.019074538500993,8.067778076190928,7.92802130746149,7.942843914031982,33610402.0
2008-04-21,7.9322577756779475,8.021193970248992,7.851791949516278,7.9597859382629395,33138396.0
2008-04-22,8.027545928553794,8.055073553588256,7.841203724735969,8.006370544433594,35199599.0
2008-04-23,8.027545189458563,8.254120548769457,8.019074822692179,8.158831596374512,36434494.0
2008-04-24,8.160948323466398,8.262589505422529,8.10589308429915,8.18424129486084,25597157.0
2008-04-25,8.209653841970402,8.256239799053397,8.07836740868038,8.169421195983887,21386440.0
2008-04-28,8.173652625452558,8.24776564177447,8.091068709808482,8.110126495361328,34996100.0
2008-04-29,8.116480670594667,8.213886671580916,8.067777670101542,8.171536445617676,20353058.0
2008-04-30,8.171536116498547,8.338820491594614,8.163065750799857,8.196946144104004,31032044.0
2008-05-01,8.319759306174973,8.472221013786465,8.298583935320437,8.457398414611816,32321091.0
2008-05-02,8.47434096611483,8.518809310777034,8.370582208230015,8.497633934020996,28848371.0
2008-05-05,8.482816186584783,8.491286021288492,8.34305936863644,8.438347816467285,23980023.0
2008-05-06,8.372700776068008,8.42352136536365,8.26682441468243,8.376935958862305,32202990.0
2008-05-07,8.30493966444353,8.357877843058954,8.199063307212684,8.22023868560791,32703594.0
2008-05-08,8.235061995372481,8.323998164453354,8.163066023509616,8.22870922088623,26637291.0
2008-05-09,8.16518367108779,8.228709277405315,8.110127896064782,8.171536445617676,20250712.0
2008-05-12,8.175771312335009,8.313411020942697,8.163066297681114,8.281647682189941,19695559.0
2008-05-13,8.285882604219953,8.38964137923872,8.27952982972052,8.313410758972168,17313021.0
2008-05-14,8.334586951126559,8.520929139063563,8.31341156881101,8.387524604797363,32110840.0
2008-05-15,8.40870025897352,8.465873632650355,8.328234445267356,8.440463066101074,27978768.0
2008-05-16,8.438343148071043,8.51669188314912,8.395992928491077,8.484929084777832,33449271.0
2008-05-19,8.491283938909325,8.618335706271504,8.434111098129947,8.578103065490723,26341907.0
2008-05-20,8.525163064122891,8.55904399379922,8.311293271650497,8.336703300476074,32488312.0
2008-05-21,8.338823312973904,8.372703717741237,8.19694891748114,8.235064506530762,24065289.0
2008-05-22,8.230826909195775,8.349408825861962,8.190594274545605,8.296470642089844,21637073.0
2008-05-23,8.266825564173656,8.334586894068604,8.12071655016191,8.158831596374512,19330532.0
2008-05-27,8.177887496834792,8.298586452143002,8.112244308547833,8.222355842590332,22762340.0
2008-05-28,8.28376528802,8.372701460241093,8.260472315493297,8.366349220275879,29254442.0
2008-05-29,8.33458511205661,8.584452857060255,8.315527325652353,8.512456893920898,32337906.0
2008-05-30,8.523044289862868,8.523044289862868,8.427755364105291,8.448930740356445,34015281.0
2008-06-02,8.400225933373225,8.451046504542669,8.256234047687242,8.332465171813965,26015673.0
2008-06-03,8.345171687968458,8.36211188141749,8.156711969004826,8.211767196655273,32059998.0
2008-06-04,8.158832366356144,8.203300726585567,8.07413136442561,8.152480125427246,29121380.0
2008-06-05,8.173652663610076,8.398110374258367,8.16306470783949,8.355759620666504,29828661.0
2008-06-06,8.307056135792372,8.328231511332714,8.074128074339034,8.091068267822266,35726419.0
2008-06-09,8.13342008944713,8.207533111475481,7.822143792692218,7.95343017578125,41603920.0
2008-06-10,7.834849034727264,7.964017830283369,7.739560096841757,7.881434440612793,45022620.0
2008-06-11,7.858137933777635,7.875078121208948,7.608269768106999,7.652738094329834,46978036.0
2008-06-12,7.701441909370945,7.781907674791414,7.633681152228429,7.705676555633545,33002554.0
2008-06-13,7.741676482906716,7.792497063618282,7.629447901031463,7.767086505889893,27260763.0
2008-06-16,7.612507031802169,7.695090401285509,7.5447457287891195,7.659092426300049,35864777.0
2008-06-17,7.682391181405429,7.688743424002721,7.5468690079767455,7.557456970214844,26771942.0
2008-06-18,7.523572937881169,7.540513135763754,7.447342314782209,7.464282512664795,31676435.0
2008-06-19,7.457925434359653,7.521451540820841,7.3647546671419715,7.443102836608887,36175652.0
2008-06-20,7.440988820517706,7.536277758608837,7.286409462943469,7.290644645690918,57441740.0
2008-06-23,7.307584628903638,7.347817794340932,7.252528859027678,7.280056476593018,37677730.0
2008-06-24,7.239821836691097,7.337227801538763,7.18476608209432,7.2567620277404785,33039361.0
2008-06-25,7.388051405621661,7.464282023727238,7.284292098798921,7.29911470413208,47357494.0
2008-06-26,7.364762227587523,7.364762227587523,7.087365627288818,7.087365627288818,48514140.0
2008-06-27,7.093716824613698,7.095834416672363,6.9370198249816895,6.9370198249816895,58425207.0
2008-06-30,6.93490060161868,7.1657111300282805,6.909490572382865,7.13394832611084,44297598.0
2008-07-01,7.074656915944008,7.112772492114833,6.977250918836621,7.051363945007324,44945828.0
2008-07-02,7.087363204094918,7.095833571320474,6.953959198255652,6.964547157287598,35188478.0
2008-07-03,6.977250680482859,6.98572051115075,6.803613536965538,6.89890193939209,29696790.0
2008-07-07,6.922193961302477,7.030187897055348,6.805729661296729,6.920076370239258,34375409.0
2008-07-08,6.967345311316863,7.109404236749996,6.941516168713566,7.094337463378906,37776103.0
2008-07-09,7.113709207373324,7.156757053778913,6.909230170396268,6.913535118103027,27377804.0
2008-07-10,7.016849133252459,7.096488474944552,6.986715592719505,7.053440093994141,36769466.0
2008-07-11,6.9953249115283835,7.092183496457186,6.941514707357691,7.01254415512085,36617736.0
2008-07-14,7.08357259537526,7.09863990698527,6.930751898172311,6.967342853546143,26333168.0
2008-07-15,6.818829848044835,6.995327290786584,6.782238875021248,6.8769450187683105,36175520.0
2008-07-16,6.913535126308291,6.984564589338116,6.797305342965853,6.870486736297607,41235980.0
2008-07-17,6.907077069894049,6.917838894630571,6.745646437522478,6.833895683288574,43017687.0
2008-07-18,6.887705975416472,6.913535118103027,6.773628666065359,6.913535118103027,37646484.0
2008-07-21,6.930756517179048,6.984566749558084,6.825288526942637,6.851117134094238,24796004.0
2008-07-22,6.79300009668092,6.855419661543476,6.709055794205096,6.848962783813477,42946720.0
2008-07-23,7.057745781708176,7.223480815591849,6.922143747966872,7.115860939025879,54580708.0
2008-07-24,7.064206419667683,7.064206419667683,6.793002772231601,6.823136329650879,45581083.0
2008-07-25,6.866183559108142,6.904926464776206,6.734886435311721,6.7585625648498535,27984329.0
2008-07-28,6.777932213522507,6.780084143377318,6.586367515686982,6.592824935913086,36507446.0
2008-07-29,6.603587565931959,6.6939887423691165,6.5777589689807465,6.6078925132751465,38198592.0
2008-07-30,6.655246288840168,6.691837259567427,6.571302520988118,6.6530938148498535,31400911.0
2008-07-31,6.6401734849094,6.8188232283437005,6.6229542521767035,6.631564140319824,56340437.0
2008-08-01,6.674615204341815,6.816674623084415,6.495965373813257,6.5519280433654785,47764094.0
2008-08-04,6.558387045864878,6.575606291149048,6.396956417493065,6.493814468383789,31201384.0
2008-08-05,6.5325582503841595,6.704750712299251,6.485205459246002,6.683227062225342,35958251.0
2008-08-06,6.65094003278305,6.756407967621787,6.554081447954676,6.644482612609863,33039626.0
2008-08-07,6.584216782001678,6.663855594822342,6.491662582828547,6.523949146270752,41129133.0
2008-08-08,6.54762332576438,6.706901447640679,6.526099681269232,6.666006088256836,48641112.0
2008-08-11,6.66600656313665,6.861875655583584,6.663854089823029,6.853265762329102,35465458.0
2008-08-12,6.874790813671148,6.8769432872545835,6.780084693769702,6.812371253967285,31203370.0
2008-08-13,6.7843875713975175,6.803759284185262,6.6380237608028985,6.737034797668457,29115952.0
2008-08-14,6.7047524725574865,6.7757824932438195,6.592827614705034,6.698295593261719,32672745.0
2008-08-15,6.711205335090145,6.87048343183609,6.706900389448803,6.814521312713623,29060741.0
2008-08-18,6.838201937534757,6.926450663627863,6.717667184941216,6.7585625648498535,24495589.0
2008-08-19,6.730579463327771,6.741341287741081,6.588520554591614,6.629416465759277,23392962.0
2008-08-20,6.663855229084617,6.674617053938709,6.541168034110547,6.605740070343018,27762691.0
2008-08-21,6.556233242687039,6.6423294516479805,6.526099705439167,6.620805263519287,20913242.0
2008-08-22,6.650941282312449,6.773628483775359,6.620807192730094,6.7090559005737305,23926136.0
2008-08-25,6.678922397114983,6.687531748797681,6.54547336937823,6.569149494171143,21112901.0
2008-08-26,6.564844374033336,6.610044688433666,6.5110336217815235,6.590672969818115,25467140.0
2008-08-27,6.610046214867728,6.75425762922242,6.564845890029449,6.715514183044434,25053125.0
2008-08-28,6.758561147714653,6.973802003991323,6.758561147714653,6.937211036682129,36885978.0
2008-08-29,6.889858307603595,7.062051320347402,6.8855533599853525,6.885553359985352,41477213.0
2008-09-02,7.001780190607396,7.135229151752673,6.904921635297338,6.941512584686279,38767779.0
2008-09-03,6.9135354082967995,7.034070144267465,6.909230460409341,6.978107452392578,25864472.0
2008-09-04,6.941514010659806,7.016848397648478,6.784388360704523,6.797303199768066,39631424.0
2008-09-05,6.749947744272255,6.831739524949885,6.6767658535832854,6.780081272125244,30260417.0
2008-09-08,6.915688020832094,7.03407028523143,6.793000808459026,7.006089210510254,39227604.0
2008-09-09,6.967345765854752,7.124471474909591,6.943669095553269,7.006089210510254,52445891.0
2008-09-10,6.993171338647222,6.993171338647222,6.777931099359069,6.7908453941345215,40125541.0
2008-09-11,6.726272803322791,6.803759658739505,6.5971287690333345,6.79299783706665,36762449.0
2008-09-12,6.754254469279174,6.795150370395673,6.605738176264166,6.788692951202393,30948632.0
2008-09-15,6.614348717035487,6.6982924570094955,6.448613166809082,6.448613166809082,47788191.0
2008-09-16,6.364671488599069,6.5196447226499705,6.2592029817050285,6.431396007537842,56462774.0
2008-09-17,6.330228225792243,6.379733459228127,6.080549042707162,6.1989312171936035,71190421.0
2008-09-18,6.216154634971801,6.388347103457228,5.921274964746258,6.259202480316162,73322458.0
2008-09-19,6.5992861989246885,6.711211076474145,6.295796511990904,6.549780368804932,58498557.0
2008-09-22,6.556235813494423,6.564845709543513,6.220460195106719,6.287184715270996,36419003.0
2008-09-23,6.304400154601094,6.442154059721198,6.166646249480989,6.188170433044434,35471284.0
2008-09-24,6.244133496043796,6.2785719775452415,6.0848559267649565,6.237676620483398,31216080.0
2008-09-25,6.2936411791728295,6.575606534989843,6.254897739958255,6.472290515899658,43386024.0
2008-09-26,6.37112813109706,6.478748564425579,6.330232757791112,6.457224369049072,32617667.0
2008-09-29,6.377586923164728,6.457225756550034,5.932038320415731,5.972934246063232,56064912.0
2008-09-30,6.102076626601838,6.246287462650712,6.009522438049316,6.009522438049316,60833431.0
2008-10-01,6.0590273768550755,6.132209292975582,5.822262386086014,6.046112537384033,49931482.0
2008-10-02,6.069788470227761,6.153732742488035,5.951406260844055,6.020283222198486,43042048.0
2008-10-03,6.08055195343503,6.321621362510623,5.996607665736559,6.052570343017578,56237827.0
2008-10-06,5.914816857201912,5.987998783707308,5.596260555680735,5.781367301940918,70641490.0
2008-10-07,5.897598238152064,5.983694471543031,5.535993514356018,5.5402984619140625,57608829.0
2008-10-08,5.498457157251329,5.7423931719060315,5.263311354624755,5.434725761413574,86984946.0
2008-10-09,5.454502970932785,5.5424078425277,4.9490495430326344,5.054535388946533,79260730.0
2008-10-10,4.865538845681449,5.454502238768952,4.593033502829646,4.927072525024414,106080204.0
2008-10-13,5.113869721883326,5.742389765563378,5.056731435190169,5.729204177856445,67802437.0
2008-10-14,6.056652017936327,6.265426572984475,5.724810643003513,5.863260746002197,65749046.0
2008-10-15,5.713822106789859,5.740193842747283,5.399561741073855,5.410549640655518,63239404.0
2008-10-16,5.474280881493257,5.6588813638718705,5.254518455325616,5.595149993896484,67783372.0
2008-10-17,5.472084989941011,5.878645168056465,5.384180101563956,5.5577921867370605,56262850.0
2008-10-20,5.643496850644413,5.951164654336966,5.557789692315062,5.9313859939575195,46544161.0
2008-10-21,5.885237009182231,5.97094474298552,5.586360451348407,5.654486656188965,43610044.0
2008-10-22,5.494060234928597,5.570977204751329,5.054535327338708,5.225950241088867,63860095.0
2008-10-23,5.2435320621723385,5.669870891820107,5.241334370682698,5.551199436187744,72686144.0
2008-10-24,5.080905944872139,5.630311403159816,5.078708254222413,5.42373514175415,61552760.0
2008-10-27,5.403958094900435,5.603941899059257,5.274298192647236,5.3600053787231445,45181500.0
2008-10-28,5.513838002436481,6.115986406227072,5.476478369175122,6.067638874053955,67624492.0
2008-10-29,6.050059283579936,6.153347443829504,5.790740037316816,5.911609172821045,61982663.0
2008-10-30,6.1071988018894725,6.153348662961696,5.812716991800277,5.955563068389893,41980730.0
2008-10-31,5.920398634716196,6.219275731244589,5.8830389976501465,5.8830389976501465,57706937.0
2008-11-03,5.905014518915696,6.19949619186296,5.900619137535015,6.111591339111328,34363626.0
2008-11-04,6.274217738246913,6.573094346345278,6.247846550312768,6.4346442222595215,52224783.0
2008-11-05,6.329158851543595,6.3511352131751995,5.933586562065281,5.966550827026367,45010174.0
2008-11-06,5.916006743141491,6.0632476734642875,5.654489153917144,5.71162748336792,47067803.0
2008-11-07,5.7621697894138935,5.977536844518211,5.7621697894138935,5.933584690093994,38001051.0
2008-11-10,6.105001957485435,6.175325882197225,5.9269944536871275,6.0368757247924805,32585758.0
2008-11-11,5.995118476593779,6.175323034333547,5.913806129286498,6.006106376647949,35242762.0
2008-11-12,5.90721222199799,5.988524557821572,5.713821545538711,5.753378868103027,37803378.0
2008-11-13,5.740193690830949,6.315970935109954,5.658881349172268,6.3005876541137695,60531162.0
2008-11-14,6.157741630549905,6.3709109834866515,5.8390864465705885,6.076429843902588,51582908.0
2008-11-17,6.003908672850882,6.050058518947044,5.803924896489229,5.8830389976501465,42321925.0
2008-11-18,5.83469210378124,5.992921433491537,5.603941737917106,5.83908748626709,60278940.0
2008-11-19,5.823704194859474,5.909411378357839,5.518234547028862,5.544605731964111,46951556.0
2008-11-20,5.474281730869239,5.8632608637599475,5.307262194470802,5.386376857757568,75617877.0
2008-11-21,5.505048198923277,5.5709767071844105,5.124858766035204,5.5358147621154785,76601212.0
2008-11-24,5.663277543590232,6.098407673135114,5.658882715795996,5.9203996658325195,72801596.0
2008-11-25,6.072036126860163,6.131372131203356,5.621523253082415,5.997316837310791,57180250.0
2008-11-26,5.854469944192422,6.300587884238096,5.799529335786562,6.239054203033447,52247688.0
2008-11-28,6.195101571894757,6.311575862963756,6.175322908223182,6.276413917541504,21242786.0
2008-12-01,6.153345863002427,6.168729697999043,5.911607654097791,5.924793243408203,48845935.0
2008-12-02,6.008306455812224,6.208290312088783,5.977539324480886,6.162139892578125,48947618.0
2008-12-03,6.0236884687200165,6.454422666441294,5.999514418143131,6.39069128036499,56509644.0
2008-12-04,6.2170793480104,6.513758815944855,6.076431534163437,6.190708160400391,59557492.0
2008-12-05,6.072036519152073,6.3379488776901205,5.926993313590843,6.186313152313232,67790786.0
2008-12-08,6.351133246674529,6.735717513744578,6.337947100794806,6.588476657867432,60746312.0
2008-12-09,6.555511608229775,6.632428569823364,6.320365896622409,6.408271312713623,52378234.0
2008-12-10,6.452224558287589,6.522548459089954,6.0720356227169585,6.170928955078125,58920780.0
2008-12-11,6.076429746819252,6.265425607313589,6.0456631853331695,6.14016056060791,51555236.0
2008-12-12,6.025884025172061,6.256634327200754,5.995117466227538,6.192903518676758,43438586.0
2008-12-15,6.076429546777366,6.140160358467945,5.839086161050981,5.96215295791626,56403724.0
2008-12-16,5.988527941872515,6.24125474499139,5.946772905017939,6.203895092010498,59227286.0
2008-12-17,6.155543023108187,6.30717922951029,6.052254898297328,6.179717063903809,40246687.0
2008-12-18,6.241254067347447,6.340146863931789,6.043467919206114,6.09181547164917,43926745.0
2008-12-19,6.153345332583826,6.25443632184268,6.043464691172236,6.179717063903809,64421471.0
2008-12-22,6.184115358948844,6.2961942986694925,6.050060058601529,6.181917667388916,32508437.0
2008-12-23,6.212685185215789,6.274218332875561,6.067641417941316,6.09181547164917,28572979.0
2008-12-24,6.104996544470864,6.168727891591279,6.087415578881135,6.1159844398498535,9031534.0
2008-12-26,6.148951323873892,6.18191557617647,6.104998617488837,6.14016056060791,10850312.0
2008-12-29,6.157740558469707,6.170926701283611,6.003907220391892,6.1225786209106445,22643048.0
2008-12-30,6.131373477985556,6.203895092010498,6.036875499564905,6.203895092010498,27294128.0
2008-12-31,6.195103547212661,6.346739832053365,6.1203842506229025,6.263230323791504,27492463.0
2009-01-02,6.315969347715183,6.474198054587113,6.247843168294639,6.465407848358154,28968855.0
2009-01-05,6.3291574482635555,6.348936113849475,6.166533296202403,6.247845649719238,42917063.0
2009-01-06,6.265425393336603,6.307179852506735,6.15334594038521,6.219274997711182,38059836.0
2009-01-07,6.195265414135391,6.195265414135391,6.04962634725287,6.096678733825684,40425295.0
2009-01-08,6.031701497807585,6.128047506650853,6.009295357128187,6.089957237243652,28374909.0
2009-01-09,6.085476582170495,6.148213669982164,5.9577623014699395,5.977927207946777,40966678.0
2009-01-12,5.989130644152355,6.0384237072171585,5.762829669754223,5.8121232986450195,45414656.0
2009-01-13,5.798681670390503,5.832291182466129,5.670967335147054,5.823328495025635,41833104.0
2009-01-14,5.738180615448494,5.769549430450574,5.603744938506732,5.693368911743164,46823790.0
2009-01-15,5.664242291745558,5.677685748550944,5.355038824440588,5.628392696380615,57215866.0
2009-01-16,5.796438827825022,5.814363630167133,5.574619186656644,5.653040409088135,44140306.0
2009-01-20,5.641836670643963,5.769550936573503,5.574618248800155,5.605987071990967,45425910.0
2009-01-21,5.650801022453371,5.782996681958314,5.628395438802617,5.778515338897705,50357810.0
2009-01-22,5.641838459436762,5.803161704524151,5.594785492644961,5.715778350830078,39944286.0
2009-01-23,5.61718915669073,5.8972644647718315,5.547730638717855,5.852452754974365,45169054.0
2009-01-26,5.8054011028818335,6.074273119069762,5.8054011028818335,6.011536598205566,47786205.0
2009-01-27,5.83004811346206,5.9286342398144205,5.758348340897622,5.809882640838623,45933002.0
2009-01-28,5.657520175129895,5.910708008410605,5.549971391036807,5.8053998947143555,74461098.0
2009-01-29,5.72249762724762,5.72249762724762,5.4513849836409936,5.536527633666992,58885032.0
2009-01-30,5.549972161878515,5.590303102971497,5.433460680015667,5.51636266708374,50411697.0
2009-02-02,5.594783243798033,5.700091925998643,5.484993786515637,5.637354850769043,35807977.0
2009-02-03,5.70009288367822,5.735941919484911,5.552212569661048,5.684408187866211,41609480.0
2009-02-04,5.718016259849879,5.812122157283809,5.46706908611234,5.525324821472168,47171737.0
2009-02-05,5.5051606646515365,5.711296175110742,5.469311059860893,5.635115623474121,39370861.0
2009-02-06,5.641836934125968,5.910708936580155,5.637355592628578,5.843491077423096,40836264.0
2009-02-09,5.852453347874119,5.877099592720538,5.758347446366315,5.800919055938721,29465752.0
2009-02-10,5.758350230551705,5.823328011622705,5.467071966134718,5.5029215812683105,50484385.0
2009-02-11,5.574619828918438,5.574619828918438,5.411055917973937,5.476033687591553,34614656.0
2009-02-12,5.415538796520553,5.469313224994164,5.269899648676245,5.442425727844238,53648877.0
2009-02-13,5.446905596987479,5.545492305411018,5.411055987710935,5.420018672943115,31137302.0
2009-02-17,5.2923031697181715,5.343837471981067,5.151145420820204,5.20267915725708,50460288.0
2009-02-18,5.231806332985338,5.243009120255555,5.097370056613166,5.144423007965088,37765511.0
2009-02-19,5.2116398788726945,5.294541846996112,5.1780309575841255,5.195955753326416,37104570.0
2009-02-20,5.182514599140578,5.364003307344967,5.130980859227465,5.283341407775879,52848652.0
2009-02-23,5.332633712605623,5.366243209828934,5.048077565337285,5.081686496734619,48201544.0
2009-02-24,5.083927514186958,5.2452507353875015,4.996543607605567,5.2094011306762695,52269931.0
2009-02-25,5.256452036010396,5.404332320845999,5.186993517281783,5.312467098236084,81088115.0
2009-02-26,5.388647595961245,5.469308891853438,5.3393539845443465,5.397609710693359,55265878.0
2009-02-27,5.251971091008935,5.408813503390436,5.2273248465339375,5.325911521911621,49936911.0
2009-03-02,5.108575755686735,5.3393575797105575,4.803853464751,5.162350177764893,57649740.0
2009-03-03,5.186995619873462,5.3505600979023376,5.003266231829113,5.079446792602539,63768342.0
2009-03-04,5.1690692909770375,5.249731170556197,5.052557812879566,5.153385162353516,49385994.0
2009-03-05,5.054799556732178,5.256453732668654,4.969656883630479,5.054799556732178,64371026.0
2009-03-06,5.101850087337264,5.2452484435256315,4.888993223098378,5.05927848815918,63394709.0
2009-03-09,4.949491550557368,5.104093335040765,4.844183400277228,4.866589546203613,51163729.0
2009-03-10,4.95173192015898,5.173551563086073,4.913641644151741,5.157867431640625,58785865.0
2009-03-11,5.207162315045937,5.296786358758448,5.142185095539198,5.231809139251709,44860562.0
2009-03-12,5.2631761712839635,5.473793048684409,5.216123771621421,5.455868244171143,52899758.0
2009-03-13,5.518603344503784,5.545490827207119,5.346077358033661,5.437942028045654,36811437.0
2009-03-16,5.489475250031384,5.572377795371213,5.455866324125031,5.458106994628906,38646898.0
2009-03-17,5.451385777253935,5.709055001173401,5.390889362314088,5.684408187866211,49908445.0
2009-03-18,5.6575197915506585,5.881580026132927,5.626151539773403,5.7583465576171875,49461065.0
2009-03-19,5.8367687593431015,5.845731441868256,5.644077309137364,5.735941410064697,43675450.0
2009-03-20,5.789716850123799,5.854694040475869,5.653039891146531,5.675446033477783,61531973.0
2009-03-23,5.812123087987658,6.040664159210207,5.760588790030932,6.031702041625977,57799220.0
2009-03-24,5.966722986043504,6.016016036595724,5.870377555304053,5.899505138397217,36296401.0
2009-03-25,5.930873884491238,5.957761365278616,5.7449038870083875,5.865896701812744,51701273.0
2009-03-26,5.910709331390587,5.953280946807501,5.735942093752191,5.903987884521484,46818626.0
2009-03-27,5.812121405898951,5.892782704116699,5.780752588867674,5.825564861297607,29315214.0
2009-03-30,5.711294712441917,5.756106424040883,5.574617775539442,5.637354850769043,39880601.0
2009-03-31,5.700091393548647,5.733700315564905,5.623910868538026,5.646317005157471,48155601.0
2009-04-01,5.549972290367356,5.84573177746184,5.549972290367356,5.807641506195068,37849453.0
2009-04-02,5.937595882299595,6.069791483725339,5.830047091052653,5.946557998657227,45533287.0
2009-04-03,5.986889784536932,6.042904858637664,5.944318169789103,6.011536598205566,33625893.0
2009-04-06,5.915190626284173,5.971205700821118,5.836769408767255,5.957762241363525,35297046.0
2009-04-07,5.894364988975005,5.9103765591886175,5.784574830360932,5.839469909667969,33949214.0
2009-04-08,5.809737662601476,5.894367394463774,5.7411189298688985,5.807450294494629,32595953.0
2009-04-09,5.878355752184458,6.0155937802526385,5.869206858376256,5.969848155975342,37223863.0
2009-04-13,5.930964273027767,5.999583000744618,5.850908705612664,5.951550006866455,26563015.0
2009-04-14,5.901226638230463,5.901226638230463,5.770850762665893,5.78228759765625,38342378.0
2009-04-15,5.793723559543601,5.871491723040068,5.77542520211019,5.821170806884766,35595078.0
2009-04-16,5.866921056426191,6.013308017373884,5.809738577603711,5.9446892738342285,42628563.0
2009-04-17,6.011020182213957,6.056765810753447,5.9080915071682565,5.9355387687683105,51329494.0
2009-04-20,5.866919829981712,5.935538559177034,5.750267528255122,5.784576892852783,36271377.0
2009-04-21,5.763989239289608,5.816596947391464,5.713668320567894,5.78228759765625,41787558.0
2009-04-22,5.901230595395613,6.045330769577301,5.823462375784168,5.88750696182251,66472214.0
2009-04-23,5.946976516038358,5.95155125287542,5.773141714794589,5.832611560821533,41620734.0
2009-04-24,5.8463331442439825,5.892079341341398,5.718244601036537,5.754841327667236,37271924.0
2009-04-27,5.763990351439634,5.8188854371314545,5.695371061111327,5.789150238037109,36317188.0
2009-04-28,5.7639918976775455,5.942400829631107,5.718245691853548,5.866919994354248,34547662.0
2009-04-29,5.924100647565931,5.967559472020283,5.798299486525144,5.837182998657227,44244373.0
2009-04-30,5.908092846437856,5.935540114259764,5.796015251325349,5.8600592613220215,42967507.0
2009-05-01,5.919527887974631,5.949263095855713,5.823461315221816,5.949263095855713,29234582.0
2009-05-04,5.972134201090107,6.113946355843963,5.972134201090107,6.104796886444092,36095020.0
2009-05-05,6.063627700019872,6.118522221274086,6.027030967438277,6.06134033203125,25539695.0
2009-05-06,6.093360627312271,6.125382614975783,6.008730923453554,6.104796886444092,32761850.0
2009-05-07,5.992718702047595,6.043039040584998,5.793723559543601,5.821170806884766,70440640.0
2009-05-08,5.878354938209108,5.9080901386091575,5.731968036602908,5.775426864624023,55090184.0
2009-05-11,5.768566506998495,5.862345716410478,5.7342571387582,5.800589084625244,33911744.0
2009-05-12,5.83032210029705,5.924101283714415,5.789150638773703,5.885217189788818,30821396.0
2009-05-13,5.8097357221890435,5.887503901374963,5.745691747060414,5.773138999938965,30013094.0
2009-05-14,5.81431203286676,5.81431203286676,5.695372364505938,5.71367073059082,40576231.0
2009-05-15,5.7388299366802205,5.766277190953645,5.631326554191509,5.690796375274658,35081631.0
2009-05-18,5.72281938582409,5.75484137749871,5.5947302638894305,5.624465465545654,48682686.0
2009-05-19,5.66106389096698,5.6816496282535445,5.633616048712139,5.642765522003174,32986930.0
2009-05-20,5.68622107804565,5.68622107804565,5.510099017562894,5.5192484855651855,50155768.0
2009-05-21,5.484940940791949,5.5466981437805005,5.363713902809035,5.414034843444824,40938477.0
2009-05-22,5.395735071813199,5.473503252888497,5.347701511681736,5.41632080078125,31154647.0
2009-05-26,5.443768365957094,5.619890467157915,5.400310115752785,5.606166839599609,43039930.0
2009-05-27,5.590154909271534,5.661060980347835,5.482652119083724,5.505524635314941,34252542.0
2009-05-28,5.539835820970765,5.679361219777662,5.491802827844681,5.633615016937256,34983125.0
2009-05-29,5.656489113447383,5.670212745666504,5.544411532151666,5.670212745666504,33409419.0
2009-06-01,5.711383718629594,5.743406294487797,5.617604514396859,5.6359028816223145,36994943.0
2009-06-02,5.651913051007094,5.713670247933502,5.619891057468124,5.681648254394531,38823520.0
2009-06-03,5.642765386093223,5.704522596465452,5.553560911745504,5.59473180770874,45551955.0
2009-06-04,5.635901914722286,5.665637117373635,5.544410094291422,5.571857929229736,43662872.0
2009-06-05,5.626752194831056,5.661062131389923,5.590156045896559,5.617603302001953,34113257.0
2009-06-08,5.539835538848151,5.619891100932859,5.496377283742901,5.58100700378418,39224559.0
2009-06-09,5.590156368052476,5.6221783612268625,5.516962910729238,5.537548065185547,40186842.0
2009-06-10,5.562709151331729,5.590156989689257,5.521537682604528,5.553560256958008,44236164.0
2009-06-11,5.5718593742081675,5.718246324860816,5.558135164370787,5.670212745666504,47130825.0
2009-06-12,5.638190897031637,5.729683321281094,5.624467264441528,5.720533847808838,35800695.0
2009-06-15,5.667924380258482,5.699946953294029,5.5695710261024765,5.633615016937256,42327088.0
2009-06-16,5.57185706475521,5.615315311705997,5.510099878939223,5.539834499359131,40417351.0
2009-06-17,5.5489856196071905,5.590157089066303,5.512388886225356,5.521537780761719,37145879.0
2009-06-18,5.5192484855651855,5.571856193724576,5.48493855817452,5.5192484855651855,37992974.0
2009-06-19,5.560418584883226,5.57414220735883,5.446053716478209,5.498661994934082,56159181.0
2009-06-22,5.471216019499257,5.542122100115932,5.450630290026989,5.5238237380981445,52724196.0
2009-06-23,5.5421237161859604,5.667924919539332,5.512389085843274,5.640477657318115,55426744.0
2009-06-24,5.679360779637921,5.713670140300237,5.60845411296861,5.638189315795898,36014389.0
2009-06-25,5.60388102073635,5.720533331264663,5.599306284413305,5.683936595916748,41966563.0
2009-06-26,5.665636741672868,5.69537136473434,5.629039438309261,5.677073001861572,26323768.0
2009-06-29,5.693083883534551,5.780001538658808,5.681647623574124,5.768564701080322,30290472.0
2009-06-30,5.7502669770117905,5.757129080320766,5.638189422007267,5.681648254394531,37656678.0
2009-07-01,5.70452164028849,5.763991472424876,5.683935906948275,5.734256267547607,29815156.0
2009-07-02,5.7159572829146335,5.7159572829146335,5.597017631525916,5.624465465545654,35752899.0
2009-07-06,5.615316242425446,5.693084435020274,5.592443142670829,5.67249870300293,33849649.0
2009-07-07,5.686224736350428,5.686224736350428,5.546699302875525,5.564997673034668,31462742.0
2009-07-08,5.6498835098511515,5.6522230775627165,5.458044865502079,5.507174015045166,45130394.0
2009-07-09,5.5352479413164355,5.542266644076478,5.458044574155554,5.4697418212890625,33712747.0
2009-07-10,5.458042991810494,5.497814447654105,5.425290236692129,5.483777046203613,28892460.0
2009-07-13,5.504831902456442,5.57501712895707,5.441665966645427,5.560980319976807,34067447.0
2009-07-14,5.544605362081375,5.570339419991926,5.444006925267953,5.486117362976074,35882783.0
2009-07-15,5.518870682499177,5.614789984319646,5.511851980853849,5.607771873474121,34004424.0
2009-07-16,5.591393293569502,5.610109235103471,5.532905902425897,5.546942710876465,40098532.0
2009-07-17,5.5726793401500885,5.612450803948632,5.525889174222446,5.610111236572266,34308415.0
2009-07-20,5.645203847928748,5.722406613130785,5.614790064497826,5.713048934936523,31915152.0
2009-07-21,5.745799814925625,5.794929529470791,5.706028366312724,5.748139381408691,31964935.0
2009-07-22,5.776214988562219,5.846400234846944,5.736443526240821,5.811307907104492,40929209.0
2009-07-23,5.855759677798653,6.070992821976045,5.851080542281768,5.961036682128906,72863295.0
2009-07-24,5.911904826987162,5.991447140384991,5.907225693610917,5.954015254974365,34049573.0
2009-07-27,6.000806244776165,6.026540891138087,5.932961164548943,6.019522190093994,34756059.0
2009-07-28,5.993786348179252,6.035897364444614,5.939978089973347,5.970391273498535,32513998.0
2009-07-29,5.95635673324046,6.075671127828363,5.942319919406547,6.0709919929504395,35851669.0
2009-07-30,6.129478689753732,6.223057822550287,6.106083611154728,6.1622314453125,41579558.0
2009-07-31,6.162233103697519,6.1762699183146275,6.052276381930477,6.13649845123291,36250061.0
2009-08-03,6.2464545822000614,6.2932447519902786,6.0546159494999765,6.13649845123291,45264780.0
2009-08-04,6.162232283632742,6.190305909130944,6.087368494571119,6.145855903625488,26298744.0
2009-08-05,6.169249752636623,6.173928886666018,5.989108409702678,6.019522190093994,56902607.0
2009-08-06,6.024200949085964,6.049935003046056,5.946997605606256,5.977410793304443,34113654.0
2009-08-07,6.028881049680182,6.047597589468272,5.986770607556579,5.993788719177246,26123182.0
2009-08-10,6.017184510501715,6.017184510501715,5.949339408993382,5.984431743621826,20759923.0
2009-08-11,5.968056187607744,6.000808959028557,5.923605575822342,5.932963848114014,21772518.0
2009-08-12,5.939980776782347,6.063974315115928,5.918925259125703,6.000807762145996,27852723.0
2009-08-13,6.010165832656371,6.010165832656371,5.907228396084559,5.961036682128906,28128645.0
2009-08-14,5.963373521726856,5.984429031120292,5.876812508264659,5.954015254974365,24873723.0
2009-08-17,5.916584779490013,5.939979861146636,5.848739692565598,5.853418827056885,28206099.0
2009-08-18,5.874473298672381,5.902546919037047,5.84171995384733,5.872133731842041,22484565.0
2009-08-19,5.827682672279354,5.961033835224364,5.827682672279354,5.937638759613037,26321252.0
2009-08-20,5.944660613521171,5.984432085921586,5.909568276885502,5.97507381439209,18113644.0
2009-08-21,6.0546141200527295,6.1107625431552774,5.9891080202995655,6.082688331604004,40819185.0
2009-08-24,6.124799590138508,6.148194668868395,6.082688566584661,6.11544132232666,23821673.0
2009-08-25,6.171588983544156,6.187965360955423,6.131818118859489,6.1528730392456055,33729694.0
2009-08-26,6.150534183135133,6.251132616915239,6.129479260315839,6.202003479003906,35341664.0
2009-08-27,6.239436148101116,6.239436148101116,6.129480022811849,6.180948734283447,26879716.0
2009-08-28,6.211362066041102,6.2137016335412145,6.096726803334797,6.131819725036621,29211147.0
2009-08-31,6.080350240660341,6.141177221453229,6.0569551571554054,6.094387054443359,32792170.0
2009-09-01,6.070993638016019,6.10374700023685,5.907229190111936,5.932963848114014,42250429.0
2009-09-02,5.949337752772699,5.979750943437384,5.879153103054335,5.935300350189209,38773340.0
2009-09-03,5.958697214686449,5.958697214686449,5.851080640786003,5.883833408355713,36452765.0
2009-09-04,5.890851406537031,5.986770720765479,5.886172271501526,5.96805477142334,22137015.0
2009-09-08,6.056954150108869,6.0686519853163485,6.005485447595231,6.024201393127441,28261177.0
2009-09-09,6.047598065407829,6.094387646160746,6.0312210918044,6.068653583526611,25423051.0
2009-09-10,6.096726425217279,6.213701248168946,6.049936259716676,6.213701248168945,46393754.0
2009-09-11,6.176269331038329,6.24879355559723,6.169250628997209,6.237096309661865,31170005.0
2009-09-14,6.190303923098334,6.234754505142541,6.169248415330006,6.2066802978515625,35226609.0
2009-09-15,6.197322256511294,6.25814861891576,6.157550809831704,6.246451377868652,25520630.0
2009-09-16,6.272187627249904,6.2815453043298595,6.150533689612307,6.209021091461182,33981122.0
2009-09-17,6.199660917983799,6.253469164226033,6.115438904178909,6.169247150421143,33292642.0
2009-09-18,6.204343186529056,6.354071366665397,6.1669118799947915,6.328336715698242,65535882.0
2009-09-21,6.288566317250239,6.304942701260793,6.2370975973885034,6.286226749420166,30921755.0
2009-09-22,6.304943521338371,6.316641362010262,6.197326931957174,6.199666500091553,36661030.0
2009-09-23,6.323657490956427,6.478064212965133,6.272188780553475,6.347052574157715,70518623.0
2009-09-24,6.396180883,6.433612771462932,6.29558246120598,6.32365608215332,38050701.0
2009-09-25,6.3142997194007044,6.3517316156529615,6.288565069177339,6.307281017303467,31137832.0
2009-09-28,6.34938971814206,6.457006232673447,6.340032042913063,6.417235374450684,30951148.0
2009-09-29,6.396181464326415,6.403199574801243,6.32365665688821,6.363428115844727,42230701.0
2009-09-30,6.39618262817508,6.403200739926922,6.2932446114159,6.318979263305664,50914155.0
2009-10-01,6.3166383371708,6.335354282483315,6.204342074495962,6.22539758682251,41310521.0
2009-10-02,6.211359634506177,6.258149193792307,6.187964559463291,6.204340934753418,32802232.0
2009-10-05,6.248794124155125,6.290905158633724,6.199664977796684,6.260491371154785,30497281.0
2009-10-06,6.304942556935001,6.361091001971551,6.286226605522799,6.3517327308654785,34137222.0
2009-10-07,6.409700871858696,6.409700871858696,6.242595394021508,6.249757289886475,53441406.0
2009-10-08,6.295115551713442,6.3118266457723955,6.178141510420695,6.192465305328369,58545824.0
2009-10-09,6.211561656944133,6.228272144279231,6.113684825825511,6.125621318817139,43882126.0
2009-10-12,6.144721582608293,6.166206675803901,6.0945894975340655,6.111299991607666,34488214.0
2009-10-13,6.111299940402736,6.213951409252105,6.0731049563069766,6.18291711807251,42773276.0
2009-10-14,6.2593075396682325,6.266469437430452,6.154269386755758,6.166205883026123,43235750.0
2009-10-15,6.180528136592335,6.19723862597841,6.113685576194775,6.185302734375,34316624.0
2009-10-16,6.159041408937408,6.178139192128043,6.101748059365502,6.13516902923584,46248379.0
2009-10-19,6.163818360575837,6.22349903120654,6.135171373417636,6.206788539886475,34293718.0
2009-10-20,6.266470428610093,6.266470428610093,6.151883060556824,6.204402446746826,45887192.0
2009-10-21,6.240209479793987,6.252145975550382,6.163818318366341,6.192465305328369,40552664.0
2009-10-22,6.297502398559338,6.359570363474724,6.211562649552346,6.230660438537598,57928442.0
2009-10-23,6.242596092932457,6.2664684789685365,6.096975080680299,6.142332553863525,49091140.0
2009-10-26,6.175752500064644,6.180527097044235,6.027744816522533,6.042068004608154,45687930.0
2009-10-27,6.051619913996274,6.142334283047289,6.04207071575226,6.111299991607666,46250365.0
2009-10-28,6.1184623022107765,6.273632564148741,6.111300403045597,6.225887775421143,57224074.0
2009-10-29,6.204402478919402,6.302278750058466,6.17098148960951,6.261695861816406,42293724.0
2009-10-30,6.242597991044353,6.268857683953836,6.116074728579998,6.128011226654053,55028618.0
2009-11-02,6.18291536768909,6.187689965419404,5.96806510121072,6.108911514282227,65780160.0
2009-11-03,6.092202036780433,6.118461728403248,6.025360062254592,6.054007053375244,35445863.0
2009-11-04,6.0778758868706255,6.168590812258614,6.063552699702617,6.094586372375488,33493228.0
2009-11-05,6.104137648144329,6.202013899080164,6.104137648144329,6.192465305328369,29049354.0
2009-11-06,6.173367163774226,6.216337344542278,6.1447207784977556,6.190078258514404,25291313.0
2009-11-09,6.199624791674325,6.2903397215506756,6.185301603797639,6.287952423095703,31312203.0
2009-11-10,6.285568432287185,6.342861816796497,6.244985542903073,6.292730331420898,28912320.0
2009-11-11,6.328536241098365,6.330922937058458,6.259306384071546,6.311825752258301,24308640.0
2009-11-12,6.2927311502018615,6.357185839377968,6.254535555559153,6.276020050048828,22519651.0
2009-11-13,6.278404894357225,6.326149670412654,6.233048020243202,6.2664690017700195,26221820.0
2009-11-16,6.287956550158138,6.350023939312383,6.256922855581015,6.276020050048828,31202576.0
2009-11-17,6.278405091358926,6.2927288863369855,6.242596809620426,6.2736310958862305,28427472.0
2009-11-18,6.273629512987809,6.28079080581665,6.21633555323805,6.28079080581665,25944310.0
2009-11-19,6.2497594090275586,6.256921307320949,6.197240027249474,6.233048915863037,31922302.0
2009-11-20,6.230658987540685,6.2760158490346445,6.206786606155206,6.21156120300293,31427258.0
2009-11-23,6.297503064627482,6.419251708355429,6.266469380314087,6.39299201965332,60804965.0
2009-11-24,6.404927974481299,6.505191519497661,6.369119091876441,6.469383239746094,45758102.0
2009-11-25,6.5051901077751015,6.524287893021654,6.452670746207211,6.464607238769531,27620229.0
2009-11-27,6.3237643501566545,6.464610820455208,6.314215150816111,6.4431257247924805,21527446.0
2009-11-30,6.435961750993981,6.445510947256844,6.366732489501422,6.431187152862549,42066922.0
2009-12-01,6.488480091094971,6.505190579039641,6.431186128351526,6.488480091094971,35432358.0
2009-12-02,6.519516410366767,6.581584392781201,6.4980313163443295,6.5290656089782715,24290501.0
2009-12-03,6.5386117267960255,6.622164771568766,6.505190750028217,6.569645404815674,33663892.0
2009-12-04,6.650813094216357,6.677072785266018,6.569647324475035,6.5887451171875,42299020.0
2009-12-07,6.63887551875981,6.746300952348764,6.612615834359567,6.6770710945129395,32495859.0
2009-12-08,6.6818466446487434,6.6818466446487434,6.564872601874247,6.591131687164307,34355549.0
2009-12-09,6.538611199171184,6.607840445868597,6.5314499063577935,6.579194068908691,30638949.0
2009-12-10,6.615004832814273,6.674685510619134,6.600681638940059,6.626940727233887,26779224.0
2009-12-11,6.672298471521476,6.708106759030972,6.638877483559734,6.68662166595459,25406368.0
2009-12-14,6.767787020270665,6.770174319458006,6.681846660939738,6.696169853210449,28521078.0
2009-12-15,6.662748988591624,6.684234080749821,6.562486028991233,6.5887451171875,28321816.0
2009-12-16,6.603066984436701,6.63648796120451,6.560096812676251,6.569645404815674,36231657.0
2009-12-17,6.526677173696006,6.552936259601717,6.47177049694041,6.498030185699463,35255207.0
2009-12-18,6.555322586172667,6.5768076732688225,6.488480628854188,6.521901607513428,62309294.0
2009-12-21,6.533837102435331,6.610228250649501,6.533837102435331,6.574419975280762,28046954.0
2009-12-22,6.619779833007966,6.6722986156326565,6.579196945526431,6.660362720489502,34436446.0
2009-12-23,6.679460565219418,6.696171059688271,6.634103078194361,6.693783760070801,20671877.0
2009-12-24,6.708103656768799,6.7128782536562275,6.6722953858193685,6.708103656768799,8087522.0
2009-12-28,6.743914618600637,6.765399708393068,6.720042229625343,6.763012409210205,20686970.0
2009-12-29,6.779723603427081,6.794046797155676,6.741528018248566,6.765400409698486,21038492.0
2009-12-30,6.7463026454446435,6.8298551115902075,6.736753447683212,6.760625839233398,31173580.0
2009-12-31,6.753462290794703,6.7868838719402085,6.6890070302139915,6.691394329071045,21278004.0
2010-01-04,6.782111413938167,6.829855597582481,6.7510771218585965,6.822694301605225,38576858.0
2010-01-05,6.851339677619498,6.858501575390645,6.767787217889515,6.789272308349609,46650478.0
2010-01-06,6.805358629444318,6.8248372745541115,6.707965403895352,6.722574234008789,50172450.0
2010-01-07,6.7152722204932305,6.742054981573914,6.603269515028058,6.647096633911133,44486797.0
2010-01-08,6.644663447568468,6.669011921577216,6.544835257520989,6.59840202331543,36586622.0
2010-01-11,6.617878071650322,6.627617088490393,6.537527954622108,6.566746234893799,34147549.0
2010-01-12,6.537528606189052,6.600834374024007,6.520484863863448,6.564311981201172,34831527.0
2010-01-13,6.574048599853213,6.598397055530555,6.459611042632362,6.48639440536499,56390352.0
2010-01-14,6.486398247828534,6.5375294816525065,6.350047676088724,6.3768310546875,55933836.0
2010-01-15,6.391439779692124,6.396309596602863,6.2453495765010905,6.279437065124512,84760229.0
2010-01-19,6.311091137293735,6.391440667984527,6.281872846644376,6.379266738891602,44965291.0
2010-01-20,6.337874843205781,6.337874843205781,6.2575246935307165,6.289177894592285,51751188.0
2010-01-21,6.311089248416655,6.325698081931006,6.184477718290218,6.250218391418457,53059168.0
2010-01-22,6.213697089849603,6.289177415943559,6.174740394750058,6.182044506072998,50814723.0
2010-01-25,6.264828693271363,6.306220910326597,6.165000513586842,6.228306293487549,39589586.0
2010-01-26,6.184477957785048,6.211261332661692,6.101693539871597,6.167434215545654,45239226.0
2010-01-27,6.138217506689514,6.35978805725201,6.111434739820078,6.238045692443848,78105143.0
2010-01-28,6.2575218053047035,6.367089581674897,6.157693660112176,6.218564510345459,68925984.0
2010-01-29,6.235608646361456,6.269696742774189,6.1723034991858325,6.17473840713501,51531404.0
2010-02-01,6.25021932163611,6.259958340469874,6.155260967346554,6.1796088218688965,48689306.0
2010-02-02,6.177173721561853,6.291611339715926,6.152825867795821,6.2550883293151855,41202615.0
2010-02-03,6.240480221790181,6.284307347481125,6.184479167796605,6.228306293487549,30391228.0
2010-02-04,6.191782206298875,6.206391039255969,6.094388961791991,6.094388961791992,42811010.0
2010-02-05,6.116302544229803,6.162563951266587,6.07734524626422,6.145520210266113,67369357.0
2010-02-08,6.133347635110942,6.152826288380766,6.077346583819685,6.082215785980225,35977184.0
2010-02-09,6.130911498793884,6.189347446900757,6.0992589241477395,6.150390148162842,46259501.0
2010-02-10,6.143085726977113,6.1479555432784165,6.0895195922901575,6.116302967071533,35283938.0
2010-02-11,6.099259548289414,6.179608447142231,6.045692795886432,6.133347034454346,36339828.0
2010-02-12,6.094389819202468,6.123607489227248,6.0529976076041665,6.104128837585449,45165744.0
2010-02-16,6.160131097938425,6.206393135281233,6.118739493060494,6.165000915527344,34296499.0
2010-02-17,6.1869112831162125,6.213694036265095,6.135780069479185,6.184476375579834,25826341.0
2010-02-18,6.184477508231696,6.2161300822503245,6.126041561283322,6.145520210266113,35785734.0
2010-02-19,6.1357843677425885,6.184480707956186,6.0919572311371,6.111435890197754,45942270.0
2010-02-22,6.118739520594456,6.126043632134743,6.07978159458376,6.09195613861084,41185403.0
2010-02-23,6.087086092747162,6.094390818889499,6.045693874359131,6.045693874359131,37754919.0
2010-02-24,6.0578660409056,6.074910396946422,6.038387391734707,6.065170764923096,38357339.0
2010-02-25,6.028648199059691,6.052996663533329,5.992125194911363,6.031083106994629,39168157.0
2010-02-26,6.0529975241938425,6.0651714507237715,6.0164745148524,6.040822982788086,38639484.0
2010-03-01,6.065170736292197,6.104128034450086,6.0456920872132525,6.0870842933654785,32975544.0
2010-03-02,6.087086294507079,6.101695132400033,6.016475784085215,6.057868003845215,44224248.0
2010-03-03,6.094390362104512,6.094390362104512,6.040823604160841,6.060302257537842,27400312.0
2010-03-04,6.062736398742863,6.087084866101438,6.038387931384288,6.077345848083496,38040109.0
2010-03-05,6.094390627898388,6.099260445173998,6.043258776256321,6.084650993347168,37017848.0
2010-03-08,6.09925762737825,6.1747373007756785,6.062734629560352,6.155258655548096,32679895.0
2010-03-09,6.169869738538254,6.2648280918351595,6.160130104930438,6.223435878753662,57545277.0
2010-03-10,6.23561099840422,6.262394381071987,6.177175030209437,6.21369743347168,31161267.0
2010-03-11,6.189348768428947,6.233175277709961,6.16013048069904,6.233175277709961,28811034.0
2010-03-12,6.255089439054204,6.2648290741892385,6.186914452612779,6.238045692443848,23591164.0
2010-03-15,6.252652914251719,6.281871197229308,6.223435246149927,6.27700138092041,26904077.0
2010-03-16,6.296480218491411,6.328133410564583,6.259957824840364,6.294045925140381,23329410.0
2010-03-17,6.318394936792548,6.3281345714867046,6.294047079809014,6.306221008300781,23969961.0
2010-03-18,6.320828706143823,6.352481898318451,6.306219871611742,6.345177173614502,22520710.0
2010-03-19,6.389003276824951,6.4060470168833,6.328132425259007,6.389003276824951,47487511.0
2010-03-22,6.376832488353584,6.46205123055277,6.350049103733255,6.427963733673096,32488842.0
2010-03-23,6.447440946997659,6.46935450861933,6.410918549253503,6.464484691619873,24012461.0
2010-03-24,6.432830511278389,6.452309159556743,6.359785733953493,6.39387321472168,27038728.0
2010-03-25,6.435267251555678,6.437702160143257,6.357352636256794,6.367091655731201,31899132.0
2010-03-26,6.371959536766601,6.452309036238619,6.3573507045559765,6.389003276824951,23911175.0
2010-03-29,6.415787040793694,6.469353172093655,6.403612500810232,6.454744338989258,26903415.0
2010-03-30,6.386569292240188,6.410917759361602,6.291610946830063,6.318393707275391,69180324.0
2010-03-31,6.306218117731047,6.340305593784124,6.269695734120515,6.291609287261963,48599406.0
2010-04-01,6.3427413788973945,6.381699290331085,6.308653898128113,6.357350826263428,27218395.0
2010-04-05,6.403611959579711,6.418221406325081,6.362219756885906,6.4060468673706055,31740517.0
2010-04-06,6.396307851082731,6.418221406325081,6.3670895724676955,6.4060468673706055,28293350.0
2010-04-07,6.467257378343026,6.474719825979319,6.337912054893562,6.380198001861572,41533615.0
2010-04-08,6.370248539362132,6.482182121363526,6.3677610566340785,6.472232818603516,48399747.0
2010-04-09,6.494618194285245,6.594114342106852,6.482180783212498,6.57670259475708,52618408.0
2010-04-12,6.609040417773264,6.6339146185809135,6.551830195622243,6.561779499053955,30372163.0
2010-04-13,6.546856371410885,6.574218059885604,6.472234384128287,6.517007827758789,50332787.0
2010-04-14,6.509544329039745,6.526956081390381,6.4722333414094875,6.526956081390381,36690688.0
2010-04-15,6.5070568461107605,6.541880350812033,6.477207679115202,6.526956081390381,37060614.0
2010-04-16,6.517007864031222,6.554318857880188,6.444872731524511,6.44984769821167,42343506.0
2010-04-19,6.4896450076792425,6.5791912511736355,6.454820875287634,6.561779499053955,44089597.0
2010-04-20,6.5717319443595095,6.651328914868445,6.556807669427205,6.631429672241211,45651123.0
2010-04-21,6.651325984207753,6.65381283880699,6.502081416186351,6.551829814910889,59248735.0
2010-04-22,6.489645146137686,6.544367886560243,6.415022542122642,6.53441858291626,43619048.0
2010-04-23,6.509545455795007,6.5393939998048785,6.464772011627837,6.529444694519043,37099672.0
2010-04-26,6.524468651120017,6.571729570847652,6.519494313374156,6.53441858291626,23540720.0
2010-04-27,6.517005965263973,6.544367017766822,6.437408405917733,6.454820156097412,44845336.0
2010-04-28,6.46725718604542,6.492131382607962,6.375222847209656,6.444870471954346,45223471.0
2010-04-29,6.487159980345581,6.54188274031463,6.452336462924593,6.502084255218506,33938092.0
2010-04-30,6.519494117710433,6.591628608459248,6.479695019872175,6.482182502746582,44673084.0
2010-05-03,6.5269539297489185,6.574214833515331,6.484667990200454,6.5369038581848145,35849154.0
2010-05-04,6.546858293797877,6.574219990306949,6.405076099437307,6.442387104034424,41520640.0
2010-05-05,6.442383701843312,6.502081403303145,6.402585234203422,6.4100470542907715,44335994.0
2010-05-06,6.395122354207146,6.402584801942888,5.979725954779669,6.253340244293213,89717682.0
2010-05-07,6.27075400517046,6.340401655249649,6.161308505527635,6.2433929443359375,68006068.0
2010-05-10,6.4100478486879355,6.472233668753185,6.318014116422031,6.38517427444458,54065408.0
2010-05-11,6.342887318275002,6.419996768201002,6.303088851980797,6.377710819244385,42857880.0
2010-05-12,6.4001005326165314,6.439899017550827,6.357814563854783,6.422487258911133,38826168.0
2010-05-13,6.417509775400689,6.459795727585083,6.3727363403640105,6.402585506439209,30376400.0
2010-05-14,6.400100022563295,6.4125368125569375,6.263292820023506,6.3180155754089355,50045876.0
2010-05-17,6.330450119010993,6.439896219096792,6.290651651371103,6.4100470542907715,39622024.0
2010-05-18,6.432432989031295,6.442382918808014,6.295625851666338,6.365273475646973,50265925.0
2010-05-19,6.350350607971401,6.395124049953755,6.293140377950542,6.360300540924072,40770991.0
2010-05-20,6.28816358559783,6.293137921980541,6.183692471127512,6.208566665649414,54600833.0
2010-05-21,6.059322872322938,6.18618071465873,6.059322872322938,6.181205749511719,71851097.0
2010-05-24,6.1463825059914745,6.156332437717118,6.0443988465649126,6.076735496520996,39734564.0
2010-05-25,5.992161988516865,6.066783943913177,5.915052550853732,6.04937219619751,69160861.0
2010-05-26,6.046886629653386,6.074248315104835,5.974752133670865,6.0021138191223145,49869916.0
2010-05-27,6.071763061738911,6.133948276489997,6.031964574550416,6.126485824584961,36486130.0
2010-05-28,6.119021241930235,6.151357894106025,6.041911778372449,6.044399261474609,40159700.0
2010-06-01,6.036937492411046,6.168769700897005,5.99962650186129,6.051861763000488,39376952.0
2010-06-02,6.079224645938511,6.166283431641864,6.066787227872012,6.1637959480285645,33929883.0
2010-06-03,6.18866907369966,6.201106489591034,6.121508912343198,6.168769836425781,31180730.0
2010-06-04,6.099121791186597,6.104096757216298,5.977239520524873,6.012063026428223,48815615.0
2010-06-07,6.051859678464332,6.131456598394288,6.022010519414555,6.04937219619751,49481455.0
2010-06-08,6.071763426278255,6.225983044507167,6.056839149724668,6.211058139801025,54909987.0
2010-06-09,6.243391492763947,6.270752547237096,6.168768893281722,6.193643093109131,43932041.0
2010-06-10,6.26826564991536,6.347861958147155,6.263290684353305,6.327963352203369,43788917.0
2010-06-11,6.270753039292508,6.303089690051207,6.225980229872592,6.290652275085449,31432025.0
2010-06-14,6.31055099398768,6.355324427892521,6.255828257077441,6.26080322265625,32941650.0
2010-06-15,6.303089313291274,6.352837085723877,6.27075266446546,6.352837085723877,27788906.0
2010-06-16,6.330449540495795,6.350348772497226,6.2981135240505255,6.347861289978027,26409298.0
2010-06-17,6.355325574447737,6.360300540924072,6.248367564120521,6.360300540924072,31427788.0
2010-06-18,6.372736460211703,6.38268639180797,6.275727767909347,6.325476169586182,53698527.0
2010-06-21,6.36278685483332,6.370248675024186,6.3055766353263385,6.327963352203369,22227312.0
2010-06-22,6.325473344095107,6.367758650034303,6.290649227215817,6.308061599731445,34142120.0
2010-06-23,6.318013421079259,6.367761192243158,6.3055766353263385,6.327963352203369,34205672.0
2010-06-24,6.305578065320596,6.347863397730982,6.218518660849958,6.230956077575684,36343270.0
2010-06-25,6.250853751403871,6.255828088696571,6.138920169654555,6.166281223297119,68545069.0
2010-06-28,6.188667581819003,6.26329017472128,6.181205762235293,6.206079959869385,28913644.0
2010-06-29,6.183693844558937,6.193643147686239,6.036936755251479,6.084197044372559,69971944.0
2010-06-30,6.0568353796307095,6.079222094602694,5.997137682422805,6.0170369148254395,49244591.0
2010-07-01,6.034450185038586,6.06927369347894,5.9697775063976986,6.054349422454834,67766027.0
2010-07-02,6.074248732641424,6.076736215867296,5.994651782022848,6.041912078857422,30718124.0
2010-07-06,6.086684924189948,6.094147373136325,6.017037913299504,6.071760654449463,47660293.0
2010-07-07,6.11148963928322,6.210759797212839,6.078399800905255,6.192942142486572,42102935.0
2010-07-08,6.208214936752559,6.256577606334698,6.159852909966209,6.254032135009766,31021055.0
2010-07-09,6.261665920531524,6.3329371666412095,6.248939210738459,6.3202104568481445,25998329.0
2010-07-12,6.299848172365815,6.327847708984684,6.264212223179345,6.322756767272949,22948495.0
2010-07-13,6.345664750307474,6.409299587181234,6.340573809086627,6.35075569152832,34648550.0
2010-07-14,6.327846035572868,6.391480861754177,6.3100277442938815,6.353300094604492,27872980.0
2010-07-15,6.360937957933774,6.376210784061598,6.299848581809613,6.363483428955078,49598099.0
2010-07-16,6.355846236979201,6.388936713405188,6.274393745462362,6.28457498550415,44056100.0
2010-07-19,6.315121967041886,6.353303396832462,6.299849780803157,6.332939624786377,25086490.0
2010-07-20,6.284574965628771,6.3125745005474965,6.236212950690867,6.310029029846191,31848688.0
2010-07-21,6.33548416156056,6.406755424819058,6.294757909068772,6.343120574951172,38378920.0
2010-07-22,6.462753521418273,6.574751031278578,6.455117751224968,6.493298530578613,63500761.0
2010-07-23,6.577295840981159,6.597658964108803,6.478025053287706,6.500933647155762,43278912.0
2010-07-26,6.549295691200445,6.640930058075852,6.534023510986405,6.607839584350586,34750631.0
2010-07-27,6.6231134339001,6.72238358487097,6.6231134339001,6.656203269958496,34548059.0
2010-07-28,6.679112726323876,6.707112266995487,6.623114287776418,6.668931484222412,44451579.0
2010-07-29,6.704565166731703,6.719837347571026,6.595113144659399,6.623112678527832,43189410.0
2010-07-30,6.567112454600532,6.643474630944221,6.56456698444286,6.602748394012451,33896651.0
2010-08-02,6.745292753947452,6.793654776701028,6.704566501736159,6.7682013511657715,46503779.0
2010-08-03,6.770745845744369,6.8445625759861555,6.765655546565666,6.793654441833496,32333801.0
2010-08-04,6.775834810243767,6.8089246378289925,6.717290923010782,6.780925750732422,34640606.0
2010-08-05,6.7478387443874865,6.84710891144308,6.7478387443874865,6.806382656097412,31128696.0
2010-08-06,6.7529286194277125,6.783473630413476,6.676567056156921,6.755474090576172,34955321.0
2010-08-09,6.788563964329599,6.862380049836646,6.768200839762583,6.836925983428955,29709236.0
2010-08-10,6.798746033508608,6.89292589785232,6.786019320152107,6.875108242034912,35279436.0
2010-08-11,6.786018986689996,6.819108825468338,6.747838205700915,6.75801944732666,38547201.0
2010-08-12,6.73511260598042,6.8598368658840645,6.719840418162559,6.786020755767822,40419072.0
2010-08-13,6.7758350211335,6.84201532115925,6.755471901340618,6.801289081573486,31433746.0
2010-08-16,6.778383978913798,6.798747109183445,6.740203190007693,6.783474922180176,26310528.0
2010-08-17,6.796199599423299,6.8980158630335024,6.796199599423299,6.864925384521484,36432773.0
2010-08-18,6.859833795074982,6.971831288793976,6.834379731575809,6.9438323974609375,39374568.0
2010-08-19,6.923469286140379,6.94892335204293,6.82165366532585,6.864925384521484,35274670.0
2010-08-20,6.821653837659177,6.84201696233651,6.702020560529307,6.732564926147461,47114805.0
2010-08-23,6.768199460696352,6.819106940343305,6.740199929073417,6.742745399475098,44923452.0
2010-08-24,6.689292244110404,6.834378910188594,6.668929124317522,6.801289081573486,45200036.0
2010-08-25,6.765656915641199,6.8700180332561835,6.730021600200717,6.844563961029053,50415934.0
2010-08-26,6.864925585696159,6.8725619985294095,6.780927615713177,6.796199798583984,34302324.0
2010-08-27,6.803835878601885,6.872561662352279,6.773290871558711,6.857288837432861,28114346.0
2010-08-30,6.834382658119929,6.8547457890798205,6.778384208679199,6.778384208679199,20955478.0
2010-08-31,6.755473309937089,6.880197525024414,6.745292069315506,6.880197525024414,43498431.0
2010-09-01,6.933649411367854,6.997284238589719,6.898014113818174,6.961648941040039,37736648.0
2010-09-02,6.96419734342695,6.994741713388171,6.923470445485686,6.97437858581543,22981992.0
2010-09-03,6.951468581778897,6.997285770255038,6.887833740627735,6.984559059143066,30687540.0
2010-09-07,6.9743773529556075,6.987104064390454,6.908197039343938,6.941287517547607,24154791.0
2010-09-08,6.951469625713212,6.992195878742353,6.9336519703624315,6.971832752227783,19996902.0
2010-09-09,7.010011958163537,7.116918509030175,7.004921016980459,7.078737735748291,36309111.0
2010-09-10,7.0965529367895055,7.106734172844673,7.032918122359715,7.083825588226318,26142910.0
2010-09-13,7.124555795853535,7.147464391195455,7.076193134265519,7.109282970428467,25789137.0
2010-09-14,7.111828441332645,7.157645632016484,7.096556258703259,7.109282970428467,26936383.0
2010-09-15,7.104192709421306,7.165282731384525,7.071102870087328,7.1296467781066895,25481969.0
2010-09-16,7.1271027076240525,7.167829611202034,7.076195203044349,7.155102252960205,27985918.0
2010-09-17,7.188192528514818,7.208555658302252,7.1271024963566605,7.170374870300293,41198643.0
2010-09-20,7.231462755258937,7.287461189825738,7.183100091026503,7.264552593231201,37741547.0
2010-09-21,7.2747352729895,7.351096841458584,7.206009475689852,7.2823710441589355,40306929.0
2010-09-22,7.3052777919987495,7.361276218498904,7.269642488116435,7.277278900146484,40452304.0
2010-09-23,7.262006822060367,7.318005897108531,7.241643697350769,7.256916522979736,31562306.0
2010-09-24,7.305277906403284,7.330731970773115,7.254370420459258,7.274733543395996,35256664.0
2010-09-27,7.279824059818601,7.419821096643041,7.259460936272675,7.348549842834473,41081337.0
2010-09-28,7.374004458337489,7.389276641437886,7.2976429000398015,7.361277103424072,36338239.0
2010-09-29,7.3587316260489954,7.376549922912299,7.2823700678176415,7.30782413482666,36059405.0
2010-09-30,7.325641446814576,7.39691270255259,7.27218848710782,7.279824256896973,37470789.0
2010-10-01,7.343459420263417,7.371458958166362,7.2950974001710405,7.333278179168701,29398493.0
2010-10-04,7.340914020926255,7.402003396477786,7.305278712553456,7.346004962921143,35103742.0
2010-10-05,7.386732678409944,7.49109443882194,7.376551435196477,7.473276138305664,38103661.0
2010-10-06,7.537121273014953,7.537121273014953,7.326964158542629,7.425556182861328,64920751.0
2010-10-07,7.43334058467533,7.45409683637602,7.269884529227668,7.329559326171875,42096050.0
2010-10-08,7.360689491201653,7.363284103195497,7.228368210745939,7.321771621704102,33076433.0
2010-10-11,7.313991306066968,7.381449284760382,7.313991306066968,7.347720623016357,19050506.0
2010-10-12,7.3347478727993405,7.394422009004994,7.298423944287145,7.36588191986084,32228808.0
2010-10-13,7.40739202339671,7.441120672670925,7.371068761839076,7.386635780334473,27429573.0
2010-10-14,7.391826487812517,7.4281497566571435,7.35550321896789,7.394421100616455,23544030.0
2010-10-15,7.4411232797033,7.448907119280664,7.31658577769758,7.350315093994141,46679076.0
2010-10-18,7.365882045636711,7.446312432991863,7.365882045636711,7.425556182861328,20950182.0
2010-10-19,7.384040486206953,7.386635098250786,7.264691608215952,7.319177150726318,42080957.0
2010-10-20,7.345126408041544,7.438529869020855,7.342531794658186,7.422962188720703,29850242.0
2010-10-21,7.321773438015797,7.420365442214307,7.288044128933656,7.352908134460449,41232670.0
2010-10-22,7.350314708634392,7.371070957880478,7.301018370972946,7.339936256408691,23927460.0
2010-10-25,7.391825249971318,7.3996084318745,7.332151131089579,7.358096599578857,23710986.0
2010-10-26,7.360691743047507,7.4022042372387595,7.332152312794301,7.3451247215271,28256411.0
2010-10-27,7.332153648649304,7.371071537143449,7.2854519203741805,7.355504512786865,32898487.0
2010-10-28,7.404798896626954,7.430744369461081,7.371070240586265,7.394421100616455,28825069.0
2010-10-29,7.373665223640393,7.428150129643156,7.360692158969292,7.3996100425720215,28039275.0
2010-11-01,7.480039845465418,7.495607521869357,7.428149556401329,7.451500415802002,34391694.0
2010-11-02,7.511173866650723,7.552686356245689,7.503390029149725,7.508579254150391,24743574.0
2010-11-03,7.526739845176857,7.552685311385635,7.461876507257454,7.539712905883789,25442778.0
2010-11-04,7.583821716067599,7.651279681376083,7.550092405810741,7.638306617736816,30305036.0
2010-11-05,7.643496469736954,7.646091082677491,7.557876863520414,7.594200134277344,23969564.0
2010-11-08,7.550093645451758,7.583822961246594,7.526742782272362,7.570849895477295,20107853.0
2010-11-09,7.573444508631155,7.594200758656692,7.539715848041661,7.570849895477295,25995681.0
2010-11-10,7.542310522278701,7.544904480248227,7.448907068804664,7.537121295928955,28461366.0
2010-11-11,7.51117285665842,7.552685340671396,7.459282579244743,7.480038166046143,28328569.0
2010-11-12,7.454094358095153,7.461877540391847,7.313989214292541,7.384041786193848,34971342.0
2010-11-15,7.409987590209299,7.495607185770891,7.386636731855665,7.428149223327637,30658014.0
2010-11-16,7.384043423575112,7.394421875878986,7.272478337335084,7.326963901519775,33728238.0
2010-11-17,7.311394101351487,7.326961118689515,7.246530109498713,7.254313945770264,32129111.0
2010-11-18,7.313989318050032,7.384041890945116,7.313989318050032,7.3788533210754395,25935704.0
2010-11-19,7.3632876472670326,7.389233124488402,7.293235055330945,7.347720623016357,25675802.0
2010-11-22,7.347720095577967,7.350314708634392,7.277667508670436,7.339936256408691,26210169.0
2010-11-23,7.290638783324599,7.303611846586339,7.241342453340419,7.272477149963379,25019628.0
2010-11-24,7.298425055061537,7.324370535031748,7.2854526426791475,7.301019668579102,23219650.0
2010-11-26,7.26469407545538,7.288044936575246,7.238749256615781,7.246532440185547,10568830.0
2010-11-29,7.225777977615713,7.230967204748102,7.132375165259949,7.186860084533691,32401193.0
2010-11-30,7.207614756662432,7.246532641206708,7.142751397353536,7.210209369659424,33843161.0
2010-12-01,7.29583023441361,7.345126579436934,7.2724793686239,7.337342739105225,31224554.0
2010-12-02,7.319179241634685,7.433338928150618,7.319179241634685,7.407393455505371,29761269.0
2010-12-03,7.363287018449085,7.3944217194969255,7.319179907501073,7.39182710647583,30402615.0
2010-12-06,7.365880632529934,7.399609286819376,7.332151978240492,7.342529773712158,30540178.0
2010-12-07,7.3710712774168705,7.459285504338154,7.350315027271001,7.404799938201904,33081199.0
2010-12-08,7.443716243828324,7.448905469063622,7.3814475066203675,7.428149223327637,22840589.0
2010-12-09,7.435933584858648,7.4774460792541495,7.420365908056395,7.47744607925415,27701258.0
2010-12-10,7.500797377762168,7.516365056834394,7.459285532518944,7.495608806610107,34787173.0
2010-12-13,7.5111772245049355,7.524149637600708,7.461880875371154,7.46707010269165,31504183.0
2010-12-14,7.4800408701002,7.612362861633302,7.474852299126712,7.612362861633301,35191920.0
2010-12-15,7.609768973748177,7.669443114875442,7.521554085917533,7.557878017425537,46097443.0
2010-12-16,7.581229067477622,7.614957731267639,7.555283588682393,7.5838236808776855,22834101.0
2010-12-17,7.576037742054993,7.594199375619117,7.49820198243583,7.578632354736328,47943894.0
2010-12-20,7.653876090060805,7.659065316734147,7.518960127786251,7.557878017425537,36551271.0
2010-12-21,7.578630156617401,7.596791784913894,7.537117676166835,7.542306900024414,22095839.0
2010-12-22,7.526743312590875,7.56566185743555,7.521554085917533,7.557878017425537,22334821.0
2010-12-23,7.557874347078475,7.586414424716486,7.539712717747039,7.576035976409912,16809769.0
2010-12-27,7.570851281106458,7.627931470527597,7.563068095425729,7.589013576507568,15423806.0
2010-12-28,7.617552344667702,7.627930798267956,7.578634454077559,7.5838236808776855,18108480.0
2010-12-29,7.5993911752537615,7.638309068246668,7.578634921977182,7.604580402374268,16192520.0
2010-12-30,7.591607525787755,7.617553006838347,7.57863511286519,7.609769821166992,17091781.0
2010-12-31,7.6175524723316554,7.661659590461125,7.599390833432242,7.62274169921875,20158562.0
2011-01-03,7.700575315082763,7.713548378650419,7.656468864568425,7.697981357574463,27251760.0
2011-01-04,7.73171138211371,7.760250816607857,7.692793494926894,7.752467632293701,27522253.0
2011-01-05,7.739496650223819,7.809549259144386,7.672039310380521,7.778415203094482,37266893.0
2011-01-06,7.8205491986509825,7.831127885019953,7.590454922435679,7.709469318389893,53978818.0
2011-01-07,7.696246401366407,7.698891240369214,7.579877492574748,7.630127429962158,62936472.0
2011-01-10,7.548134471651389,7.5666476629964015,7.43969949272648,7.495239734649658,54728996.0
2011-01-11,7.4370615181478685,7.46615408447091,7.328626439165858,7.381521224975586,75910746.0
2011-01-12,7.381521322542725,7.460864504139188,7.36300811387018,7.415903568267822,47702926.0
2011-01-13,7.442348656811647,7.455572181778328,7.370940019059107,7.426480293273926,47543781.0
2011-01-14,7.407966707591558,7.524336269740969,7.381518988754617,7.519047260284424,45258027.0
2011-01-18,7.550785856174983,7.561365213481859,7.474088187255005,7.49260139465332,41326939.0
2011-01-19,7.495246233980039,7.529627809449949,7.471443347928286,7.49260139465332,41898112.0
2011-01-20,7.534915033919396,7.540204710849943,7.444993197654107,7.466151237487793,39320814.0
2011-01-21,7.487311715999882,7.532272648776669,7.466153669274847,7.49260139465332,50337686.0
2011-01-24,7.526977895408485,7.55342560295582,7.487306668031616,7.5322675704956055,26452328.0
2011-01-25,7.53227090655984,7.606323719024658,7.511112864728668,7.606323719024658,36592447.0
2011-01-26,7.635416988908293,7.6565750327121895,7.585166384415807,7.598390579223633,32290904.0
2011-01-27,7.426480416159726,7.471441336834345,7.3550717772255885,7.439703941345215,77328617.0
2011-01-28,7.405318319353891,7.4106079941635095,7.249278255576032,7.2704362869262695,54335371.0
2011-01-31,7.251926666956166,7.2942427505113265,7.193741551151399,7.278373718261719,38726206.0
2011-02-01,7.384161822971049,7.384161822971049,7.310109031795761,7.370938301086426,34941154.0
2011-02-02,7.415901308714464,7.4185461474173655,7.288953058306544,7.318045616149902,30986366.0
2011-02-03,7.318046314668179,7.407967499707144,7.294243431958604,7.402678489685059,27917070.0
2011-02-04,7.421189426337998,7.421189426337998,7.360359484733588,7.39738655090332,24257401.0
2011-02-07,7.397385896262562,7.407964580026011,7.328622114190876,7.394741058349609,43549935.0
2011-02-08,7.397390261818384,7.405324112351027,7.344494808119901,7.381521224975586,26248565.0
2011-02-09,7.347135961886954,7.407965235602943,7.307464725458632,7.39738655090332,24671813.0
2011-02-10,7.400033872481847,7.5216931286307664,7.3524281056361245,7.46879768371582,46705159.0
2011-02-11,7.439702165406615,7.561361373203595,7.4291228134728,7.529623985290527,29461780.0
2011-02-14,7.511112037432001,7.545493601162554,7.46086144315951,7.526980400085449,30305963.0
2011-02-15,7.48995572810407,7.495245406173293,7.405322882662426,7.46879768371582,31318690.0
2011-02-16,7.455569984985621,7.508465405043698,7.429122274956582,7.4846625328063965,30192364.0
2011-02-17,7.474087284120796,7.5507849437729835,7.444994722931017,7.537561416625977,25016450.0
2011-02-18,7.545492406250995,7.558716596275081,7.497887325829438,7.556071758270264,26106764.0
2011-02-22,7.489954060636381,7.516401777205873,7.418545426265304,7.458216667175293,34396461.0
2011-02-23,7.471440801104884,7.4820194869170376,7.410610853103159,7.41325569152832,32786080.0
2011-02-24,7.407963866519009,7.418543217151858,7.302173699632016,7.384160995483398,37251534.0
2011-02-25,7.349782099995977,7.452928134419244,7.344492422766366,7.439703941345215,21257085.0
2011-02-28,7.471442042749308,7.511113289942524,7.447639160855657,7.505823612213135,28047616.0
2011-03-01,7.524335980959826,7.545494021639631,7.4159009389897586,7.426480293273926,29408820.0
2011-03-02,7.426480171676001,7.542849059565292,7.41325597903732,7.450283050537109,35584618.0
2011-03-03,7.492599377864251,7.508467741664547,7.415901061700502,7.439703941345215,28930459.0
2011-03-04,7.463504121564867,7.497886343233326,7.349779441703237,7.384160995483398,35097784.0
2011-03-07,7.39209639338471,7.43176762723044,7.333911961603532,7.378872871398926,31607455.0
2011-03-08,7.442351839852573,7.564010458821846,7.43177248104369,7.524339199066162,39843662.0
2011-03-09,7.5375615816798005,7.640706965773266,7.503179341722877,7.614259243011475,38104323.0
2011-03-10,7.593099059611509,7.619546774923702,7.5454933056272555,7.566651344299316,45656551.0
2011-03-11,7.534914915356419,7.595744195435045,7.46879595843048,7.526980400085449,28960779.0
2011-03-14,7.489956277728863,7.5164040021271115,7.39209989782195,7.455574035644531,33465424.0
2011-03-15,7.323333675382083,7.389452630709265,7.27572858857283,7.355071067810059,50984724.0
2011-03-16,7.331264680525505,7.3365543547124155,7.212251018648958,7.228119373321533,49162768.0
2011-03-17,7.318046091420206,7.3815195528578865,7.288953531687431,7.336559295654297,34519725.0
2011-03-18,7.392098726749146,7.418546446957488,7.336559115411358,7.389453887939453,35114863.0
2011-03-21,7.608966438973396,7.696243420710205,7.429122799542788,7.474084377288818,82085087.0
2011-03-22,7.479374650081594,7.484664326933041,7.405321177826814,7.431768894195557,38217128.0
2011-03-23,7.413255924521968,7.46350652040239,7.392097884344186,7.442348480224609,28914704.0
2011-03-24,7.537558980074654,7.608966938629625,7.513756104593523,7.548137664794922,43139627.0
2011-03-25,7.577232653571941,7.643351624976191,7.569298136563522,7.630127429962158,31312070.0
2011-03-28,7.675085201475167,7.836415639091817,7.643348482267921,7.765007019042969,66838962.0
2011-03-29,7.754430630720784,7.955431692902237,7.749140953324283,7.947497844696045,55647455.0
2011-03-30,7.963365604386595,8.190815036281688,7.9554310888942625,8.122051239013672,69942021.0
2011-03-31,8.100895528735924,8.159079988747983,8.069158125527444,8.095605850219727,154437848.0
2011-04-01,8.164366480050948,8.18023484151613,8.029483737875792,8.098247528076172,161523234.0
2011-04-04,8.129987484021376,8.156434538844954,8.103539761309145,8.137921333312988,49849262.0
2011-04-05,8.11147094675281,8.198747260444256,8.098246756884123,8.119404792785645,38599102.0
2011-04-06,8.170423209596347,8.232401861455221,8.146170575302305,8.210844039916992,33295025.0
2011-04-07,8.213537616952763,8.237790247598015,8.081495214324976,8.229705810546875,39700272.0
2011-04-08,8.240484359773365,8.278210368456858,8.2162317311888,8.27551555633545,34604991.0
2011-04-11,8.286296586741848,8.310548540033544,8.256654327540069,8.262043952941895,30168002.0
2011-04-12,8.202759601649555,8.237791486966847,8.183896592867137,8.210844039916992,29039160.0
2011-04-13,8.221620318503712,8.232399566522048,8.116526052865343,8.132694244384766,28050264.0
2011-04-14,8.105747606484941,8.20006331394064,8.086884601095433,8.162337303161621,25714993.0
2011-04-15,8.229704710590973,8.267430717437621,8.1677260763406,8.259346961975098,30026996.0
2011-04-18,8.197370003468487,8.213538880057271,8.143475789697364,8.167728424072266,28447596.0
2011-04-19,8.167728424072266,8.202759628998082,8.132696538638175,8.167728424072266,31453606.0
2011-04-20,8.129999300978623,8.218926054168367,8.059936231516081,8.119220733642578,41339517.0
2011-04-21,8.15964499874636,8.286297811873611,8.143476800658672,8.267434120178223,33859976.0
2011-04-25,8.264739877767724,8.280908075640575,8.20006572525962,8.232402801513672,17548958.0
2011-04-26,8.267432716669367,8.350969186534066,8.26204377189389,8.337495803833008,27804530.0
2011-04-27,8.342888173143692,8.48840334010728,8.329414105502687,8.466845512390137,37685806.0
2011-04-28,8.472232148153974,8.574632304037303,8.431811320519282,8.453369140625,31843127.0
2011-04-29,8.456064678393307,8.569243413781583,8.372527522874813,8.386001586914062,33815622.0
2011-05-02,8.515348778628008,8.547685852801225,8.39408560111383,8.41025447845459,36507049.0
2011-05-03,8.493790164088617,8.606968892380088,8.423727077002637,8.585411071777344,61224673.0
2011-05-04,8.542294762454079,8.598883781919701,8.520736943537434,8.566547393798828,34708263.0
2011-05-05,8.547685850324205,8.601580066586207,8.361749205025781,8.412948608398438,41676475.0
2011-05-06,8.50457322407269,8.536909629207036,8.388699631239426,8.423730850219727,32335125.0
2011-05-09,8.407559097458964,8.466842935510982,8.369833080562978,8.447979927062988,20358221.0
2011-05-10,8.47762172492774,8.553074435121275,8.458758717506413,8.539600372314453,22636163.0
2011-05-11,8.520738647601474,8.553075722697633,8.4156436639202,8.45606517791748,26783593.0
2011-05-12,8.469536212307986,8.566546730171844,8.442588770622677,8.52612590789795,29171427.0
2011-05-13,8.520738229940681,8.531517481280476,8.394085429239546,8.46414852142334,23454925.0
2011-05-16,8.439894438535545,8.458758125144081,8.356357977016154,8.369832038879395,42626710.0
2011-05-17,8.359054139343847,8.426422418015242,8.326717746666217,8.386001586914062,27778844.0
2011-05-18,8.396779191171396,8.421031823142293,8.332105732751739,8.40755844116211,23507488.0
2011-05-19,8.429116095807458,8.477621358800754,8.3913894020859,8.46145248413086,19483984.0
2011-05-20,8.447980068141929,8.561158801228204,8.404864425109851,8.439895629882812,22301191.0
2011-05-23,8.353663433275154,8.396779071607659,8.337495239027515,8.375221252441406,23978170.0
2011-05-24,8.375221241226384,8.434505754235339,8.361747859456093,8.39677906036377,22956571.0
2011-05-25,8.334800437786708,8.415642089641915,8.332105625323774,8.353663444519043,24066348.0
2011-05-26,8.348274349252838,8.423726374818806,8.33749509959588,8.383305549621582,26718188.0
2011-05-27,8.412946693097426,8.44797857217522,8.350968052277516,8.43181037902832,22837014.0
2011-05-31,8.48301313647601,8.52882359864992,8.439896806922597,8.504570960998535,31365428.0
2011-06-01,8.46953819019661,8.509959702418264,8.383306901072565,8.39947509765625,29328056.0
2011-06-02,8.39947143191785,8.418334433117913,8.297071990899784,8.345577239990234,23083146.0
2011-06-03,8.245872902024097,8.318630784235271,8.224315086610572,8.259346961975098,28872600.0
2011-06-06,8.232400097841206,8.245873478225617,8.178505215287313,8.18120002746582,23787249.0
2011-06-07,8.208149254527678,8.248570084983088,8.167728424072266,8.167728424072266,21177115.0
2011-06-08,8.140783413191608,8.227014725438119,8.113835957987455,8.175814628601074,27651078.0
2011-06-09,8.167726786344872,8.229705425982925,8.14077934460846,8.173115730285645,22113845.0
2011-06-10,8.15695161411071,8.232404352580645,8.140783413191608,8.175814628601074,31355762.0
2011-06-13,8.159644890323317,8.310549658322744,8.151560451132717,8.232402801513672,30908515.0
2011-06-14,8.283600936298424,8.334800330913055,8.259348304951203,8.297074317932129,26567384.0
2011-06-15,8.253958603289913,8.280906046814762,8.143474697295398,8.178505897521973,32109118.0
2011-06-16,8.14617044638015,8.208149097258145,8.130001570101166,8.200064659118652,25047564.0
2011-06-17,8.259350614552202,8.340192287976949,8.248571361824434,8.29168701171875,36906632.0
2011-06-20,8.262042419728404,8.385999697917681,8.251263170925094,8.342884063720703,23149081.0
2011-06-21,8.388695174450062,8.445284193624536,8.3455795368386,8.383305549621582,47697762.0
2011-06-22,8.356358411120567,8.39677923779376,8.321327209472656,8.321327209472656,23608774.0
2011-06-23,8.251263198363858,8.283600264373192,8.162337117473363,8.278210639953613,32439589.0
2011-06-24,8.291683915148877,8.29707353949998,8.202757835388184,8.202757835388184,26714348.0
2011-06-27,8.259348444555146,8.337495284266257,8.218927618462628,8.288990020751953,24829502.0
2011-06-28,8.32132759584315,8.364443237030901,8.288990524698216,8.359053611755371,22791468.0
2011-06-29,8.39678339226874,8.456067935862622,8.377920375855613,8.423730850219727,26446238.0
2011-06-30,8.458759576261734,8.488401156429587,8.437201073582143,8.46414852142334,53799548.0
2011-07-01,8.466843151697502,8.550380306254825,8.456064581098405,8.536906242370605,26518926.0
2011-07-05,8.55307403423153,8.563852603463564,8.504568771416897,8.523431777954102,27652534.0
2011-07-06,8.60282744706242,8.613804276519659,8.536968549263962,8.569897651672363,23921502.0
2011-07-07,8.575386066400982,8.591850617605182,8.525991719806724,8.569897651672363,29117805.0
2011-07-08,8.520501015207696,8.586359889950318,8.512268395996838,8.545197486877441,24681743.0
2011-07-11,8.48208441867475,8.498549660202617,8.424458152271852,8.451899528503418,25590404.0
2011-07-12,8.421712545715067,8.545197678762346,8.421712545715067,8.443665504455566,28536834.0
2011-07-13,8.468364058874478,8.531478738984537,8.429946548021666,8.457387924194336,20852603.0
2011-07-14,8.465618936354497,8.487571896321988,8.380551303103157,8.391528129577637,28750660.0
2011-07-15,8.42445777213029,8.42445777213029,8.287251590145239,8.317437171936035,43644733.0
2011-07-18,8.279021095260804,8.281765302762818,8.18572081211907,8.265300750732422,29087221.0
2011-07-19,8.276272589262085,8.328411118757483,8.224134752748018,8.322922706604004,28359683.0
2011-07-20,8.322926182786707,8.333903011678288,8.254323081159185,8.295485496520996,26278752.0
2011-07-21,8.358597475935769,8.435433174341059,8.298226322552543,8.309203147888184,50205948.0
2011-07-22,8.243344241178288,8.33115607157947,8.182973781022826,8.32017993927002,36445483.0
2011-07-25,8.235113495629024,8.279019420817843,8.191207570440206,8.207672119140625,28135397.0
2011-07-26,8.207673520941428,8.259812075876054,8.199441591676052,8.215906143188477,23598049.0
2011-07-27,8.204925228583086,8.289992837005654,8.199436816947754,8.221389770507812,35769714.0
2011-07-28,8.213161808210655,8.268044569708556,7.9826553186901315,8.029305458068848,65698998.0
2011-07-29,7.955213937941181,8.051259117053336,7.894843454678819,8.029305458068848,36404439.0
2011-08-01,8.248836277164218,8.254324692681532,8.01284203271902,8.100654602050781,37703548.0
2011-08-02,8.084186634062245,8.122604143787177,7.985397959933538,8.00735092163086,38673510.0
2011-08-03,8.010095957273224,8.103396227386034,7.957957407979221,8.09516429901123,36434626.0
2011-08-04,8.007351640855507,8.018328469180876,7.897586822509766,7.897586822509766,58761371.0
2011-08-05,7.971675278024828,8.034789937749634,7.741168901395575,7.938745498657227,71205382.0
2011-08-08,7.768608471234307,7.933255251033017,7.560055098110626,7.601216793060303,95320321.0
2011-08-09,7.686287409349054,7.930514855605727,7.499687606037813,7.9167938232421875,101431640.0
2011-08-10,7.933259019569522,7.952468466453519,7.614941437357054,7.6506147384643555,82072642.0
2011-08-11,7.689031156396974,7.870143228922664,7.631404902857614,7.804285049438477,69705025.0
2011-08-12,7.9414897726274996,7.9414897726274996,7.683542026481999,7.743913173675537,56385320.0
2011-08-15,7.820747995098403,7.9167917313580105,7.776842089099368,7.905815601348877,34676752.0
2011-08-16,7.826238563459878,7.933259161680364,7.807029809213279,7.900330066680908,29005000.0
2011-08-17,7.941489680070436,8.040278324885712,7.930513548969472,8.00460433959961,34004424.0
2011-08-18,7.9442373481967445,7.9716787273801115,7.738428043793921,7.809775352478027,60700898.0
2011-08-19,7.735682974030036,7.85368040627438,7.680800914764404,7.680800914764404,50331860.0
2011-08-22,7.870143918974651,7.870143918974651,7.757635608339974,7.8070292472839355,47512005.0
2011-08-23,7.804286553706129,7.9524688720703125,7.796053933193082,7.9524688720703125,39287449.0
2011-08-24,7.922282081989535,8.09516223553519,7.900329123616594,8.075953483581543,33160507.0
2011-08-25,8.070467412286883,8.133582099298339,7.9442373452823505,7.974422931671143,31502329.0
2011-08-26,7.925024812712669,8.015580835761552,7.807027423562034,7.968930721282959,30105774.0
2011-08-29,8.054002631444737,8.086932426939809,8.001864770301559,8.029305458068848,30866544.0
2011-08-30,8.043025123673097,8.177487104138608,8.023816368318245,8.128092765808105,29977743.0
2011-08-31,8.19394906285387,8.204925887005393,7.683541985397185,7.815260410308838,149624710.0
2011-09-01,7.845452735480174,7.875637641911112,7.752152421823997,7.757640838623047,49874286.0
2011-09-02,7.700008877953864,7.785076511501553,7.689032051441144,7.697264671325684,35030127.0
2011-09-06,7.667077893939658,7.680798924937583,7.551824698463905,7.636892318725586,44342216.0
2011-09-07,7.702752278513236,7.719216823577881,7.636892712291859,7.719216823577881,32483546.0
2011-09-08,7.675312051140561,7.719217973172627,7.65610329687422,7.672567844390869,29022610.0
2011-09-09,7.6286631342982,7.645127684430515,7.538107069098046,7.557315826416016,47628384.0
2011-09-12,7.4914556008673765,7.661590872273721,7.488711394169663,7.6506147384643555,33830583.0
2011-09-13,7.647868600880204,7.749401451135276,7.612195308779475,7.7164716720581055,31846040.0
2011-09-14,7.732937009711199,7.820748831095897,7.606706996734702,7.754889965057373,30588769.0
2011-09-15,7.743914711857324,7.861912130648471,7.735682092064408,7.831726551055908,28870350.0
2011-09-16,7.908561559870279,7.941490650177002,7.831725860852254,7.941490650177002,45362888.0
2011-09-19,7.831726039926423,7.867400030386036,7.768611371244237,7.842702865600586,28662614.0
2011-09-20,7.894840864441957,8.007349864915817,7.867400185677744,7.9167938232421875,27336098.0
2011-09-21,7.936002976157925,7.955211729455055,7.757635783261309,7.765867710113525,34224738.0
2011-09-22,7.66158911384629,7.70275151188324,7.535359792611545,7.6149396896362305,166822279.0
2011-09-23,7.620427282381752,7.669821604821667,7.549080697725563,7.642380237579346,137437952.0
2011-09-26,7.700006907167894,7.798795548571926,7.683541671613026,7.7768425941467285,93473208.0
2011-09-27,7.8948413265802175,7.957956000202728,7.828982446324363,7.867400646209717,38971543.0
2011-09-28,7.900329628226732,7.982653054138072,7.823494615504538,7.834470748901367,28658774.0
2011-09-29,7.94149291113451,7.94698132540866,7.8125193335815935,7.914051532745361,45249951.0
2011-09-30,7.883864147384858,7.95795494473255,7.820749482133299,7.826237201690674,36753578.0
2011-10-03,7.859166193229672,7.916792440144688,7.727448463439941,7.727448463439941,42563422.0
2011-10-04,7.697264615091963,7.78782066123444,7.560058442574182,7.768611907958984,57329200.0
2011-10-05,7.841232996467659,7.93644875810985,7.813229151094489,7.928047180175781,42669872.0
2011-10-06,7.914045350718918,7.961652878499079,7.824430639977086,7.956051826477051,29346990.0
2011-10-07,8.03166349512474,8.045666125694407,7.9280475649270175,7.96445369720459,29641050.0
2011-10-10,8.076469752929805,8.16888427734375,8.05966730500095,8.16888427734375,27591366.0
2011-10-11,8.087673637150308,8.121278540407372,8.040066101533089,8.056868553161621,29290190.0
2011-10-12,8.096072415223784,8.185687117537979,8.017660523103638,8.118475914001465,34291070.0
2011-10-13,8.073669423445857,8.154882553617036,8.037264000847287,8.14928150177002,26529650.0
2011-10-14,8.224893380044595,8.241696535176947,8.112875881846403,8.16888427734375,31511068.0
2011-10-17,8.174482431968332,8.227690989956349,8.10167090714348,8.126874923706055,24479701.0
2011-10-18,8.135279137926444,8.219292082258976,8.056866537933532,8.180086135864258,26388776.0
2011-10-19,8.196886690796829,8.219290184593227,8.104472190486268,8.146478652954102,26117621.0
2011-10-20,8.062467520659,8.135279068487328,8.017660523103638,8.118475914001465,41550562.0
2011-10-21,8.191288977582975,8.224893875464847,8.115676896543446,8.157683372497559,40020416.0
2011-10-24,8.152081248379966,8.160482825347325,8.056866204897027,8.087671279907227,32050598.0
2011-10-25,8.045665830015345,8.079270727740436,7.930847799581463,7.956051826477051,44631378.0
2011-10-26,8.037262136508954,8.059665631496744,7.970051651545585,8.051264762878418,37064983.0
2011-10-27,8.177283302342088,8.30890444044202,8.135276842030668,8.25289535522461,49974910.0
2011-10-28,8.25570156738707,8.34531559970555,8.208094024317408,8.328513145446777,32215700.0
2011-10-31,8.25009821337694,8.303306795432498,8.205291209710229,8.208091735839844,34869526.0
2011-11-01,8.129676466119369,8.152079960623205,8.01485846838679,8.037261962890625,41759357.0
2011-11-02,8.16607904244717,8.208085488009802,8.101668404901236,8.143674850463867,28810240.0
2011-11-03,8.20529229626945,8.258500885370983,8.14368212766652,8.244498252868652,27520664.0
2011-11-04,8.16048323795601,8.188487788726384,8.107274662212646,8.166084289550781,24383181.0
2011-11-07,8.17728773846845,8.247298779369117,8.135281255368783,8.244498252868652,19871254.0
2011-11-08,8.208089853203612,8.261298423055065,8.16328285981399,8.250096321105957,27589115.0
2011-11-09,8.15768138640905,8.191286983312768,8.065266878928043,8.096071243286133,35978641.0
2011-11-10,8.140880264577792,8.216492339496758,8.107274662212646,8.166084289550781,26310660.0
2011-11-11,8.233290552848244,8.275297003798922,8.210887065194342,8.2388916015625,20008553.0
2011-11-14,8.194089136055899,8.210892292896883,8.135280208723167,8.17448616027832,29037836.0
2011-11-15,8.180084939262926,8.22489193064627,8.126876371793937,8.19128704071045,37964244.0
2011-11-16,8.154881675943589,8.182886224961146,8.037263135832598,8.059666633605957,35149684.0
2011-11-17,8.06807023114234,8.079271629232718,7.961653766867456,8.01206111907959,36409073.0
2011-11-18,8.031662478292537,8.051266158608188,7.964452688881345,8.020461082458496,29234185.0
2011-11-21,7.950450373732495,7.978454925227597,7.883239874466351,7.942049503326416,29501103.0
2011-11-22,7.947649436617478,7.961652065242226,7.841232287883266,7.863636493682861,49514290.0
2011-11-23,7.835632375591437,7.844033246025934,7.706811721159606,7.715213298797607,40018430.0
2011-11-25,7.701207947440635,7.762817367742263,7.676003932952881,7.676003932952881,15936723.0
2011-11-28,7.818828399897616,7.872036971614855,7.774021404936814,7.827229976654053,32069134.0
2011-11-29,7.844031031630292,7.919643087416261,7.835630163567388,7.858033657073975,24059463.0
2011-11-30,8.000857908966928,8.115675926208496,7.998057383277688,8.115675926208496,44269529.0
2011-12-01,8.101677272448802,8.107278326575162,8.028866397621334,8.076473236083984,28916690.0
2011-12-02,8.118475866939002,8.154881994243858,8.084870972569025,8.110074996948242,29346460.0
2011-12-05,8.168882737861042,8.205288859916653,8.118474696370727,8.16328239440918,28945288.0
2011-12-06,8.171684803199142,8.210891457971133,8.138079907341433,8.16888427734375,22535407.0
2011-12-07,8.160478214329435,8.23328971862793,8.115671243561598,8.23328971862793,54021848.0
2011-12-08,8.185684074959187,8.18848459966589,8.068065573293719,8.082067489624023,29880297.0
2011-12-09,8.143678738318815,8.149279788988625,8.06526685775494,8.129676818847656,32249330.0
2011-12-12,8.126878322970292,8.143680771972292,8.098873769831265,8.124077796936035,34153772.0
2011-12-13,8.138076902609079,8.191285459808922,8.107271836777079,8.132475852966309,29004074.0
2011-12-14,8.124077857499858,8.174485912085183,8.059667879842408,8.068069458007812,30023156.0
2011-12-15,8.118478849691632,8.126880429972624,8.04006692921727,8.062470436096191,34224076.0
2011-12-16,7.995256471374582,8.079269409179688,7.984055076362166,8.079269409179688,59486393.0
2011-12-19,8.115674302898988,8.138077796728272,8.023259802452774,8.048463821411133,25176390.0
2011-12-20,8.076467938952648,8.166082624587213,8.056864969571235,8.15488052368164,44495933.0
2011-12-21,8.16328431896176,8.205290794372559,8.129678714310998,8.205290794372559,36556037.0
2011-12-22,8.244495465932015,8.35091260816225,8.205289522585836,8.306105613708496,40174132.0
2011-12-23,8.322910321139624,8.395721883710532,8.322910321139624,8.364916801452637,24006106.0
2011-12-27,8.378916715469414,8.446127209285148,8.356513217530837,8.412522315979004,21796085.0
2011-12-28,8.415323161433374,8.446127530267438,8.37611650814829,8.38731861114502,22120995.0
2011-12-29,8.415322985452992,8.454528930714734,8.387318435750265,8.448927879333496,23497690.0
2011-12-30,8.429326609076146,8.48533571979311,8.42372555656373,8.46853256225586,20770647.0
2012-01-03,8.53014256951406,8.552546071950484,8.485335564641213,8.507739067077637,43699017.0
2012-01-04,8.563746182129734,8.591750023250007,8.499335508824208,8.52173900604248,49271204.0
2012-01-05,8.538544024614726,8.541344550779217,8.451729835126256,8.51333999633789,45621068.0
2012-01-06,8.58544709023069,8.591157572134032,8.451255091624855,8.474096298217773,60348979.0
2012-01-09,8.511212864392494,8.522633106044685,8.422703287761632,8.468385696411133,35470092.0
2012-01-10,8.50835776095247,8.542619207482,8.491227037687704,8.496936798095703,38481001.0
2012-01-11,8.488374368223948,8.574028731514094,8.488374368223948,8.562607765197754,31379594.0
2012-01-12,8.588303803827241,8.636841466287548,8.56831783475898,8.599724769592285,35100696.0
2012-01-13,8.57973755037138,8.59401303447704,8.511213928827383,8.585447311401367,29256163.0
2012-01-17,8.65111798170173,8.699655645891257,8.614000562663545,8.636841773986816,31114265.0
2012-01-18,8.656826800216917,8.66539180217836,8.60828842433996,8.65968132019043,29147860.0
2012-01-19,8.656827105739609,8.6939437979302,8.651116623550141,8.685378074645996,33793776.0
2012-01-20,8.685379330228995,8.713931024283374,8.665393360697104,8.711075782775879,35013312.0
2012-01-23,8.71107559404886,8.725351801277043,8.639696720969638,8.679669380187988,25402661.0
2012-01-24,8.62256484390281,8.62256484390281,8.542620257143529,8.591157913208008,32227616.0
2012-01-25,8.582589826191365,8.633982709166213,8.482660021540575,8.625417709350586,37253123.0
2012-01-26,8.536912370522497,8.559753583037573,8.388444128664192,8.408430099487305,74148237.0
2012-01-27,8.419851235306588,8.431271481283103,8.322775899913307,8.325631141662598,48138654.0
2012-01-30,8.31420982311231,8.388443942393044,8.285658127847318,8.377023696899414,38969822.0
2012-01-31,8.434122717924975,8.434122717924975,8.345613149810056,8.397006034851074,38887469.0
2012-02-01,8.539764427499135,8.545474909235605,8.445545083949478,8.451254844665527,40535319.0
2012-02-02,8.528346774689837,8.539767020610128,8.485519590702623,8.505505561828613,34024284.0
2012-02-03,8.556897998413858,8.585448972148004,8.525491062081578,8.551187515258789,34813786.0
2012-02-06,8.516919760130321,8.55974763472734,8.476947846261242,8.556892395019531,31203105.0
2012-02-07,8.522635172234438,8.608289528962821,8.508359686453222,8.576883316040039,32015114.0
2012-02-08,8.576881288255372,8.60828749375296,8.571170806884766,8.571170806884766,26632525.0
2012-02-09,8.582593735230748,8.582593735230748,8.53120154986902,8.562607765197754,23929844.0
2012-02-10,8.514071350178726,8.556898534483569,8.479809170122467,8.519781112670898,33100265.0
2012-02-13,8.542621140736358,8.59972452590231,8.539765899376006,8.576883316040039,30508535.0
2012-02-14,8.599723516527488,8.6082885185827,8.522634171907818,8.585447311401367,28635869.0
2012-02-15,8.559752039961428,8.585447768515639,8.49979341728027,8.528345108032227,30492117.0
2012-02-16,8.536909360701875,8.61685321580887,8.522633157275356,8.571170806884766,31175831.0
2012-02-17,8.60543195580358,8.608286475130733,8.565459311959687,8.568314552307129,41467680.0
2012-02-21,8.594012999826038,8.67966806717602,8.585447276784903,8.66253662109375,33614771.0
2012-02-22,8.636840046432525,8.671102217074555,8.622564562593608,8.645405769348145,20829036.0
2012-02-23,8.628273760841823,8.702507852004798,8.628273760841823,8.696797370910645,29748824.0
2012-02-24,8.688233069196698,8.70536451527897,8.648261137045647,8.66253662109375,24194379.0
2012-02-27,8.653972690758765,8.688234145125243,8.648262208024171,8.668248176574707,40556636.0
2012-02-28,8.682523028215048,8.73391592276374,8.668246823606834,8.716784477233887,26874552.0
2012-02-29,8.705361741611222,8.748188901130565,8.699651261403249,8.73391342163086,35125323.0
2012-03-01,8.719639133367458,8.75390130110892,8.691087447086305,8.745335578918457,28574568.0
2012-03-02,8.756757283198882,8.850976630168777,8.736770596395703,8.813859939575195,31170138.0
2012-03-05,8.808150659720106,8.885240013420335,8.77959968814569,8.848122596740723,51997717.0
2012-03-06,8.793871687515388,8.842409329377428,8.753899766342034,8.773885726928711,33692755.0
2012-03-07,8.762468999297845,8.842413601287314,8.762468999297845,8.816717147827148,21902270.0
2012-03-08,8.870962910461039,8.89380411802546,8.81671549313333,8.850976943969727,24819174.0
2012-03-09,8.850976603906041,8.902369499206543,8.850976603906041,8.902369499206543,25423448.0
2012-03-12,8.908079888646522,8.9994447144453,8.90236940677899,8.976603507995605,27235739.0
2012-03-13,8.999444435856987,9.033706604981122,8.97660323011437,9.030851364135742,31464330.0
2012-03-14,9.022287897596227,9.079391286741515,8.970894991569587,8.979460716247559,32445944.0
2012-03-15,8.96803756719959,9.036561905903424,8.950906843033842,9.033706665039062,26484237.0
2012-03-16,9.050838044959841,9.053693286031072,8.996589906647406,9.019431114196777,37954181.0
2012-03-19,8.982313831199932,9.062258412871943,8.950906902503707,9.036561965942383,26143704.0
2012-03-20,9.022281394384432,9.087949739853707,8.996584959892964,9.076529502868652,24010872.0
2012-03-21,9.093663155157113,9.127925319215521,9.08795267431066,9.090807914733887,27916937.0
2012-03-22,9.07939117774145,9.096521905871139,9.010867544202101,9.053694725036621,106260930.0
2012-03-23,9.039418572607929,9.056549299475806,8.959473978856943,8.999445915222168,102966288.0
2012-03-26,9.025136633885715,9.087949739853707,9.01942615488315,9.076529502868652,100051635.0
2012-03-27,9.076533835963643,9.122216247752586,9.022285701581616,9.033706665039062,36945955.0
2012-03-28,9.002301624625213,9.013722590478006,8.90808154042197,8.953763961791992,41556653.0
2012-03-29,8.865250141265214,8.910932540893555,8.785305581405506,8.910932540893555,38019322.0
2012-03-30,8.942342454314959,8.959473902056521,8.896660035711852,8.916646003723145,28791307.0
2012-04-02,8.930923051780242,9.019432656036903,8.928067810220918,8.979460716247559,28726563.0
2012-04-03,8.973751068115234,9.022288737098867,8.945199370885922,8.973751068115234,29136474.0
2012-04-04,8.959473327072,9.039417915007167,8.959473327072,9.013721466064453,35226212.0
2012-04-05,9.043554120100978,9.06391582111357,8.944654534407764,8.999921798706055,28431046.0
2012-04-09,8.921382587194639,8.973740924336207,8.886476294524773,8.9126558303833,25451649.0
2012-04-10,8.877750243104195,8.90683870021109,8.71194699254311,8.76430606842041,46030978.0
2012-04-11,8.839937619648174,8.874843187846942,8.805031316873706,8.857390403747559,28589926.0
2012-04-12,8.956286106884113,8.982465636784314,8.924288740433797,8.970829963684082,26054864.0
2012-04-13,8.94465364157453,8.976650282296662,8.877749971899833,8.883567810058594,33139058.0
2012-04-16,8.889384897121353,8.935926129307953,8.871932118695245,8.903928756713867,19510464.0
2012-04-17,8.950471016272175,9.002830092135953,8.921383293748342,8.985377311706543,28736758.0
2012-04-18,8.944657325744629,8.973745059368182,8.918477777822769,8.944657325744629,17028096.0
2012-04-19,8.95628962056237,8.982469160733173,8.901021620804498,8.94174575805664,22168791.0
2012-04-20,8.941741828509791,9.043550290460274,8.930106155958143,8.97664737701416,29220415.0
2012-04-23,8.979558442660956,8.98828519916174,8.903928756713867,8.903928756713867,36186244.0
2012-04-24,9.081368166696883,9.284986636196857,9.055189362777433,9.226810455322266,68722220.0
2012-04-25,9.238446880819428,9.299532725306447,9.226811936606845,9.232629776000977,37678922.0
2012-04-26,9.24717111257145,9.462424500142406,9.244262193669421,9.43624496459961,46000924.0
2012-04-27,9.444972851318301,9.526419652017676,9.439155012818183,9.503149032592773,31908400.0
2012-04-30,9.462423710057628,9.584594620864605,9.459514791398483,9.572958946228027,35286454.0
2012-05-01,9.578778147522696,9.69513123757956,9.578778147522696,9.616593360900879,37497534.0
2012-05-02,9.610774040222168,9.648588513191669,9.555506055504827,9.610774040222168,36978393.0
2012-05-03,9.546785908875936,9.642776609680437,9.52933238638797,9.631141662597656,32713657.0
2012-05-04,9.610775440297397,9.631137139060712,9.546781424959047,9.558416366577148,25303361.0
2012-05-07,9.45078781911916,9.625317792645403,9.444970716509426,9.599138259887695,34121069.0
2012-05-08,9.543871115581677,9.65731526906559,9.540962196957038,9.610774040222168,35298237.0
2012-05-09,9.561323702728888,9.607864930647331,9.514782474810444,9.54387092590332,28592045.0
2012-05-10,9.619504602266899,9.671863693074942,9.581690111447623,9.636958122253418,31629168.0
2012-05-11,9.709677550400949,9.866754812576808,9.698042605744797,9.770763397216797,55588140.0
2012-05-14,9.721311871037793,9.762035273506616,9.613685526062874,9.75330924987793,39728474.0
2012-05-15,9.689313991879374,9.77367044643822,9.671861210947588,9.700949668884277,37104306.0
2012-05-16,9.735854294117226,9.759124911312734,9.648589663277953,9.654407501220703,29845343.0
2012-05-17,9.648590180268371,9.75039941141966,9.631137400080462,9.683496475219727,30980541.0
2012-05-18,9.718402611434456,9.834756445116199,9.715493692134853,9.791123390197754,51472883.0
2012-05-21,9.805669801679786,9.872572754227308,9.762036738685065,9.78239917755127,32660167.0
2012-05-22,9.762035060643381,9.834756574942238,9.727129497738543,9.756217956542969,37108145.0
2012-05-23,9.698038630969215,9.78821216975535,9.622408950686344,9.703856468200684,34060165.0
2012-05-24,9.70967627551791,9.802759493423816,9.703859171241477,9.785305976867676,31885362.0
2012-05-25,9.791120847211978,9.846388830398844,9.750397456745544,9.799847602844238,29504148.0
2012-05-29,9.858026177229034,9.884205713992419,9.802758184664608,9.872570037841797,30334296.0
2012-05-30,9.808574556086965,9.922018708714921,9.80275671888158,9.843480110168457,39932899.0
2012-05-31,9.83766581011101,10.00928692734863,9.828939785740884,9.939475059509277,42710916.0
2012-06-01,9.91910851098415,9.951105876912106,9.826026066003168,9.860932350158691,38517543.0
2012-06-04,9.863844828374155,9.968562991858061,9.84639204598538,9.933656692504883,35351330.0
2012-06-05,9.916203402304925,9.965653562020455,9.875480000624696,9.907477378845215,32338568.0
2012-06-06,9.945293975717746,10.0529203414917,9.904570565379034,10.0529203414917,36714255.0
2012-06-07,10.099460714627593,10.105278554049491,9.936566352844238,9.936566352844238,56160902.0
2012-06-08,9.927838574973915,10.082006150397547,9.92202073657948,10.050008773803711,37018246.0
2012-06-11,10.099457120423068,10.180904639616966,10.05291589076239,10.06164264678955,34678208.0
2012-06-12,10.073278919058483,10.177997066931178,10.012193822516423,10.175088882446289,36824280.0
2012-06-13,10.163453206204647,10.198359500354051,10.099458456026657,10.175088882446289,35146904.0
2012-06-14,10.157639212193995,10.448522413412162,10.146004266124685,10.381619453430176,41854553.0
2012-06-15,10.451423007104419,10.471784697435753,10.358339839828693,10.387428283691406,55059599.0
2012-06-18,10.37288824813844,10.46597071511006,10.35543546922513,10.364161491394043,29958413.0
2012-06-19,10.407793598198216,10.413610700925638,10.236172539792395,10.317619323730469,35534704.0
2012-06-20,10.291440327330715,10.364161093683672,10.23908199259997,10.300167083740234,30919504.0
2012-06-21,10.308895385375084,10.369980485671544,10.175089507825378,10.1896333694458,37606896.0
2012-06-22,10.241991892758248,10.276897452589953,10.177997142107582,10.230356216430664,115368594.0
2012-06-25,10.169270727746708,10.19545026389989,10.114002736470493,10.166361808776855,116229988.0
2012-06-26,10.160544287144237,10.215812280140995,10.137273669236473,10.175088882446289,27126642.0
2012-06-27,10.195451183335633,10.262354121949137,10.186724425639087,10.236174583435059,21429072.0
2012-06-28,10.18963415000381,10.297260497220819,10.16636352888319,10.294351577758789,28368818.0
2012-06-29,10.384523506502672,10.3932502635137,10.308894550709136,10.372888565063477,40327451.0
2012-07-02,10.384525009685104,10.529967308044434,10.36707222771223,10.529967308044434,32837318.0
2012-07-03,10.532876152051797,10.532876152051797,10.410704475389611,10.471790313720703,20495255.0
2012-07-05,10.460149445572902,10.463057628753885,10.335068920358134,10.404881477355957,30209973.0
2012-07-06,10.361287168080407,10.497308298314872,10.319888815921967,10.47956657409668,29193670.0
2012-07-09,10.461826334801009,10.509138107299805,10.417471641425529,10.509138107299805,23056136.0
2012-07-10,10.556447627954512,10.565318863432106,10.464781181634025,10.47956657409668,28607536.0
2012-07-11,10.473653779056757,10.491395505582002,10.379030241939336,10.426342010498047,27386543.0
2012-07-12,10.361286829368048,10.379028553006261,10.245963758877245,10.311017990112305,31966126.0
2012-07-13,10.328761663585338,10.45295524597168,10.305105778689706,10.45295524597168,25407692.0
2012-07-16,10.414514657476744,10.515052361639755,10.405644166762876,10.473654747009277,23423281.0
2012-07-17,10.449999825870998,10.615591046426694,10.423386857796679,10.591935157775879,28238802.0
2012-07-18,10.568275877683929,10.701340675354004,10.535748761200802,10.701340675354004,33695668.0
2012-07-19,10.600804886457981,10.606719044462796,10.408600725198452,10.491395950317383,40182738.0
2012-07-20,10.449998691438878,10.497310463604428,10.379031033190552,10.435214042663574,35320745.0
2012-07-23,10.349457277848073,10.497306699534626,10.316930912858108,10.461822509765625,36082575.0
2012-07-24,10.485485255109648,10.54166828123541,10.124732698735384,10.240055084228516,51145723.0
2012-07-25,10.302150057782121,10.503225479269641,10.269622931736434,10.447042465209961,42284191.0
2012-07-26,10.597850274607534,10.772312749204147,10.594893194916725,10.733871459960938,46010589.0
2012-07-27,10.78413668343968,11.044352141079905,10.775266194096814,10.982254981994629,60338520.0
2012-07-30,10.964513651803514,11.144889484700553,10.94972900454111,11.068008422851562,32957405.0
2012-07-31,11.029570266130106,11.26908699606191,11.029570266130106,11.21290397644043,48580605.0
2012-08-01,11.277953514252092,11.319351867840256,11.130104064941406,11.130104064941406,37076766.0
2012-08-02,11.094616262583017,11.1655831340646,11.038433284800584,11.100529670715332,32646662.0
2012-08-03,11.198115157954755,11.23655643475238,11.07983574230255,11.1123628616333,32162608.0
2012-08-06,11.112364403105085,11.227686756021004,11.109407323961452,11.121234893798828,21663950.0
2012-08-07,11.1537600275328,11.17741590972391,11.062093577384372,11.070964813232422,28822818.0
2012-08-08,11.038438381589682,11.091664306513653,10.94972900454111,11.068008422851562,29719563.0
2012-08-09,11.035484047572464,11.056182857582936,10.955645140328706,11.008871078491211,28015443.0
2012-08-10,10.99408317463378,11.08870670482012,10.95268482012448,11.085749626159668,21964498.0
2012-08-13,11.062092249478635,11.09166228535216,11.035479291866155,11.056178092956543,17367570.0
2012-08-14,11.070966869920495,11.094622756506235,10.99112797266719,11.01478385925293,26845027.0
2012-08-15,10.973389361499487,11.020701148110293,10.931990988162003,10.97043228149414,27865301.0
2012-08-16,10.96451949104887,11.03548717982957,10.831454607874141,11.011831283569336,30598170.0
2012-08-17,10.970427256666538,11.020696100257856,10.961556020713823,10.99112606048584,23599638.0
2012-08-20,10.949731189429041,10.952687522081765,10.884676936324691,10.908332824707031,33479723.0
2012-08-21,10.899460186116526,10.908331423146539,10.813707881774913,10.819622039794922,32967600.0
2012-08-22,10.804833943739181,10.86101693741031,10.778220986039011,10.810748100280762,28702599.0
2012-08-23,10.813705178551551,10.852145702597943,10.77230757623437,10.810748100280762,27732504.0
2012-08-24,10.781181625310424,10.95268699450551,10.778224546062917,10.926074028015137,30732291.0
2012-08-27,10.89058961370865,10.937901384037733,10.86693372854411,10.902417182922363,29137665.0
2012-08-28,10.861018861462563,10.940857748706698,10.819621251811709,10.834405899047852,26878656.0
2012-08-29,10.840319650851683,10.95564198584053,10.840319650851683,10.8876314163208,21085627.0
2012-08-30,10.852144929012145,10.893543275115217,10.813704407705952,10.849187850952148,20909402.0
2012-08-31,10.911287707497344,10.931986512322771,10.810750015427782,10.834405899047852,26671715.0
2012-09-04,10.816664452119499,10.917202146783236,10.804836136635723,10.884675025939941,31543241.0
2012-09-05,10.875802003512277,10.946770391287691,10.852146123166127,10.920157432556152,30194879.0
2012-09-06,10.994083009427055,11.100534105918543,10.97338420585196,11.070964813232422,32233310.0
2012-09-07,11.07687757275902,11.07687757275902,10.914243485594977,11.029565811157227,27554558.0
2012-09-10,11.035483891620574,11.130107448466818,11.00591384342181,11.065053939819336,24202455.0
2012-09-11,11.070965153989901,11.177416253757888,11.070965153989901,11.124190330505371,24853731.0
2012-09-12,11.1330640086304,11.269085925304724,11.088709311769916,11.153762817382812,31127770.0
2012-09-13,11.144889553666138,11.298653171789764,11.12714782749405,11.280911445617676,35081101.0
2012-09-14,11.15967169643515,11.201069294354703,10.955639291320336,11.017736434936523,54434009.0
2012-09-17,10.982254713191901,11.133061242436936,10.973384224066152,11.118276596069336,38289418.0
2012-09-18,11.094623994614174,11.159677503300333,11.008870929460505,11.136021614074707,30499267.0
2012-09-19,11.103491963822789,11.224728461903231,11.094621474089195,11.16558837890625,27928324.0
2012-09-20,11.153760404638458,11.269083487614063,11.118276953520617,11.2188138961792,30787766.0
2012-09-21,11.248387440728576,11.40806526071325,11.248387440728576,11.260215759277344,47788191.0
2012-09-24,11.325269537966514,11.381452558922566,11.301613647048804,11.310484886169434,26647089.0
2012-09-25,11.337096096215628,11.405106678700276,11.248385958997353,11.254300117492676,23426459.0
2012-09-26,11.260215759277344,11.348925161443976,11.236559868917091,11.260215759277344,32688104.0
2012-09-27,11.274999187082752,11.32231170940585,11.206988603020177,11.233601570129395,37777427.0
2012-09-28,11.209942422358196,11.227684146359113,11.118275977160312,11.147845268249512,79320708.0
2012-10-01,11.127146838922355,11.227684522860551,11.118276349992932,11.162631034851074,70860612.0
2012-10-02,11.2158575990985,11.266127194036663,11.141933612995048,11.180374145507812,27154578.0
2012-10-03,11.204033949852528,11.334141734256198,11.138980431019373,11.286829948425293,28562520.0
2012-10-04,11.334139135015974,11.363709181063378,11.30161200969011,11.337096214294434,26907255.0
2012-10-05,11.469977135140846,11.497000706785686,11.33485927691665,11.367887496948242,27572035.0
2012-10-08,11.322852156867027,11.37389661348359,11.259797641301153,11.307839393615723,19880257.0
2012-10-09,11.307837014816506,11.316844367568972,11.14869826984042,11.151700973510742,30961872.0
2012-10-10,11.136685339995894,11.154700799111087,11.064622745276823,11.085640907287598,26340318.0
2012-10-11,11.11266519920503,11.13968876876786,10.887469291687012,10.887469291687012,38947843.0
2012-10-12,10.884472279560349,10.890477688882774,10.629249965944844,10.698309898376465,49086241.0
2012-10-15,10.62924892969721,10.638257042802644,10.458100088504724,10.572199821472168,61213022.0
2012-10-16,10.578201315540928,10.710316477038969,10.542170390387751,10.62924575805664,37465096.0
2012-10-17,10.689298473408238,10.77337113888206,10.641256733635064,10.725329399108887,30005018.0
2012-10-18,10.764361413603432,10.980549194924535,10.755353305034857,10.81540584564209,35630164.0
2012-10-19,10.839429624474642,10.839429624474642,10.596218210317362,10.605225563049316,36516052.0
2012-10-22,10.581205247570116,10.626244288370183,10.524156149744018,10.587210655212402,27540259.0
2012-10-23,10.512146533509345,10.650266375485089,10.482120250131558,10.509143829345703,31423948.0
2012-10-24,10.353006774141841,10.503138176699983,9.908620248997115,10.422066688537598,47688229.0
2012-10-25,10.491128754273243,10.49413145854898,10.274940112489407,10.359013557434082,29581735.0
2012-10-26,10.350007592687962,10.449094579576226,10.313976650418425,10.398049354553223,24943101.0
2012-10-31,10.4340757492765,10.473110134854506,10.33799227440514,10.38603401184082,27263014.0
2012-11-01,10.46110087045975,10.545174302551107,10.42506918291816,10.536166191101074,31638039.0
2012-11-02,10.557183803105715,10.623241008815226,10.482118486420974,10.488123893737793,37508126.0
2012-11-05,10.473110020908248,10.491125482686014,10.337992161928948,10.458096504211426,23401303.0
2012-11-06,10.449090003967285,10.488123634043104,10.386034745218984,10.449090003967285,25392996.0
2012-11-07,10.148831582650333,10.25392244618731,9.99269550216869,10.100789070129395,60847333.0
2012-11-08,10.151831408812884,10.19086503873708,9.962666391561262,9.968671798706055,48550021.0
2012-11-09,9.91462562898664,10.124808833720897,9.821544842093951,10.070761680603027,42197601.0
2012-11-12,10.106790330555393,10.220890018789019,10.073761353710125,10.169845581054688,26474572.0
2012-11-13,10.169844910374593,10.337990970186526,10.136815935707517,10.193865776062012,30480069.0
2012-11-14,10.22389394034877,10.292953847201945,10.109794238518026,10.142823219299316,33299792.0
2012-11-15,10.103789871543036,10.190866008654583,9.962667339759916,10.034729957580566,34491656.0
2012-11-16,10.007706749758931,10.02872491928186,9.878595028652573,9.95065689086914,42832856.0
2012-11-19,10.046741380434971,10.175854630853184,9.821546143045648,10.15483570098877,28772903.0
2012-11-20,10.15783581945992,10.160838522961892,10.043736877677299,10.112796783447266,27128495.0
2012-11-21,10.142824984663989,10.178856675265685,10.079769715675672,10.163843154907227,36898424.0
2012-11-23,10.196871232695903,10.316975593566895,10.166844952913522,10.316975593566895,28727622.0
2012-11-26,10.250917614088046,10.274938486233408,10.14882947616416,10.199873924255371,46145107.0
2012-11-27,10.187863618722186,10.214887196019944,10.076766605580447,10.094782829284668,35094076.0
2012-11-28,10.049743028282688,10.109795590779612,9.971675758598687,10.094782829284668,40816934.0
2012-11-29,10.145827961970323,10.229900645207413,10.139822553665208,10.187864303588867,39114402.0
2012-11-30,10.193868118165398,10.313972474197202,10.187862710799182,10.247915267944336,47836914.0
2012-12-03,10.27794196635371,10.328986418300442,10.217890160583703,10.2509183883667,25966023.0
2012-12-04,10.223895577295725,10.244913747245954,10.154834901126778,10.184861183166504,28189152.0
2012-12-05,10.142824428469813,10.301962427732718,10.139821724562779,10.18185806274414,38622272.0
2012-12-06,10.163842846296339,10.22689811337007,10.088777521559113,10.103790283203125,31001460.0
2012-12-07,10.118800683648868,10.151829658993712,10.03472727288851,10.130810737609863,29575115.0
2012-12-10,10.112796765311657,10.172849318726476,10.049741508400253,10.127809524536133,27595602.0
2012-12-11,10.151832414829034,10.277941427815836,10.151832414829034,10.253920555114746,31412959.0
2012-12-12,10.283947812065762,10.416063003595996,10.280945107910684,10.356010437011719,31827239.0
2012-12-13,10.359015048474342,10.398048693159982,10.286952410260172,10.304967880249023,25075633.0
2012-12-14,10.283946158279267,10.325982493173122,10.202876192163766,10.211883544921875,34676619.0
2012-12-17,10.232901711559574,10.289951564809938,10.19687078401298,10.27794075012207,32847116.0
2012-12-18,10.250918694250254,10.340997542981073,10.199874999038991,10.3109712600708,46151992.0
2012-12-19,10.28995237036314,10.310970539453821,10.1728507092816,10.18185806274414,33372082.0
2012-12-20,10.172852355275012,10.26893586281243,10.154836128917733,10.259927749633789,33650652.0
2012-12-21,10.190867263425032,10.250919073206962,10.064757477146744,10.109796524047852,73284062.0
2012-12-24,10.055745436014012,10.193865985244717,10.055745436014012,10.130810737609863,12807714.0
2012-12-26,10.148828626397455,10.19386766311655,10.088776071933014,10.142823219299316,17730611.0
2012-12-27,10.163843265088873,10.16984867329736,9.968673564382001,10.106793403625488,32105411.0
2012-12-28,10.046738900891116,10.097784102562324,9.99569521573684,10.0047025680542,27011983.0
2012-12-31,9.947652753357554,10.127808885721693,9.938644643435984,10.121804237365723,35630826.0
2013-01-02,10.325984183173967,10.509143829345703,10.271937783004303,10.509143829345703,50740314.0
2013-01-03,10.536168242741367,10.56018911969368,10.440084734932118,10.51515007019043,38306895.0
2013-01-04,10.539171466020324,10.59021592683941,10.509145178786971,10.578205108642578,27984858.0
2013-01-07,10.584210106792211,10.659275442831701,10.539171056820255,10.626246452331543,36410662.0
2013-01-08,10.695207204035706,10.701315447005289,10.466155033861538,10.49058723449707,38674437.0
2013-01-09,10.518072074280669,10.560828226556426,10.456991195678711,10.456991195678711,25974762.0
2013-01-10,10.521121212617716,10.573039707274242,10.484473317120392,10.496689796447754,31331268.0
2013-01-11,10.518072616626688,10.533342451443193,10.423397944030338,10.466154098510742,35846506.0
2013-01-14,10.432560042969977,10.45088399988804,10.37147992949551,10.389803886413574,29092649.0
2013-01-15,10.377586263210082,10.392856095959049,10.261532757844478,10.310397148132324,32224306.0
2013-01-16,10.27069322664882,10.285963056582514,10.127153431805167,10.157693862915039,44705522.0
2013-01-17,10.166855319355228,10.188233387857975,10.047748496987118,10.139369010925293,51598134.0
2013-01-18,10.02332190635566,10.212671279907227,10.00499717634008,10.212671279907227,51187164.0
2013-01-22,10.227936821598094,10.334827950160012,10.154640246046572,10.264585494995117,39368610.0
2013-01-23,10.255423610368846,10.365368864426163,10.243207899497232,10.31650447845459,33708113.0
2013-01-24,10.337880095061662,10.408122536803797,10.307339668273926,10.307339668273926,35465061.0
2013-01-25,10.42034432877219,10.456992242608317,10.32872300169634,10.389803886413574,35874442.0
2013-01-28,10.38369046288189,10.475310973002076,10.359258275433682,10.423393249511719,31326237.0
2013-01-29,10.423395538692413,10.63717703300422,10.420341418185345,10.5913667678833,41011430.0
2013-01-30,10.57609705792755,10.649394413798081,10.524178547410783,10.53028678894043,32013923.0
2013-01-31,10.545557204908713,10.673827199156813,10.530287371482476,10.62496280670166,34741098.0
2013-02-01,10.73795846820896,10.8814974851154,10.701310569580377,10.844849586486816,38637762.0
2013-02-04,10.805150561122497,10.832636880291608,10.689097813375028,10.759340286254883,37381684.0
2013-02-05,10.805146810910914,10.881497499604984,10.78987698166908,10.795985221862793,27709069.0
2013-02-06,10.719639249973884,10.8387461299479,10.719639249973884,10.820422172546387,46276978.0
2013-02-07,10.823475371831218,10.85706916233135,10.70742262318557,10.771556854248047,25228423.0
2013-02-08,10.808204765928684,10.850960919970337,10.737962292505193,10.771556854248047,24196762.0
2013-02-11,10.768502649725493,10.783772484267125,10.707422540316246,10.759340286254883,18122647.0
2013-02-12,10.765446208822002,10.893715413557402,10.759337967824472,10.872337341308594,22453716.0
2013-02-13,10.893714430867789,10.9364705715085,10.792931548470053,10.817363739013672,23040910.0
2013-02-14,10.817368128446544,10.823476371371651,10.698261247620952,10.777666091918945,34695288.0
2013-02-15,10.786828122723946,10.85707060548427,10.734909598239614,10.799044609069824,32913713.0
2013-02-19,10.802095324724903,10.899824099706466,10.802095324724903,10.893715858459473,22348590.0
2013-02-20,10.896767997438575,10.988388514511389,10.829578898425565,10.832633018493652,47209603.0
2013-02-21,10.799044093704158,10.878448166191642,10.689098806809504,10.820422172546387,33305750.0
2013-02-22,10.82652818975477,10.90287890178741,10.756285719782984,10.896771430969238,27556942.0
2013-02-25,10.924258301968264,11.018932973733062,10.747124671936035,10.747124671936035,43061379.0
2013-02-26,10.85401590673937,10.902880307038885,10.811259749287991,10.838746070861816,34773006.0
2013-02-27,10.857070039017751,10.963961203995849,10.829583717416448,10.948691368103027,31148821.0
2013-02-28,10.933415948378725,11.070847495891663,10.918146119207263,10.967010498046875,42169135.0
2013-03-01,10.899825987148205,11.01893285587651,10.881501260234069,10.997554779052734,31115986.0
2013-03-04,10.994503412639416,11.076962390685475,10.967017086624063,11.064745903015137,24700544.0
2013-03-05,11.156359349928982,11.208277846881408,11.147197761270705,11.177738189697266,29933522.0
2013-03-06,11.18995442696377,11.244927046480138,11.080009959173486,11.083064079284668,27073152.0
2013-03-07,11.107500888770394,11.153311167006656,11.040311760863954,11.113608360290527,25457342.0
2013-03-08,11.159418032174909,11.220498913999585,11.159418032174909,11.202174186706543,28459380.0
2013-03-11,11.193008018289337,11.229655915407276,11.116657332844145,11.177738189697266,26505156.0
2013-03-12,11.1655235088182,11.251036567941945,11.153307798224832,11.214387893676758,25968406.0
2013-03-13,11.217440206782102,11.244926515241763,11.165521709829674,11.177738189697266,19954004.0
2013-03-14,11.199116102120575,11.260196186879893,11.174683913968366,11.257142066955566,25836271.0
2013-03-15,11.174684538949428,11.208278317511054,11.067793420589375,11.12582015991211,67626610.0
2013-03-18,11.046415285136675,11.098333783958793,11.031145455994706,11.04030704498291,27398062.0
2013-03-19,11.073901277209156,11.110549174596535,11.00365883118133,11.037253379821777,26283783.0
2013-03-20,11.092225631805638,11.125820181675428,11.031145543510736,11.052523612976074,39565886.0
2013-03-21,11.02503721584094,11.070847474509293,11.000605026468323,11.04030704498291,27440959.0
2013-03-22,11.049469471260993,11.153306469525907,11.049469471260993,11.12582015991211,31659488.0
2013-03-25,11.138040560099386,11.17468924543406,11.086122039100216,11.113608360290527,31388862.0
2013-03-26,11.159413413778745,11.229655858936914,11.101387448426733,11.220494270324707,24400261.0
2013-03-27,11.16247125916358,11.235767848735753,11.147201425552046,11.183849334716797,23005559.0
2013-03-28,11.205224990844727,11.247981903961783,11.14719901865569,11.205224990844727,49502771.0
2013-04-01,11.211340868398548,11.397636935597237,11.211340868398548,11.376258850097656,32048214.0
2013-04-02,11.446494589579325,11.51062880819199,11.397630202662272,11.473980903625488,34725475.0
2013-04-03,11.455656581052597,11.483142894210301,11.364036051355287,11.385414123535156,32161284.0
2013-04-04,11.40678880433923,11.593083928834984,11.39762644559656,11.577814102172852,96455386.0
2013-04-05,11.498415328232545,11.62057631922925,11.48009137239372,11.611413955688477,101271966.0
2013-04-08,11.63803345178889,11.72490711717987,11.628725223273749,11.672162055969238,31269173.0
2013-04-09,11.690778684030276,11.755933934026702,11.63803362204801,11.715599060058594,29851831.0
2013-04-10,11.728008987325019,11.883141416574965,11.71559801689501,11.84591007232666,25243119.0
2013-04-11,11.836601369036481,12.038273362256222,11.836601369036481,11.95760440826416,33753526.0
2013-04-12,11.920378471328391,11.988636486343566,11.920378471328391,11.973123550415039,26116297.0
2013-04-15,11.87383394321311,11.960707601927114,11.762138343699839,11.774548530578613,38726073.0
2013-04-16,11.8676289016575,11.876937129805192,11.765241526116437,11.771446228027344,32393778.0
2013-04-17,11.728010104641644,11.790063395661727,11.650443882627009,11.72180461883545,29754384.0
2013-04-18,11.8241928085243,11.83039751082239,11.690778781019912,11.709394454956055,26744800.0
2013-04-19,11.746625798147058,11.901759025956217,11.715599152585227,11.876937866210938,32475072.0
2013-04-22,11.920374842582907,12.02586418512244,11.895553682540497,12.016556739807129,28468780.0
2013-04-23,12.038274204801526,12.100327491760254,11.898655484425715,12.100327491760254,33244051.0
2013-04-24,11.507723150022116,11.560468215723796,11.365000884908929,11.492209434509277,80932016.0
2013-04-25,11.557362191120841,11.616312726289737,11.501514398173548,11.566670417785645,47409130.0
2013-04-26,11.56667370192893,11.575981147715648,11.442567111910165,11.492209434509277,43960507.0
2013-04-29,11.5170318102128,11.585289810460047,11.486005161547318,11.57287883758545,25042533.0
2013-04-30,11.594598277953063,11.672163725926325,11.566674371933436,11.62252140045166,31967583.0
2013-05-01,11.622519688580951,11.780754871545511,11.622519688580951,11.653546333312988,28908216.0
2013-05-02,11.672162006743843,11.74041999833759,11.607006757975391,11.653546333312988,21773312.0
2013-05-03,11.74972599429152,11.752828736527276,11.548054017133605,11.585286140441895,26797628.0
2013-05-06,11.569771353946553,11.582181537374943,11.501512602768159,11.507718086242676,16037612.0
2013-05-07,11.538750680645213,11.641138076782227,11.507724030765896,11.641138076782227,19453797.0
2013-05-08,11.613213187124721,11.743523695248513,11.591494769104088,11.737318992614746,20093289.0
2013-05-09,11.696979461114234,11.721800612334231,11.541847853629745,11.582181930541992,31254212.0
2013-05-10,11.61941672442131,11.644237883029946,11.532543061051534,11.591493606567383,24073762.0
2013-05-13,11.572881314046114,11.579086801811314,11.461186451878412,11.479802131652832,24570924.0
2013-05-14,11.47669921820786,11.551162719726562,11.436364331851165,11.551162719726562,25789931.0
2013-05-15,11.58528870700829,11.73731840911582,11.569775775913602,11.644238471984863,30531970.0
2013-05-16,11.610110137325853,11.672162646671042,11.582186233888182,11.597699165344238,18096962.0
2013-05-17,11.588391937712233,11.625623287315012,11.538749615894544,11.616315841674805,22127880.0
2013-05-20,11.603906324755918,11.616317298527342,11.52013460236203,11.54805850982666,19402161.0
2013-05-21,11.554259822525534,11.554259822525534,11.417743077964403,11.461180686950684,32924702.0
2013-05-22,11.461182891403032,11.532543627970714,11.309152405990577,11.361897468566895,37864017.0
2013-05-23,11.284329462261757,11.420845418499452,11.2781239778362,11.399127006530762,23991145.0
2013-05-24,11.33397434193524,11.411540569651855,11.309153180406764,11.402233123779297,19123724.0
2013-05-28,11.492210108611973,11.526339501221171,11.219177318301472,11.225382804870605,38963996.0
2013-05-29,11.185044892185203,11.188146850890158,11.014398770895234,11.141607284545898,38052554.0
2013-05-30,11.119888674542679,11.19435213607213,11.014398574829102,11.014398574829102,33224853.0
2013-05-31,10.961656009549339,11.014401071361362,10.853063926572464,10.856165885925293,47398935.0
2013-06-03,10.856164104613363,10.924422869594071,10.728955585266696,10.880985260009766,39401446.0
2013-06-04,10.918218401351686,11.129198633623789,10.905807430737623,11.067145347595215,53578308.0
2013-06-05,11.064045317868647,11.082660994833473,10.936836755487052,10.939939498901367,30271671.0
2013-06-06,10.924424057725522,11.126096065195082,10.890294671523284,11.11058235168457,30529719.0
2013-06-07,11.160224018393176,11.185045958565448,10.977167694268537,10.998886108398438,34489273.0
2013-06-10,11.129200077371628,11.20366356015325,11.073352269405168,11.166431427001953,28932313.0
2013-06-11,11.126094617367945,11.231584721428561,11.082657008711893,11.095067977905273,34427840.0
2013-06-12,11.169531089671246,11.212968696955159,11.03611709266069,11.051630020141602,22449214.0
2013-06-13,11.048533101042846,11.29054006853121,11.048533101042846,11.262616157531738,26668802.0
2013-06-14,11.231584458529463,11.265713055970846,11.13540180009446,11.141607284545898,31739855.0
2013-06-17,11.191249855070852,11.212969051159272,11.008193544113949,11.095067977905273,30934466.0
2013-06-18,11.11678658174641,11.27812448291163,11.104375612339487,11.22227668762207,20333860.0
2013-06-19,11.188148661063874,11.212970602885665,10.936834335327148,10.936834335327148,32390998.0
2013-06-20,10.859270549785665,10.921323851196084,10.648290265215516,10.657598495483398,42099890.0
2013-06-21,10.719648237204735,10.775496037306471,10.58002952047126,10.69482707977295,129015988.0
2013-06-24,10.645183304015422,10.812726681327778,10.589336295098727,10.691722869873047,94294618.0
2013-06-25,10.763088767273272,10.924426726064778,10.716548398894936,10.868578910827637,88913882.0
2013-06-26,10.989580474206269,11.011298891912931,10.88719308821703,10.96165657043457,29010958.0
2013-06-27,11.023710440432716,11.154022529790225,11.01440299370794,11.054737091064453,24164986.0
2013-06-28,11.02991321470951,11.073350828319883,10.955449741618558,10.983373641967773,31662004.0
2013-07-01,10.983372487824633,11.070246922395665,10.918217249536953,10.952345848083496,26352102.0
2013-07-02,10.949245649787667,11.107480049220198,10.9058080337575,11.02370834350586,24672608.0
2013-07-03,11.005090454178113,11.088862143024846,10.921319548852138,11.051630020141602,15358400.0
2013-07-05,11.107480635169477,11.138507281536072,10.936835255434636,11.116788864135742,22692168.0
2013-07-08,11.238514016865656,11.260600485695985,11.16594658101934,11.2258939743042,20990166.0
2013-07-09,11.285838536396463,11.304768993874788,11.213270321984625,11.23220157623291,19181450.0
2013-07-10,11.229048606647412,11.25744469691303,11.121774664926216,11.165946006774902,23616320.0
2013-07-11,11.279526827153296,11.361559862529047,11.257441163161722,11.317388534545898,30551830.0
2013-07-12,11.320544720492157,11.330010348016128,11.219581213983107,11.29845905303955,25242987.0
2013-07-15,11.257445689277754,11.282686572097765,11.124930855280148,11.216428756713867,22740494.0
2013-07-16,11.238513091616147,11.3268565693538,11.23220346923996,11.32054615020752,23304916.0
2013-07-17,11.34578800201416,11.456216354929037,11.326856744282948,11.34578800201416,22250482.0
2013-07-18,11.31423366439704,11.355249784927217,11.235355038571512,11.276371955871582,25919154.0
2013-07-19,11.304769471388864,11.311079889738178,11.206961174054472,11.29845905303955,28007234.0
2013-07-22,11.285841367589057,11.323702292043588,11.213273134972582,11.2258939743042,25422389.0
2013-07-23,11.279528594761603,11.342631184714755,11.200650755705157,11.29845905303955,30388051.0
2013-07-24,11.16594555187148,11.200652060064423,11.020810693555704,11.169100761413574,40962971.0
2013-07-25,11.099688516695757,11.22273770470869,11.093378097625841,11.188031196594238,29238819.0
2013-07-26,11.172254197986595,11.263752073106799,11.140702904342746,11.23220157623291,18745060.0
2013-07-29,11.244823510762428,11.358407868315114,11.222737840520539,11.32054615020752,22012030.0
2013-07-30,11.358404893262373,11.380490557719469,11.172253154595573,11.175408363342285,25276881.0
2013-07-31,11.178567855840683,11.225894411637652,11.112310040308774,11.12808609008789,28235756.0
2013-08-01,11.247975828356502,11.301612783769048,11.159633170102817,11.270061492919922,24409529.0
2013-08-02,11.232197372350148,11.288989520299443,11.2038012983755,11.285834312438965,28798854.0
2013-08-05,11.263751596005525,11.311078932851622,11.222735473744823,11.254286766052246,13556436.0
2013-08-06,11.238512999668291,11.251133837857596,11.172255989484704,11.194341659545898,16952761.0
2013-08-07,11.175410808379143,11.273219113846872,11.175410808379143,11.229047775268555,17596754.0
2013-08-08,11.251134374332185,11.270064835748693,11.080758628043355,11.134395599365234,23774141.0
2013-08-09,11.124928393490205,11.14070364297305,10.964017502331126,10.979793548583984,28521078.0
2013-08-12,10.96401935351808,11.033432375210463,10.957708933951471,11.017656326293945,21168509.0
2013-08-13,11.027117994838793,11.039738032668899,10.907223253218561,10.954549789428711,21459127.0
2013-08-14,10.967173121625112,10.976638749730732,10.888295277721756,10.970328330993652,23042631.0
2013-08-15,10.916692180850983,10.951397892957683,10.837814331054688,10.837814331054688,23558859.0
2013-08-16,10.812573870922472,10.84727958437705,10.698989507838057,10.784177780151367,32519823.0
2013-08-19,10.758936353619847,10.784177233384412,10.610646284599287,10.661128044128418,27966587.0
2013-08-20,10.68005757000507,10.755780202671268,10.657971901740348,10.686367988586426,21386969.0
2013-08-21,10.664280636262601,10.680055883454806,10.557005927630003,10.563316345214844,27207538.0
2013-08-22,10.569631628313024,10.727387359934275,10.471823297803523,10.670595169067383,34312519.0
2013-08-23,10.667438615130559,10.831503937550927,10.648507357460048,10.818883895874023,39360799.0
2013-08-26,10.825195690443776,10.85674699612208,10.664285545347933,10.670595169067383,18436965.0
2013-08-27,10.59171496523404,10.746316249253901,10.579094923810635,10.629576683044434,24718815.0
2013-08-28,10.63273132945259,10.6769026672502,10.594869613647461,10.594869613647461,22056516.0
2013-08-29,10.613798640837011,10.746314229887007,10.604333810740538,10.61695384979248,29444568.0
2013-08-30,10.616956786663252,10.692680229001338,10.591715904807277,10.673748970031738,26995168.0
2013-09-03,10.73053660702741,10.762087895172096,10.487592724114094,10.512833595275879,40735376.0
2013-09-04,10.481285302094706,10.648506619305143,10.478130889471723,10.64535140991211,24784353.0
2013-09-05,10.65481790400077,10.702144455202358,10.497062202148738,10.519147872924805,26264982.0
2013-09-06,10.569627239036839,10.594868113743587,10.484438988112844,10.541231155395508,26069428.0
2013-09-09,10.560164640876318,10.639043293323384,10.4907524147179,10.610647201538086,25146070.0
2013-09-10,10.68952516494756,10.758937391805537,10.648508233390896,10.717921257019043,36663281.0
2013-09-11,10.721076466890338,10.80626394633462,10.686369955076264,10.717921257019043,27920512.0
2013-09-12,10.708456043212848,10.869366175505814,10.708456043212848,10.847280502319336,32619653.0
2013-09-13,10.888295545727756,10.957707763234017,10.79364244942194,10.828348159790039,18838666.0
2013-09-16,10.907225608825684,10.957707364588247,10.84096860317608,10.907225608825684,21010688.0
2013-09-17,10.913536111889023,10.995569164830107,10.900915274465762,10.964017868041992,23565611.0
2013-09-18,10.957707577112647,11.04605104979557,10.825192766473288,11.027120590209961,30211562.0
2013-09-19,11.027121394846649,11.027121394846649,10.941933125340244,10.982949256896973,20776473.0
2013-09-20,10.986104313047784,10.995569941784078,10.790487693325149,10.825193405151367,48633300.0
2013-09-23,10.853588016173388,10.853588016173388,10.635885755823715,10.796795845031738,30743412.0
2013-09-24,10.758937337235663,10.81888473094587,10.730541245308205,10.755782127380371,25464492.0
2013-09-25,10.76208879621792,10.844121833554315,10.711607049667814,10.743158340454102,25303361.0
2013-09-26,10.781019190340512,10.863052227207877,10.755778317209774,10.799949645996094,21838321.0
2013-09-27,10.762088315411267,10.774708353100038,10.670589655895812,10.72107219696045,18533220.0
2013-09-30,10.65797512485822,10.692681640781379,10.626423819179916,10.670595169067383,27565283.0
2013-10-01,10.661128637058013,10.803108294841254,10.651663007831075,10.746316909790039,22189975.0
2013-10-02,10.717920714889493,10.746316805524657,10.648507694772366,10.708455085754395,28479240.0
2013-10-03,10.69899023427415,10.705300654156222,10.61064754300591,10.613801956176758,29706985.0
2013-10-04,10.626417641423782,10.661124137170033,10.601176770909182,10.648503303527832,92311796.0
2013-10-07,10.626420108091775,10.76840053567487,10.61064485914698,10.727383613586426,83900556.0
2013-10-08,10.783838037492544,10.806317622899392,10.626480128663498,10.632903099060059,43425082.0
2013-10-09,10.671439937602116,10.950831056748227,10.645748865460728,10.838432312011719,44262909.0
2013-10-10,10.947619373048337,10.966887474060059,10.783838486995846,10.966887474060059,31535164.0
2013-10-11,10.960468709914645,10.999004923876551,10.896240605336272,10.982948303222656,31309158.0
2013-10-14,10.912299086441477,10.950835304109534,10.876973544427866,10.893030166625977,24586150.0
2013-10-15,10.876972291962144,10.957257015670988,10.825590133666992,10.825590133666992,21651240.0
2013-10-16,10.886606957336493,10.982948303222656,10.883395471009436,10.982948303222656,24758535.0
2013-10-17,11.037538000487748,11.060017585754395,10.960464789153056,11.060017585754395,29458470.0
2013-10-18,11.085712873749548,11.201323140225968,11.03754219971151,11.114615440368652,40337514.0
2013-10-21,11.246284282828617,11.336202673735274,11.201325087375288,11.310511589050293,38991006.0
2013-10-22,11.352258684483427,11.361892333168365,11.259128818300795,11.313721656799316,31757994.0
2013-10-23,11.262339078052786,11.34904677890457,11.21095691702538,11.329778671264648,36089062.0
2013-10-24,11.243068792908039,11.243068792908039,10.992580198176816,11.1210355758667,44898429.0
2013-10-25,11.127459329774343,11.316931329305074,11.127459329774343,11.300874710083008,28183326.0
2013-10-28,11.326569322940259,11.422910690307617,11.316934861810893,11.422910690307617,31584814.0
2013-10-29,11.451811037111126,11.711933327234771,11.44859955069214,11.647706031799316,59911397.0
2013-10-30,11.663759297668465,11.689450370648533,11.548149874748754,11.644491195678711,28925560.0
2013-10-31,11.641283596342014,11.718356841011238,11.560998865105555,11.625226974487305,38116636.0
2013-11-01,11.721567270454145,11.817908614856645,11.612379980941238,11.638071060180664,54930774.0
2013-11-04,11.705509185791016,11.72798958847961,11.61880230506036,11.705509185791016,26511776.0
2013-11-05,11.641282356608064,11.666973435428512,11.40685116099882,11.410061836242676,44541876.0
2013-11-06,11.487134376225045,11.560996116768258,11.471076947206132,11.503190994262695,27613741.0
2013-11-07,11.503191888638229,11.503191888638229,11.249492600226855,11.27518367767334,38780357.0
2013-11-08,11.239859022015839,11.294452667236328,11.098557679507266,11.294452667236328,39438385.0
2013-11-11,11.288027899155795,11.320141946115337,11.230223587806137,11.249491691589355,16377350.0
2013-11-12,11.288029694626532,11.342623339847021,11.230225374082535,11.294452667236328,26359119.0
2013-11-13,11.239855238023443,11.294448864864528,11.19168458162981,11.262334823608398,29561213.0
2013-11-14,11.271966873843352,11.361885196994614,11.25912174667072,11.291234970092773,18338989.0
2013-11-15,11.27839120383569,11.394000606263257,11.271968233983868,11.377943992614746,23415602.0
2013-11-18,11.390792388524295,11.44538602596162,11.35867915201633,11.432540893554688,19909915.0
2013-11-19,11.445382083688719,11.506398671803455,11.41969101674267,11.471073150634766,16541659.0
2013-11-20,11.51925054876348,11.53851865616018,11.34583514924894,11.368314743041992,23092414.0
2013-11-21,11.384369472742499,11.426117977977931,11.297662598371366,11.336198806762695,30475435.0
2013-11-22,11.323353680344269,11.374735832214355,11.25591491013276,11.374735832214355,21290450.0
2013-11-25,11.387582479761218,11.416485045406166,11.342623293638582,11.358680725097656,18626826.0
2013-11-26,11.368314886544493,11.413274074698117,11.326567184827757,11.329778671264648,18775512.0
2013-11-27,11.332987650362703,11.374735342843072,11.304085089806584,11.3715238571167,15188001.0
2013-11-29,11.394003624977117,11.410060242879648,11.30408526715293,11.307296752929688,12292943.0
2013-12-02,11.297662017389094,11.307296474482113,11.175629615783691,11.175629615783691,31383699.0
2013-12-03,11.165996037746524,11.172419009647525,11.085711321927894,11.15636157989502,23237524.0
2013-12-04,11.027904415962134,11.12745722042638,10.98294524187786,11.111400604248047,36041398.0
2013-12-05,11.053598965239873,11.098558153465627,10.98616018290124,10.999005317687988,33241271.0
2013-12-06,11.088919639587402,11.104977065926382,11.015057911371484,11.088919639587402,25877448.0
2013-12-09,11.082497544884726,11.153147788246276,11.00542433095,11.140302658081055,23879267.0
2013-12-10,11.172416270146478,11.210952470140729,11.043960107549363,11.047171592712402,24347168.0
2013-12-11,11.047175245124594,11.063231865267316,10.893028772221541,10.902663230895996,36398614.0
2013-12-12,10.934775436620901,10.960466511102007,10.838433299080833,10.883393287658691,29031348.0
2013-12-13,10.880182706140035,10.902662296806445,10.790263532493094,10.870548248291016,32918347.0
2013-12-16,10.937985728033048,11.082497702092674,10.937985728033048,10.966887474060059,28265679.0
2013-12-17,10.982947012604367,11.011849575170123,10.84164568572526,10.870548248291016,31077987.0
2013-12-18,10.880184714312048,11.06002228381752,10.799899983695854,11.040753364562988,34225003.0
2013-12-19,11.011852021882081,11.069656348875776,10.960469857233365,11.063233375549316,26536932.0
2013-12-20,11.076075118939253,11.117822807755436,11.002213386659218,11.015058517456055,45045393.0
2013-12-23,11.066440118451784,11.16599372939263,11.053594988286562,11.140302658081055,26420288.0
2013-12-24,11.156357287432195,11.233431298627023,11.143512159553717,11.223796844482422,10539040.0
2013-12-26,11.23343068134451,11.297657939169563,11.220584743190933,11.291234970092773,14596306.0
2013-12-27,11.259127476549375,11.320143280887564,11.227013425803227,11.297663688659668,18683758.0
2013-12-30,11.249490194884364,11.336197055863442,11.243067224150758,11.304083824157715,19151130.0
2013-12-31,11.294446454631167,11.32977197357256,11.227007712267723,11.291234970092773,24395230.0
2014-01-02,11.316926657289606,11.332984080863941,11.223796844482422,11.223796844482422,26784388.0
2014-01-03,11.288027560296074,11.291239045993747,11.114613009490371,11.175629615783691,32594629.0
2014-01-06,11.243068297989478,11.255914240683621,11.17562953178891,11.227011680603027,27527946.0
2014-01-07,11.281601947388047,11.288024105836794,11.210950905622955,11.223796844482422,34060032.0
2014-01-08,11.259436413592564,11.308462209086523,11.145045091743956,11.190801620483398,49975042.0
2014-01-09,11.190804399906856,11.190804399906856,10.952215547416532,10.962020874023438,47772833.0
2014-01-10,11.027385504929027,11.050264596741197,10.952213822209794,10.988165855407715,33552940.0
2014-01-13,10.978362558176055,10.997972386558873,10.850897435641414,10.883580207824707,38768044.0
2014-01-14,10.893382637432035,10.965285872621383,10.837820783988086,10.942407608032227,30297886.0
2014-01-15,11.001235157541265,11.112358836698265,10.965283136236415,11.043724060058594,34141194.0
2014-01-16,11.076410675282004,11.138508587721713,11.050263968632647,11.099288940429688,21500436.0
2014-01-17,11.122169946164718,11.122169946164718,11.007777766875178,11.014314651489258,31672331.0
2014-01-21,11.06006818081094,11.112361592752855,10.85089453304328,10.971822738647461,38954066.0
2014-01-22,10.981631153691819,11.00124098234825,10.886848802017992,10.89665412902832,23053091.0
2014-01-23,10.857431451609488,11.046996116638184,10.834553185240937,11.046996116638184,37685409.0
2014-01-24,11.056803028899779,11.20714725198464,10.92280101776123,10.92280101776123,43935748.0
2014-01-27,10.958753033139756,11.02738784706159,10.926069434687541,10.952216148376465,43409061.0
2014-01-28,10.948947456076887,11.050266691502484,10.899922472199718,11.014314651489258,33705862.0
2014-01-29,10.58943114093326,10.965290508249714,10.461965998413472,10.886850357055664,110077095.0
2014-01-30,10.96202016433135,10.97836154892071,10.788797691009085,10.899921417236328,38497948.0
2014-01-31,10.775725342429652,11.011045750454995,10.71035814974052,10.890116691589355,45296556.0
2014-02-03,10.890117745496452,10.890117745496452,10.426013768873172,10.442355155944824,90045902.0
2014-02-04,10.484842008594649,10.6057710647583,10.458695297176044,10.6057710647583,47584692.0
2014-02-05,10.589429149000381,10.599234475566828,10.471769357023966,10.484842300415039,39446594.0
2014-02-06,10.56001285345496,10.56001285345496,10.373718271738657,10.458694458007812,60006460.0
2014-02-07,10.51752682385526,10.576357137710314,10.442355122980139,10.556746482849121,38621874.0
2014-02-10,10.605771265035544,10.60903970719511,10.530598746093867,10.602502822875977,27302204.0
2014-02-11,10.661331698257325,10.798602123690634,10.625379664697816,10.769186973571777,34726931.0
2014-02-12,10.756113406346469,10.808406824114208,10.723430639264697,10.765918731689453,21918423.0
2014-02-13,10.72996521339892,10.948943337317756,10.690744745832557,10.945674896240234,37154353.0
2014-02-14,10.909723484142921,10.909723484142921,10.805137490591878,10.834551811218262,24195835.0
2014-02-18,10.860698102519047,10.860698102519047,10.664598237200227,10.726696968078613,29540956.0
2014-02-19,10.694016458470413,10.792066419336331,10.65479597890555,10.736504554748535,25700032.0
2014-02-20,10.736503171016201,10.90972480124527,10.6776728719331,10.844358444213867,27127304.0
2014-02-21,10.811673538100926,10.860698506253078,10.713623601796623,10.720160484313965,25589213.0
2014-02-24,10.7299681581491,10.743041100683042,10.60903910654843,10.61230754852295,44353073.0
2014-02-25,10.625381163742555,10.628649605923997,10.475037775581344,10.514257431030273,54347684.0
2014-02-26,10.54040302780547,10.553476795147864,10.422743248544432,10.458694458007812,48646673.0
2014-02-27,10.455424855719633,10.556743239921405,10.396595385300675,10.533864974975586,72718052.0
2014-02-28,10.540403607869962,10.563281876614097,10.390060227343271,10.435816764831543,57551632.0
2014-03-03,10.393325436329325,10.45215572357926,10.380251672334278,10.412935256958008,40357771.0
2014-03-04,10.491376704526054,10.530596350791544,10.468498439977184,10.507718086242676,37659988.0
2014-03-05,10.537134719746469,10.537134719746469,10.461963032665649,10.50118350982666,31967450.0
2014-03-06,10.507722594903319,10.579626686182698,10.491381206174921,10.56982135772705,25860103.0
2014-03-07,10.615575542828685,10.651527580463412,10.543672292923397,10.635186195373535,35884372.0
2014-03-10,10.550207879626544,10.635184887444483,10.52079272979095,10.62537956237793,33014867.0
2014-03-11,10.631915743068534,10.631915743068534,10.504449827084104,10.533864974975586,27448638.0
2014-03-12,10.540401597824733,10.615573273752904,10.510986450659102,10.582890510559082,33132306.0
2014-03-13,10.62210979974579,10.674403209536182,10.556742624825821,10.573084831237793,28741922.0
2014-03-14,10.553476718468554,10.651526671367693,10.543671393033001,10.618843078613281,29616026.0
2014-03-17,10.680939999323025,10.7495756149292,10.631915031240874,10.7495756149292,31226408.0
2014-03-18,10.762651395982926,10.79860343390456,10.736504684411967,10.778993606567383,34421617.0
2014-03-19,10.792065040048204,10.896651871702158,10.726698682946509,10.772455215454102,42107702.0
2014-03-20,10.808406834631736,11.158119375805322,10.788797009290773,11.141777992248535,82903452.0
2014-03-21,11.223483882119492,11.37382804148937,11.154849097124728,11.210410118103027,67527575.0
2014-03-24,11.246368229115845,11.360760424701159,11.187537909936864,11.262709617614746,71237555.0
2014-03-25,11.236558291972756,11.403244678187434,11.233290675904701,11.347681999206543,44232854.0
2014-03-26,11.409778398902445,11.448998862690509,11.311728477478027,11.311728477478027,51099118.0
2014-03-27,11.328075682878787,11.449004751845472,11.308465853579738,11.426126480102539,44198695.0
2014-03-28,11.465342721254823,11.494757869117825,11.364024337151157,11.462074279785156,32762777.0
2014-03-31,11.537245957495488,11.602613136160826,11.435927573391822,11.462074279785156,40364126.0
2014-04-01,11.442466912566777,11.48495501006492,11.324806295857789,11.468613624572754,38096379.0
2014-04-02,11.491489729017147,11.596076557333312,11.452270081080599,11.560125350952148,37186923.0
2014-04-03,11.586272198741352,11.658176268227166,11.553589431190451,11.645102500915527,33626820.0
2014-04-04,11.71047046704391,11.726811851908229,11.602615180992615,11.618956565856934,38859665.0
2014-04-07,11.615690409992224,11.697399001123868,11.599349021911621,11.599349021911621,43259449.0
2014-04-08,11.655560039914814,11.728718757629395,11.609003728846035,11.728718757629395,38782211.0
2014-04-09,11.722066056418702,11.728717077014847,11.552470069868932,11.612327575683594,40372732.0
2014-04-10,11.688810605266184,11.781922364823199,11.62895394531015,11.678834915161133,46902170.0
2014-04-11,11.682159931255912,11.745342098501009,11.642254653196982,11.705437660217285,45746318.0
2014-04-14,11.732047525916228,11.761976291422068,11.65888878788844,11.758650779724121,20464538.0
2014-04-15,11.755317582717348,11.865056037902832,11.74866656366971,11.865056037902832,35065213.0
2014-04-16,11.891663360030831,12.008052874252817,11.871710296032488,12.004727363586426,32063176.0
2014-04-17,11.98144621879567,12.047953893869234,11.94486645165134,11.984771728515625,33512823.0
2014-04-21,11.998071764644836,12.028000509448255,11.924913077222646,11.99142074584961,24833606.0
2014-04-22,12.004726223611966,12.107813685379156,11.95817075825427,12.067909240722656,42369324.0
2014-04-23,11.642256328590927,11.755320319624106,11.459358300848862,11.612327575683594,78961639.0
2014-04-24,11.638930536929486,11.672184799330992,11.456032513608859,11.472660064697266,48484748.0
2014-04-25,11.449385236787762,11.48928968997005,11.412805454891064,11.469337463378906,29107743.0
2014-04-28,11.529192296610088,11.688811751698726,11.492612523236527,11.665534019470215,39225354.0
2014-04-29,11.745341667178725,11.7985481427866,11.655556264449919,11.778595924377441,27449036.0
2014-04-30,11.781922505367062,11.885009956258834,11.725390514921523,11.871707916259766,29860569.0
2014-05-01,11.888340102702944,11.97147536579406,11.77527607771698,11.831808090209961,36856718.0
2014-05-02,11.871710275743085,11.904964542574737,11.811853603176615,11.848432540893555,21109062.0
2014-05-05,11.831806986797387,11.891664505004883,11.785251512536226,11.891664505004883,21102839.0
2014-05-06,11.89166617271555,11.89166617271555,11.798554371359542,11.8018798828125,28449715.0
2014-05-07,11.825155964824221,11.958173045185543,11.81185476065339,11.891664505004883,26833508.0
2014-05-08,11.934894261428013,12.25745874422999,11.90496550284298,12.104490280151367,48291708.0
2014-05-09,12.097837160054931,12.141067954857839,12.031329472337497,12.117790222167969,19880522.0
2014-05-12,12.214228681153456,12.217554192055026,12.024680438192327,12.161022186279297,31752300.0
2014-05-13,12.13109485141592,12.151047079391075,11.934895563629423,12.037983894348145,45350045.0
2014-05-14,12.004727413511043,12.161021376828861,11.974798657164484,12.101163864135742,32013658.0
2014-05-15,12.104486733869082,12.174319923591293,11.831803315339087,12.144392013549805,26926850.0
2014-05-16,12.154371065343685,12.234180807003987,12.141069861621371,12.217554092407227,31800891.0
2014-05-19,11.968146740173976,12.220877974978904,11.894988030010191,12.097837448120117,102751933.0
2014-05-20,12.087862490196887,12.087862490196887,11.778599238840846,11.80520248413086,52932196.0
2014-05-21,11.861734989735657,11.875036193058559,11.668861243237716,11.728718757629395,43272027.0
2014-05-22,11.745345664509909,11.805203179884064,11.722067928481174,11.765297889709473,23866689.0
2014-05-23,11.758649067865491,11.821831261601188,11.72206928428915,11.745347023010254,23002911.0
2014-05-27,11.735368272913885,11.77194720718845,11.67218525585732,11.708765029907227,29727375.0
2014-05-28,11.735371231537673,11.805204447120165,11.708767981824026,11.751997947692871,27146899.0
2014-05-29,11.761971263924467,11.785248996084658,11.638930742795187,11.768621444702148,18756314.0
2014-05-30,11.73536942430077,11.815178321375654,11.73536942430077,11.795226097106934,21402063.0
2014-06-02,11.805202888464354,11.821829602424305,11.738694353073667,11.785250663757324,21478722.0
2014-06-03,11.781921866740428,11.838453854121708,11.688810111119729,11.705437660217285,29475285.0
2014-06-04,11.705447224012072,11.705447224012072,11.622311929925216,11.655566215515137,35623544.0
2014-06-05,11.662206507657634,11.682159565950764,11.572421104439274,11.6721830368042,29479257.0
2014-06-06,11.662208911325996,11.672185442528798,11.602352243435243,11.64558219909668,22681047.0
2014-06-09,11.65555973317797,11.678837468212041,11.618979955395618,11.642257690429688,23382237.0
2014-06-10,11.612326526696561,11.672184027104061,11.59237430648581,11.618977546691895,23427121.0
2014-06-11,11.622303793071062,11.652232545171078,11.572422819496136,11.5757474899292,21620390.0
2014-06-12,11.585723924792699,11.595700455335345,11.512564380363889,11.582398414611816,25238618.0
2014-06-13,11.612327886953985,11.688812106533858,11.565772421083686,11.648907661437988,26449151.0
2014-06-16,11.628952932712284,11.668857369208274,11.605674365018594,11.632278442382812,18681243.0
2014-06-17,11.64558219909668,11.688812154758116,11.622304466065494,11.64558219909668,22918837.0
2014-06-18,11.645580163016493,11.708763170036796,11.628953453694143,11.705437660217285,26878656.0
2014-06-19,11.722070990822386,11.76862647504228,11.705444272108334,11.758650779724121,25836536.0
2014-06-20,11.848431172012226,11.888336455554926,11.755320243371463,11.768621444702148,38374816.0
2014-06-23,11.828478950128536,11.828478950128536,11.725391490658268,11.768621444702148,19208062.0
2014-06-24,11.76862311023251,11.831806134877247,11.708766436110349,11.735369682312012,28023916.0
2014-06-25,11.712090299542384,11.735368873167308,11.672185852878991,11.72539234161377,20224630.0
2014-06-26,11.742019054427619,11.742019054427619,11.672185852878991,11.72539234161377,20905695.0
2014-06-27,11.695461695513911,11.781922435670639,11.672183965428493,11.77527141571045,27727605.0
2014-06-30,11.771951986740227,11.821832982658067,11.74867424463028,11.758650779724121,25313159.0
2014-07-01,11.715415365309958,11.815177317956579,11.688812121952504,11.798550605773926,28829570.0
2014-07-02,11.79855041969126,11.861733436584473,11.781923707770838,11.861733436584473,18834959.0
2014-07-03,11.921591806966834,11.928242828127066,11.868385317235782,11.918266296386719,15465909.0
2014-07-07,11.938217427647313,12.004725953612752,11.921590716043614,11.97812271118164,25919948.0
2014-07-08,12.021772336822117,12.086042055893602,11.977798858016701,12.02853775024414,26664698.0
2014-07-09,12.075895530691035,12.082660945006603,12.011626657350071,12.058982849121094,21064972.0
2014-07-10,11.96765020900622,12.099572348030263,11.96765020900622,12.07589340209961,19322456.0
2014-07-11,12.08265962542229,12.119868545875237,12.031920732034832,12.096190452575684,15304646.0
2014-07-14,12.130016326904297,12.157077126235176,12.079276580717394,12.130016326904297,16635266.0
2014-07-15,12.160460331032056,12.295764333228623,12.150312210535226,12.25855541229248,46323053.0
2014-07-16,12.32958698272705,12.363413189394976,12.28899621810051,12.32958698272705,26775252.0
2014-07-17,12.268707221256873,12.336358815584504,12.170611256285953,12.187524795532227,25345332.0
2014-07-18,12.238261247209019,12.241643954378976,12.177374226587759,12.234878540039062,21359430.0
2014-07-21,12.201051221982496,12.231494729547018,12.136781499988624,12.163843154907227,27694638.0
2014-07-22,12.187522253054176,12.211200348840242,12.099574429978096,12.157078742980957,24077867.0
2014-07-23,12.14354519793,12.163841436251253,12.109718988280031,12.13677978515625,20098055.0
2014-07-24,11.984565465673333,12.08266055319215,11.849261454844472,12.008243560791016,59780983.0
2014-07-25,11.964270831209475,12.075895899732746,11.960888123948315,12.021774291992188,24710209.0
2014-07-28,12.02515663176223,12.099574480795527,12.008243950192286,12.058982849121094,27265132.0
2014-07-29,12.661083323317296,12.677996000263645,12.33297021512065,12.376944541931152,122407772.0
2014-07-30,12.329590260349233,12.390477277693584,12.201051665903668,12.299147605895996,27070901.0
2014-07-31,12.194288933331798,12.248410544809897,12.01162785392892,12.038688659667969,45815166.0
2014-08-01,12.10295741438791,12.116487389053201,11.933827178648306,11.950739860534668,31726218.0
2014-08-04,11.964266369333227,12.018387102671344,11.90676207577679,11.994709014892578,28201465.0
2014-08-05,11.960885942376205,11.994711300380319,11.842494626705259,11.876320838928223,25824752.0
2014-08-06,11.839111675687093,11.84587708883581,11.622625288678837,11.710572242736816,47586016.0
2014-08-07,11.754547201531684,11.768078028551495,11.558356189276576,11.571887016296387,27471941.0
2014-08-08,11.602329602014894,11.669982028287626,11.561738829626352,11.659833908081055,24852936.0
2014-08-11,11.734251747824835,11.757929840754631,11.639538521886784,11.659833908081055,19495768.0
2014-08-12,11.697044127237392,11.737635758353646,11.663217910343677,11.717339515686035,20287520.0
2014-08-13,11.754547362602127,11.78160816279368,11.669982255226163,11.734251976013184,21118594.0
2014-08-14,11.781609241276627,11.815435458167226,11.703809540381528,11.808670043945312,19315571.0
2014-08-15,11.815435114817248,11.828965942867876,11.65645215631708,11.751165390014648,35684580.0
2014-08-18,11.79513620742419,11.80528347121539,11.693657589981386,11.720718383789062,24488836.0
2014-08-19,11.734251723743826,11.734251723743826,11.612477698390359,11.663216590881348,27113402.0
2014-08-20,11.68351461972516,11.690280034712591,11.649689253226132,11.680131912231445,16615538.0
2014-08-21,11.680130591681051,11.75454843969102,11.673366031677482,11.717339515686035,21093836.0
2014-08-22,11.690277342551326,11.713955435335428,11.619243064199017,11.669981956481934,18913870.0
2014-08-25,11.67674925389135,11.72410544710022,11.65307030306791,11.67336654663086,22933666.0
2014-08-26,11.703808169410166,11.720720848764849,11.656451129623093,11.669981956481934,19602614.0
2014-08-27,11.700428367728401,11.768080810381909,11.683514829955485,11.754549980163574,19665902.0
2014-08-28,11.724104588132334,11.754548097027307,11.690278372224707,11.751165390014648,13954563.0
2014-08-29,11.747784798432589,11.82558536529541,11.71057586881207,11.82558536529541,16826716.0
2014-09-02,11.81543477235585,11.839112866539216,11.73763507597653,11.784991264343262,16803149.0
2014-09-03,11.822199773479706,11.839112453243438,11.778225439343787,11.828965187072754,17247218.0
2014-09-04,11.832347011174251,11.839111570043773,11.778224560686303,11.818816184997559,16528684.0
2014-09-05,11.822197150840474,11.927057621394884,11.798519062736448,11.889848709106445,23565876.0
2014-09-08,11.879704841199157,11.879704841199157,11.805286995348693,11.842495918273926,14281061.0
2014-09-09,11.852640477585446,11.859405889578648,11.686892154845431,11.724101066589355,24867765.0
2014-09-10,11.74778097047898,11.764694503076708,11.632772365689695,11.73763370513916,23461015.0
2014-09-11,11.707195332442472,11.79852588584781,11.669986398636032,11.78837776184082,21216835.0
2014-09-12,11.781607861191894,11.808668660690708,11.622625770913727,11.669981956481934,26758172.0
2014-09-15,11.707191175821631,11.764695483006042,11.642921455034612,11.734251976013184,19449428.0
2014-09-16,11.707190262402243,11.842494252803306,11.697042142790105,11.822198867797852,20727617.0
2014-09-17,11.845877647399902,11.903381953437803,11.781607927894278,11.845877647399902,22689653.0
2014-09-18,11.879699516788673,11.920290274315533,11.842490610540251,11.893229484558105,22813182.0
2014-09-19,11.957504736004855,12.001478219458736,11.916913105400619,11.998095512390137,28988053.0
2014-09-22,11.994712732598654,12.025156241812516,11.93720927543797,12.008243560791016,21741669.0
2014-09-23,11.99471074065414,12.011624273085786,11.916911054124997,11.927059173583984,22247437.0
2014-09-24,11.950735783514464,12.004857372149917,11.899996900946064,11.974413871765137,17625485.0
2014-09-25,11.98117947441248,11.984562180533324,11.832345530407723,11.866170883178711,28120436.0
2014-09-26,11.906768499179124,11.954124700284135,11.825586074048044,11.933829307556152,19001121.0
2014-09-29,11.886469523319454,11.930443860723399,11.828966066161751,11.916913032531738,19824252.0
2014-09-30,11.927059220982942,11.97441540354213,11.87293762542421,11.920293807983398,26500522.0
2014-10-01,11.869558855940399,11.916915054207172,11.815437242430061,11.82558536529541,38207860.0
2014-10-02,11.852643280429533,11.879704080582835,11.778225439343787,11.828965187072754,32870021.0
2014-10-03,11.927062642128279,12.231496918024433,11.866175616105235,11.960888862609863,27509542.0
2014-10-06,12.02854088426687,12.086045204899019,11.960889295076697,12.004862785339355,29290720.0
2014-10-07,12.018391442299112,12.04545224584869,11.943974446092525,11.950739860534668,28325126.0
2014-10-08,12.019245284935764,12.105293737525795,11.91598662030615,12.098409652709961,33299527.0
2014-10-09,12.081200736155376,12.122503508102477,11.909103824902914,11.929755210876465,28608330.0
2014-10-10,11.964178070860221,11.977946244779758,11.785197025123631,11.788639068603516,38318149.0
2014-10-13,11.76110449838096,11.819617503652669,11.640636444091797,11.640636444091797,31301743.0
2014-10-14,11.661286330136171,11.723241366527931,11.606215379833003,11.647518157958984,29970858.0
2014-10-15,11.592447462582841,11.695706148574113,11.392815046043088,11.657844543457031,64291719.0
2014-10-16,11.575234097358132,11.644072328249427,11.444439981020409,11.578675270080566,38686088.0
2014-10-17,11.619983518716458,11.771429077546133,11.585563955000234,11.730125427246094,32399074.0
2014-10-20,11.73012442520106,11.802405589750801,11.647518000860481,11.79896354675293,20202519.0
2014-10-21,11.795520816551596,11.92975613963418,11.733565784604949,11.915987968444824,28822024.0
2014-10-22,11.971059878957366,11.974501921782007,11.833381642782614,11.874685287475586,33051144.0
2014-10-23,11.716358789055658,11.740452224265253,11.5132843077135,11.585564613342285,73984061.0
2014-10-24,11.57179607306571,11.681937976094153,11.46853738707444,11.657844543457031,39501672.0
2014-10-27,11.661285528427571,11.785194723489598,11.654401442812256,11.740449905395508,33575051.0
2014-10-28,11.809284701492462,11.843704250303745,11.73012034766825,11.816168785095215,34478814.0
2014-10-29,11.840266227722168,11.926314694358584,11.761101847025328,11.840266227722168,29961590.0
2014-10-30,11.795522573599216,11.891896309469521,11.743893662354001,11.878129005432129,24470433.0
2014-10-31,11.964177093802945,11.99515461338922,11.9022220546304,11.99171257019043,31816117.0
2014-11-03,12.036458262571859,12.057109652561765,11.912548184226766,11.99171257019043,29410542.0
2014-11-04,12.03645855784327,12.074319295553071,11.922873737105318,11.974503517150879,23619630.0
2014-11-05,12.026131140883388,12.033015226713067,11.94696589224761,12.019247055053711,20637850.0
2014-11-06,12.012360140320826,12.029570350842025,11.881566886372463,11.95040512084961,23095459.0
2014-11-07,11.94696327859163,12.036454636393758,11.885008258084042,12.015802383422852,23810419.0
2014-11-10,12.067432835938284,12.094967436400468,11.929754618411671,12.08808422088623,23728331.0
2014-11-11,12.098409942920174,12.098409942920174,11.977942801766531,12.08120059967041,16276726.0
2014-11-12,12.06399064389352,12.19822594819354,12.033013132254654,12.184457778930664,24825000.0
2014-11-13,12.174135961631272,12.35655817149918,12.146600484526521,12.256741523742676,27672659.0
2014-11-14,12.267063543465166,12.442602477143799,12.25329624412702,12.35655403137207,27213893.0
2014-11-17,12.342791790249867,12.35655909523001,12.26362652710311,12.339349746704102,17157451.0
2014-11-18,12.311812609515137,12.346232171134602,12.260182832484539,12.294602394104004,22670190.0
2014-11-19,12.263625811963934,12.273951941999073,12.108739076654055,12.1741361618042,25610000.0
2014-11-20,12.167251391843829,12.198228911006789,12.112180439821415,12.143157958984375,16227076.0
2014-11-21,12.211996214410984,12.21888030071449,12.043341315191991,12.143157958984375,37419682.0
2014-11-24,12.039903758624648,12.08120655044945,11.778315354119888,11.94352912902832,48569086.0
2014-11-25,11.926315001711481,11.995154124475775,11.805846971475363,11.984827995300293,38848940.0
2014-11-26,12.008918676923964,12.115618502764134,11.998592550861032,12.091525077819824,18725200.0
2014-11-28,12.14315737361077,12.242973143388614,12.125947158681642,12.177576065063477,16749262.0
2014-12-01,12.143156644445996,12.174134160255534,12.015804538428709,12.067434310913086,26415124.0
2014-12-02,12.008917967301162,12.050220730707192,11.761097910055064,11.802401542663574,48895982.0
2014-12-03,11.788638463681416,11.792080506984675,11.675054511485277,11.702589988708496,40703335.0
2014-12-04,11.730126697128544,11.737010784457617,11.616542733010604,11.671613693237305,30441540.0
2014-12-05,11.66128392555913,11.68537735269831,11.606212986611686,11.68193531036377,25014862.0
2014-12-08,11.695702089418985,11.733562812193169,11.650956413591532,11.661282539367676,22613920.0
2014-12-09,11.465095301401913,11.471979387616342,11.151878939876225,11.320534706115723,78454282.0
2014-12-10,11.32053577389119,11.32053577389119,11.15532203517562,11.182857513427734,46031111.0
2014-12-11,11.227598883377617,11.375602347915095,11.21038867284852,11.258576393127441,37104703.0
2014-12-12,11.193180182390694,11.21383156739291,11.069270133972168,11.069270133972168,39813210.0
2014-12-15,11.124342721405194,11.165646366730957,11.038294257079034,11.100249290466309,39714307.0
2014-12-16,11.096807981953813,11.292999223731313,11.055505203097457,11.06238842010498,38332580.0
2014-12-17,11.089920648653672,11.28955387508443,11.069269265272148,11.244808197021484,38316163.0
2014-12-18,11.365279693706533,11.533934593200684,11.306766698436903,11.533934593200684,49812455.0
2014-12-19,11.523604911423586,11.619979482512704,11.478860102576615,11.544257164001465,53222549.0
2014-12-22,11.585561942114184,11.695704700710369,11.55458442707193,11.650959014892578,30042487.0
2014-12-23,11.726681768926623,11.757659285084639,11.671610822246311,11.71291446685791,25684541.0
2014-12-24,11.70947127092465,11.76798425466063,11.678493757817211,11.688819885253906,11693436.0
2014-12-26,11.719793243970752,11.781747379021704,11.695699824361661,11.761096000671387,15208523.0
2014-12-29,11.726681734164877,11.79552085191257,11.709472389329319,11.740449905395508,16825524.0
2014-12-30,11.733567470538,11.771429077546133,11.712916079989407,11.730125427246094,16377483.0
2014-12-31,11.695703343387477,11.73012202792652,11.544257828445811,11.561467170715332,32011804.0
2015-01-02,11.561469943705742,11.692264105454122,11.561469943705742,11.657844543457031,27226736.0
2015-01-05,11.657843645707361,11.67505299077924,11.537375622595976,11.547700881958008,40288128.0
2015-01-06,11.62342196075103,11.6371901296529,11.478860533294295,11.564908981323242,39184839.0
2015-01-07,11.776121747979852,11.779628740625261,11.478037114766249,11.632339477539062,41917840.0
2015-01-08,11.656887748564763,11.77612195822059,11.625325699796797,11.748066902160645,30186935.0
2015-01-09,11.79015238196571,11.814700450424803,11.709493304108744,11.713000297546387,28456070.0
2015-01-12,11.77963024068926,11.839247352044696,11.74105420228153,11.744561195373535,26704948.0
2015-01-13,11.825220265280995,11.895357470308129,11.667410004162393,11.744561195373535,32120637.0
2015-01-14,11.67091578158982,11.730532886735427,11.586750612961474,11.68844985961914,29251794.0
2015-01-15,11.744564303057915,11.807688424208388,11.635851030856848,11.66390609741211,34160392.0
2015-01-16,11.621820889777231,11.874317327342201,11.621820889777231,11.853276252746582,49685616.0
2015-01-20,11.877824911640518,11.909386967906379,11.765603775137222,11.905879974365234,26821460.0
2015-01-21,11.856784008906573,12.00407242615593,11.80067299703444,11.92341423034668,46140473.0
2015-01-22,11.867297943493908,11.898859983835465,11.674419595276824,11.849763870239258,46017076.0
2015-01-23,11.853274606545375,11.853274606545375,11.69195736210459,11.70247745513916,33695800.0
2015-01-26,11.684943220124444,11.691957205789892,11.59025795605789,11.635847091674805,37778354.0
2015-01-27,11.604285284157694,11.614806262875613,11.50609302520752,11.50609302520752,40787276.0
2015-01-28,11.737550105803482,11.797167231871342,11.446479348983653,11.460506439208984,60702355.0
2015-01-29,11.460503597181102,11.60779287884655,11.365817440623816,11.558696746826172,41138534.0
2015-01-30,11.492066024480962,11.723520490995273,11.474531944074014,11.544669151306152,74515912.0
2015-02-02,11.681435658864352,11.790149774575944,11.502585232328162,11.769107818603516,49371298.0
2015-02-03,11.804177034682914,12.042645454406738,11.80067004196883,12.042645454406738,55119974.0
2015-02-04,12.039140830704987,12.186430125658315,12.004071782267644,12.067195892333984,39537685.0
2015-02-05,12.095249352911353,12.13382538964655,12.035632244140722,12.112783432006836,25257154.0
2015-02-06,12.095247731517112,12.291633996202764,12.067192677362613,12.228509902954102,36686981.0
2015-02-09,12.172402874674832,12.242540975713375,12.130320722535265,12.147854804992676,26626434.0
2015-02-10,12.225007390483528,12.298651602525325,12.200459319802928,12.221500396728516,26313308.0
2015-02-11,12.20045491383831,12.214481998188257,12.01108263308281,12.060178756713867,42241293.0
2015-02-12,12.0671919810954,12.14083616190019,12.007574883756428,12.137330055236816,26302054.0
2015-02-13,12.116290182603274,12.179414283051285,12.053166967759525,12.154866218566895,21293098.0
2015-02-17,12.133825323627304,12.179414460390081,12.081221315418514,12.17240047454834,25493090.0
2015-02-18,12.179416269161523,12.179416269161523,12.046154946399083,12.095251083374023,22638546.0
2015-02-19,12.091746330746501,12.091746330746501,11.93393691025172,11.954977989196777,25044784.0
2015-02-20,11.944456319731534,11.951469421386719,11.860290243824798,11.951469421386719,28177368.0
2015-02-23,11.91289258708799,11.940947646576067,11.832233516155982,11.870809555053711,31006491.0
2015-02-24,11.835736615286578,11.965491776231657,11.783133506753613,11.940943717956543,25661768.0
2015-02-25,11.969001903452794,12.000563068356682,11.916398781140625,11.99705696105957,23617777.0
2015-02-26,11.965495481570503,12.130318842175496,11.944454408762363,12.098756790161133,30658809.0
2015-02-27,12.070701575483662,12.126811692650994,12.05667360338968,12.119797706604004,26299406.0
2015-03-02,12.119799741698149,12.151361798605048,11.99705939328737,12.147854804992676,28648182.0
2015-03-03,12.10927804197528,12.151361077220972,12.046154817513335,12.067195892333984,26747978.0
2015-03-04,12.081223628372896,12.081223628372896,11.912894135174264,11.92341423034668,30971405.0
2015-03-05,11.976017363022086,11.993552330983515,11.919907236754394,11.92341423034668,19229908.0
2015-03-06,11.776124537744181,11.842755642583473,11.702479445952454,11.741055488586426,52644226.0
2015-03-09,11.730535089814028,11.779631226000113,11.681438068023551,11.695466041564941,25771925.0
2015-03-10,11.663901469010305,11.663901469010305,11.485050158589553,11.49557113647461,42989618.0
2015-03-11,11.530640865032838,11.534147857870407,11.404392665297427,11.439461708068848,38424598.0
2015-03-12,11.516615537889333,11.646370760254017,11.467519398099457,11.618315696716309,35770243.0
2015-03-13,11.569216954225185,11.583244926714242,11.43244865047849,11.488558769226074,35493792.0
2015-03-16,11.499077214815982,11.60779043523435,11.460501184575476,11.59376335144043,27183706.0
2015-03-17,11.520119912481633,11.614806062496573,11.492064855322122,11.537654876708984,31647837.0
2015-03-18,11.548174323642527,11.77962875366211,11.464009156872152,11.77962875366211,63352473.0
2015-03-19,11.751572679209099,11.751572679209099,11.635845474232871,11.64285945892334,26365739.0
2015-03-20,11.667407409556084,11.783134613439456,11.646366341287504,11.653379440307617,51174983.0
2015-03-23,11.702481547754887,11.811195708229773,11.670920372009277,11.670920372009277,31754551.0
2015-03-24,11.653382995829993,11.720014098881549,11.597272872924805,11.597272872924805,26648413.0
2015-03-25,11.579736993550275,11.611299043484127,11.439461708068848,11.439461708068848,38611944.0
2015-03-26,11.442967645435244,11.618311957514763,11.435953660407062,11.509598731994629,40546441.0
2015-03-27,11.551685127223184,11.55519212102944,11.46751993268649,11.485054016113281,27608975.0
2015-03-30,11.509601233028246,11.58675242829067,11.502587246475926,11.562204360961914,25029293.0
2015-03-31,11.562203834107885,11.583244907201703,11.449983596801758,11.449983596801758,36939865.0
2015-04-01,11.439463955194833,11.541163225044702,11.411408892587515,11.534150123596191,33583260.0
2015-04-02,11.537657499745954,11.653383861935103,11.509602436208247,11.618315696716309,25518644.0
2015-04-06,11.625325761746826,11.71650491582859,11.593764598414891,11.68844985961914,30415590.0
2015-04-07,11.69546966286755,11.73053872197517,11.628838539123535,11.628838539123535,31782620.0
2015-04-08,11.697555997962041,11.740442964654862,11.640371871469123,11.668964385986328,28308709.0
2015-04-09,11.643947108783475,11.719000661868975,11.593912008420865,11.683260917663574,27901579.0
2015-04-10,11.711849212646484,11.733293594615992,11.668962253790127,11.711849212646484,19944206.0
2015-04-13,11.708277519932091,11.819069905711556,11.686834036161569,11.751165390014648,30095844.0
2015-04-14,11.765461697556887,11.769035762231585,11.65824336748227,11.683260917663574,24182992.0
2015-04-15,11.690405560454431,11.779754443049638,11.665388017734383,11.75473690032959,26289344.0
2015-04-16,11.708279303272006,11.758315309746447,11.68683581623533,11.704705238342285,23298825.0
2015-04-17,11.668962993847313,11.686832410747202,11.568891912600323,11.618927001953125,39344249.0
2015-04-20,11.668961244389868,11.747587930519298,11.668961244389868,11.733292579650879,32192530.0
2015-04-21,11.736867239780246,11.740441303589229,11.643944288370767,11.67253589630127,26109810.0
2015-04-22,11.715425987644792,11.754739794479407,11.633225212028357,11.744017601013184,39422762.0
2015-04-23,11.954881245468234,12.294406545870732,11.911993373580172,12.233649253845215,120977720.0
2015-04-24,12.226501147972511,12.265814049955798,12.137152248628201,12.155021667480469,55670096.0
2015-04-27,12.169319374558166,12.25866738200672,12.16574530985357,12.183614730834961,32396824.0
2015-04-28,12.251513848509346,12.505264189040034,12.212200059537668,12.458803176879883,64463442.0
2015-04-29,12.358734798815235,12.591041714971272,12.344438544262212,12.423066139221191,53916590.0
2015-04-30,12.401622833668036,12.47310139981053,12.348012780884497,12.380178451538086,39313797.0
2015-05-01,12.351588820755493,12.408772043835006,12.197909472817727,12.301553726196289,45237902.0
2015-05-04,12.297981025422017,12.405199354948106,12.240797796002559,12.34086799621582,28207820.0
2015-05-05,12.326568291467796,12.358733959486282,12.029930055051642,12.051374435424805,42109820.0
2015-05-06,12.047802473728693,12.076394083339363,11.82264275832093,11.929861068725586,40648786.0
2015-05-07,11.88339973534752,11.994192106916268,11.833364645453518,11.926286697387695,29979994.0
2015-05-08,12.051375419822174,12.090688315301662,12.004913494426411,12.040653228759766,36650174.0
2015-05-11,12.026357601973492,12.044227921343946,11.929860584997183,11.9691743850708,28439123.0
2015-05-12,11.904843392962773,12.130003105908571,11.804773211690337,12.029932022094727,54656838.0
2015-05-13,12.019213218691002,12.201484201577657,11.997768830375964,12.115710258483887,46007411.0
2015-05-14,12.180036177203709,12.222924035311049,12.1514445726459,12.197906494140625,31655119.0
2015-05-15,12.190760544239394,12.290830726790372,12.155020806524863,12.269387245178223,37421668.0
2015-05-18,12.251515089301222,12.515987645211196,12.244366962847684,12.46237850189209,78926156.0
2015-05-19,12.433789956590873,12.45523343868409,12.212204299822824,12.283683776855469,50670407.0
2015-05-20,12.305126158225415,12.40519633406987,12.255091070303187,12.373030662536621,36118852.0
2015-05-21,12.34801428738527,12.587469363386711,12.337292997553595,12.533860206604004,55046624.0
2015-05-22,12.46953035198045,12.5195654470142,12.373032421124027,12.405198097229004,34886341.0
2015-05-26,12.365883068662537,12.42306628245127,12.24436851372615,12.390900611877441,53827220.0
2015-05-27,12.419493045655251,12.544581672599437,12.365883891976711,12.490972518920898,48502886.0
2015-05-28,12.4945497175381,12.498123782352202,12.380182351111685,12.437366485595703,25939411.0
2015-05-29,12.419494962647239,12.444512511389343,12.344441413879395,12.344441413879395,39567872.0
2015-06-01,12.340865477239477,12.36588392472769,12.23722123352532,12.276535034179688,37384067.0
2015-06-02,12.283683469533937,12.34086578617141,12.251517795928132,12.280109405517578,25829651.0
2015-06-03,12.312276204113786,12.569601635335445,12.280111427752646,12.519566535949707,51789452.0
2015-06-04,12.480252310815468,12.680393604212359,12.43021721310163,12.605340957641602,74433956.0
2015-06-05,12.566024149688477,12.569598213320376,12.330143170313843,12.3551607131958,48608277.0
2015-06-08,12.330144735317518,12.408771437574984,12.326570671231982,12.362310409545898,34329731.0
2015-06-09,12.362314688276017,12.433794189643674,12.330149002914748,12.333723068237305,31758258.0
2015-06-10,12.36230953647044,12.423066816550744,12.36230953647044,12.408770561218262,41457485.0
2015-06-11,12.444511349440655,12.501695473065274,12.430215995440586,12.46595573425293,40303619.0
2015-06-12,12.419491601679136,12.494545130135961,12.380177805699784,12.38375186920166,34250688.0
2015-06-15,12.344437512165603,12.355159702183908,12.294402430496016,12.29797649383545,32392322.0
2015-06-16,12.258663865902665,12.419492218771808,12.24436851372615,12.390900611877441,39362255.0
2015-06-17,12.408773967082885,12.455235907124594,12.344442605512283,12.437366485595703,40323612.0
2015-06-18,12.437359766755783,12.544578043091525,12.423063515222413,12.515986442565918,49429157.0
2015-06-19,12.480248648060527,12.530284633631135,12.465953296855549,12.505266189575195,47215164.0
2015-06-22,12.544583437593468,12.56245285715337,12.508843695932145,12.523139953613281,31228526.0
2015-06-23,12.71255849192322,12.955587641499632,12.691115008884559,12.834073066711426,92641472.0
2015-06-24,12.83764801308113,12.848370206607948,12.75187317249121,12.787612915039062,44278797.0
2015-06-25,12.912697373513815,13.027062887989398,12.880531705910176,12.930566787719727,63002805.0
2015-06-26,13.00204641897036,13.009194546258515,12.834070842946675,12.909124374389648,39727812.0
2015-06-29,12.81977541636986,12.948437194101903,12.776887555431632,12.784035682678223,38394941.0
2015-06-30,12.876961622581659,12.919848590947883,12.673245363946746,12.694689750671387,41560492.0
2015-07-01,12.71970687500766,12.734002229805697,12.605340426457367,12.71255874633789,48951193.0
2015-07-02,12.812626054130982,12.84121765782012,12.737572530358726,12.76973819732666,29464693.0
2015-07-06,12.723278302265074,12.744721781288417,12.676816378082965,12.726851463317871,33947757.0
2015-07-07,12.791182907383496,12.812627289123268,12.641077650452997,12.784035682678223,35938524.0
2015-07-08,12.832148192246784,12.846696638218331,12.635737282727243,12.653923988342285,41827411.0
2015-07-09,12.737582304145926,12.74485698766299,12.486613070972384,12.50843620300293,43786401.0
2015-07-10,12.592089571639033,12.675746576865395,12.566629103382487,12.603001594543457,41042941.0
2015-07-13,12.63937719458003,12.719396878520492,12.610279378198229,12.686661720275879,35487437.0
2015-07-14,12.635740026548302,12.777592687066656,12.606642209766198,12.773955345153809,33288538.0
2015-07-15,12.766680946002099,12.777592971983962,12.613917174859525,12.632102966308594,38455448.0
2015-07-16,12.67574594187115,12.799411854511105,12.67574594187115,12.78849983215332,24430845.0
2015-07-17,12.766680050010768,12.81760099731099,12.693935052278475,12.7339448928833,28995997.0
2015-07-20,12.744856303979951,12.752130987106773,12.624826787949175,12.693934440612793,29415043.0
2015-07-21,12.610276529365969,12.610276529365969,12.50843373577699,12.573904037475586,36902131.0
2015-07-22,12.457516613602413,12.49388911663259,12.373860499597527,12.464791297912598,68577639.0
2015-07-23,12.46842782765743,12.4902509606453,12.315664059700971,12.341124534606934,49059893.0
2015-07-24,12.606644920051291,12.76304606332482,12.472067832946777,12.472067832946777,115520192.0
2015-07-27,12.446605361832408,12.606643834013774,12.373861269765099,12.482977867126465,66893246.0
2015-07-28,12.573904800997306,12.57754214225926,12.446601530911,12.486611366271973,70106727.0
2015-07-29,12.537533081596793,12.697571514408995,12.501161503770883,12.617552757263184,56913596.0
2015-07-30,12.679385385674152,12.690297409841817,12.613915077709267,12.657562255859375,34369451.0
2015-07-31,12.708483364497585,12.726669153161016,12.628463689929136,12.635738372802734,39562312.0
2015-08-03,12.712122887288992,12.737583363194947,12.548447087149679,12.606642723083496,39293142.0
2015-08-04,12.653922716509138,12.657560057266561,12.548442590105054,12.577540397644043,34754868.0
2015-08-05,12.65392370333852,12.668472148982394,12.552080909749542,12.573904037475586,30236982.0
2015-08-06,12.566635214495383,12.58118458544326,12.348401998444373,12.45388126373291,43340081.0
2015-08-07,12.406593012240986,12.461151295880219,12.381132541110714,12.442965507507324,33930942.0
2015-08-10,12.475702654871315,12.650290489196777,12.439331069635909,12.650290489196777,38634055.0
2015-08-11,12.584815808223196,12.715756408994507,12.573903785318771,12.603001594543457,46873175.0
2015-08-12,12.315661874845011,12.392043286012479,12.166535475262366,12.373857498168945,82054238.0
2015-08-13,12.370222761050881,12.428418396626046,12.29020399176521,12.297478675842285,47029936.0
2015-08-14,12.33384663098364,12.38476848602295,12.28656303543333,12.38476848602295,30133710.0
2015-08-17,12.352034639087835,12.450239181518555,12.3302115094944,12.450239181518555,27870994.0
2015-08-18,12.424777398925523,12.522982849509525,12.410228953572584,12.493885040283203,27192577.0
2015-08-19,12.475702116399045,12.548447120771588,12.392046004335127,12.497526168823242,27988433.0
2015-08-20,12.428417928564597,12.533897169626904,12.34839916229248,12.34839916229248,50793142.0
2015-08-21,12.257467309491817,12.348398093598979,12.141075134277344,12.141075134277344,55126991.0
2015-08-24,11.704609265532941,11.890108196631969,11.264504660813826,11.773716926574707,102254241.0
2015-08-25,12.04286992391915,12.04286992391915,11.555480874398768,11.56639289855957,67092641.0
2015-08-26,11.770078553301198,11.948302784775846,11.642775268384844,11.890107154846191,65711709.0
2015-08-27,12.006497923846906,12.18108480649828,11.937391190206107,12.162899017333984,56389028.0
2015-08-28,12.12652891714815,12.166538763441778,12.039235458569955,12.108343124389648,31979896.0
2015-08-31,12.075608253479004,12.104706073705962,12.00650058599468,12.075608253479004,29507326.0
2015-09-01,11.8573722172048,11.926479873467938,11.697333772681977,11.755529403686523,43755552.0
2015-09-02,11.991948609523996,11.991948609523996,11.820998162244132,11.937390327453613,31899132.0
2015-09-03,11.991947902075541,12.09015243660058,11.973761196777964,12.01740837097168,30231422.0
2015-09-04,11.886469289829748,11.922841786564552,11.766440693569308,11.842823028564453,38818224.0
2015-09-08,11.984675724065008,12.071969172171285,11.93375477563318,12.05378246307373,24958724.0
2015-09-09,12.148350828411676,12.184723328785505,11.901019846615126,11.922842979431152,29868248.0
2015-09-10,11.919204767476389,11.94466524032333,11.839186007311628,11.911930084228516,33897445.0
2015-09-11,11.904652622171502,11.922838406122457,11.8428196708098,11.901015281677246,23338016.0
2015-09-14,11.90829624455064,11.922844695681961,11.824639206092495,11.839188575744629,24500223.0
2015-09-15,11.886471169402183,11.977401966357515,11.835550217033832,11.95194149017334,29620131.0
2015-09-16,11.9519393268744,12.039232765928935,11.915566830971535,11.981037139892578,31132801.0
2015-09-17,11.904657188504578,12.053782694847989,11.788265003604184,11.922842979431152,50208860.0
2015-09-18,11.886472190072439,11.926482038094994,11.788266700482973,11.839188575744629,59086413.0
2015-09-21,11.839185687038915,11.890106631355287,11.80281319030411,11.842823028564453,26308277.0
2015-09-22,11.755528623509402,11.802813144637874,11.686421890353301,11.737342834472656,33786759.0
2015-09-23,11.744620615989387,11.762806409823952,11.653689809774908,11.711885452270508,20838701.0
2015-09-24,11.646411612815124,11.722793026112196,11.6209511417161,11.679146766662598,32757614.0
2015-09-25,11.737341681775652,11.89374275880598,11.697331847599385,11.759164810180664,35885961.0
2015-09-28,11.733702848261261,11.76280065527395,11.59548849458109,11.602763175964355,47564568.0
2015-09-29,11.635499698543542,11.704607348265162,11.584578755864747,11.664597511291504,44731605.0
2015-09-30,11.770078892421376,11.897382181005602,11.726431709456255,11.85009765625,46095722.0
2015-10-01,11.813724379280785,11.871920925577305,11.700970465280001,11.831911087036133,40799722.0
2015-10-02,11.762803097786527,11.871920585632324,11.708244813123912,11.871920585632324,37741812.0
2015-10-05,11.995587785914962,12.181085789628137,11.991950444084416,12.159262657165527,36908751.0
2015-10-06,12.18472062723956,12.19199530940555,12.09378985572612,12.115612983703613,36895908.0
2015-10-07,12.257305921290778,12.35738093871583,12.235067340531854,12.275838851928711,27817637.0
2015-10-08,12.27212856245408,12.38332236870046,12.183173330255713,12.379615783691406,22912085.0
2015-10-09,12.38702856297951,12.424093475894585,12.231356677541221,12.283246994018555,25621121.0
2015-10-12,12.305488203030452,12.346258770462692,12.257303528783602,12.342552185058594,18806361.0
2015-10-13,12.301786486977491,12.338851419683264,12.253602729664735,12.312905311584473,29324746.0
2015-10-14,12.316606954669762,12.375910448792347,12.268423216697567,12.331433296203613,31356160.0
2015-10-15,12.353674664775404,12.4166847585235,12.305490915912328,12.412978172302246,25381610.0
2015-10-16,12.509345898061222,12.55011740818092,12.43151039983987,12.538997650146484,44005788.0
2015-10-19,12.464871406555176,12.487109991378563,12.387034955663161,12.464871406555176,37404059.0
2015-10-20,12.45004155445444,12.546409976235605,12.424096390129993,12.509345054626465,26593864.0
2015-10-21,12.55753126261876,12.579769843889578,12.353674636948638,12.453749656677246,36032660.0
2015-10-22,12.401856489038797,12.661309996210036,12.401856489038797,12.587181091308594,44087479.0
2015-10-23,12.861459068934678,12.876284474433307,12.461160016381983,12.505637168884277,61210374.0
2015-10-26,12.509347684596687,12.513054271137525,12.409272656014144,12.47598934173584,33655021.0
2015-10-27,12.442627920922963,12.457454263418702,12.290662590373977,12.309195518493652,32379744.0
2015-10-28,12.364795832343848,12.453751103770106,12.279547147561194,12.38703441619873,36829443.0
2015-10-29,12.409271735831261,12.47969500287171,12.33514281853146,12.435216903686523,23622543.0
2015-10-30,12.461163551135746,12.50934730268218,12.420392036437988,12.420392036437988,32546303.0
2015-11-02,12.48710547543209,12.520463808606557,12.375910719515057,12.457453727722168,33813239.0
2015-11-03,12.435218712114965,12.509348576201953,12.401860366876498,12.464871406555176,23438507.0
2015-11-04,12.513050920217033,12.520464091313507,12.394443926699244,12.409269332885742,22900036.0
2015-11-05,12.412976828617387,12.43892199335103,12.331434748596434,12.357379913330078,21372935.0
2015-11-06,12.312903254356712,12.331436185616528,12.179470829319184,12.290664672851562,28458718.0
2015-11-09,12.216533334647654,12.220239920165012,12.138696910796021,12.1720552444458,27055013.0
2015-11-10,12.1794686081549,12.194294950458879,12.109045354223916,12.153523445129395,25504609.0
2015-11-11,12.172056089774136,12.231359590157505,12.157230682681549,12.20170783996582,18587504.0
2015-11-12,12.172057722235902,12.179470894779673,12.094222218546225,12.116460800170898,23048722.0
2015-11-13,12.09792908956064,12.172058008723166,11.975614547729492,11.975614547729492,31282016.0
2015-11-16,11.990440253010675,12.249893796244242,11.942255568921233,12.246187210083008,31248518.0
2015-11-17,12.25730501229597,12.424096695635214,12.253599362449789,12.327728271484375,26966835.0
2015-11-18,12.324024625293369,12.446338243582227,12.238775938366203,12.431512832641602,29437551.0
2015-11-19,12.424094789282405,12.509343442794565,12.405561862862553,12.461159706115723,23783277.0
2015-11-20,12.505641098055849,12.520467444219204,12.435217825793314,12.47598934173584,27081890.0
2015-11-23,12.475989141058252,12.483402314020688,12.3907404600103,12.401859283447266,20222379.0
2015-11-24,12.33884867785783,12.450042515259895,12.305490339435895,12.3759126663208,23457970.0
2015-11-25,12.361088377228548,12.41668530096296,12.320316863020203,12.398153305053711,19332651.0
2015-11-27,12.416685598524882,12.520467211721098,12.409272425580863,12.442630767822266,12349080.0
2015-11-30,12.450038808212412,12.509342295303213,12.38702873617765,12.479690551757812,32970645.0
2015-12-01,12.520465504728875,12.590888766082452,12.446335657408632,12.516758918762207,22192226.0
2015-12-02,12.5130508130484,12.583474065848863,12.431508739704904,12.438920974731445,34227518.0
2015-12-03,12.45745525359991,12.475987247186131,12.235066650532534,12.268424987792969,38062749.0
2015-12-04,12.301783730604319,12.66501793051867,12.294370558522823,12.642779350280762,47248132.0
2015-12-07,12.557533289394266,12.74656266471533,12.557533289394266,12.702085494995117,44958009.0
2015-12-08,12.583477396926789,12.639074322378812,12.464870373027354,12.546412467956543,37627948.0
2015-12-09,12.509347452305068,12.687257986921422,12.405565839108853,12.442630767822266,33169113.0
2015-12-10,12.464865147988261,12.613123865715265,12.435212468436562,12.479690551757812,36691880.0
2015-12-11,12.383324948299643,12.450041620347903,12.264717947327854,12.2943696975708,35682992.0
2015-12-14,12.286957957129566,12.472281651735157,12.27213254828456,12.453749656677246,34951217.0
2015-12-15,12.498224501112267,12.576059983297721,12.38332316644844,12.531582832336426,33575978.0
2015-12-16,12.568649922763846,12.779918782121888,12.564944272605466,12.750267028808594,41299135.0
2015-12-17,12.75768181446513,12.828105088492352,12.613129615783691,12.613129615783691,36701942.0
2015-12-18,12.553824676405855,12.602008425160395,12.453749656677246,12.453749656677246,67810381.0
2015-12-21,12.57235634783513,12.642779612054325,12.509346255850925,12.635366439819336,26999538.0
2015-12-22,12.709496797703554,12.779919128728434,12.605715190289045,12.753973960876465,27045745.0
2015-12-23,12.761385568220225,12.94300265691526,12.761385568220225,12.891112327575684,25565910.0
2015-12-24,12.891113917692103,12.891113917692103,12.802157719270788,12.846635818481445,9085818.0
2015-12-28,12.831808150716297,12.928177511740149,12.824395914950761,12.883699417114258,18441202.0
2015-12-29,12.950416218796134,12.96894821240258,12.894819301970252,12.946709632873535,19023364.0
2015-12-30,12.946712644574117,12.954125818143787,12.854050782973536,12.876289367675781,18210826.0
2015-12-31,12.809570882845918,12.846635809494432,12.746560788345436,12.753973960876465,26826623.0
2016-01-04,12.631659263342478,12.731734275817871,12.60200751179494,12.731734275817871,42076058.0
2016-01-05,12.731733948995839,12.857754123839587,12.646485282485813,12.82068920135498,40656465.0
2016-01-06,12.769913487055108,12.917172190895457,12.732155774121141,12.86053466796875,35631223.0
2016-01-07,12.694396220710077,12.875636662822663,12.652861595153809,12.652861595153809,46487494.0
2016-01-08,12.751036477676447,12.822777858989651,12.615105640141087,12.664192199707031,37192219.0
2016-01-11,12.747255078726154,12.875633936419895,12.660410837793767,12.81899642944336,35004971.0
2016-01-12,12.875636728199568,12.909619430458939,12.709499178656612,12.80012035369873,31940308.0
2016-01-13,12.841654147169242,12.951153224963155,12.73593007763917,12.739706039428711,53279481.0
2016-01-14,12.792566248698712,13.045547061338159,12.743479707794393,12.951150894165039,48097478.0
2016-01-15,12.709497812880766,12.966255556348692,12.690618959665722,12.834100723266602,59476860.0
2016-01-19,12.917167235456507,13.064424929278331,12.879408583482212,13.030442237854004,48662031.0
2016-01-20,12.890739621689457,12.970032911469888,12.622654918894085,12.80012035369873,66901190.0
2016-01-21,12.83409975131803,13.170150750595724,12.758583390651244,13.041770935058594,54250503.0
2016-01-22,13.170152710194182,13.283427744811414,13.10218730801358,13.26832389831543,43877095.0
2016-01-25,13.287204050292528,13.377824271036589,13.128618425609,13.215462684631348,40070066.0
2016-01-26,13.226789329472053,13.430684568644764,13.189030669321372,13.366495132446289,55180480.0
2016-01-27,13.211690130190343,13.517533573268956,13.177707419456505,13.396706581115723,66548212.0
2016-01-28,13.506200955345188,13.513751924032892,13.294753808053265,13.415579795837402,34668146.0
2016-01-29,13.483547779071156,13.615702629089355,13.47222084710078,13.615702629089355,57303382.0
2016-02-01,13.608155843057347,13.744085743176294,13.547741388694917,13.661017417907715,44156062.0
2016-02-02,13.645910323745598,13.668565141212063,13.513754520201683,13.615702629089355,38592482.0
2016-02-03,13.638360017154731,13.895116870444502,13.555290754052137,13.864910125732422,50302335.0
2016-02-04,13.868685402743843,13.902668108056536,13.694996867612995,13.793168067932129,41099078.0
2016-02-05,13.815820610630906,13.985733143946467,13.793164843368384,13.92531967163086,45893282.0
2016-02-08,13.819594885156368,14.015939122981008,13.740301616466423,14.012163162231445,54324514.0
2016-02-09,13.857355034589077,13.925320433041747,13.653459792756674,13.838476181030273,46674045.0
2016-02-10,13.838474661171032,13.872457356665098,13.69121694971375,13.755406379699707,35586737.0
2016-02-11,13.615703821500121,13.725203863641445,13.559066296111002,13.672342300415039,55944164.0
2016-02-12,13.725201043930403,13.785614519070867,13.611926016423432,13.77051067352295,35019800.0
2016-02-16,13.84980311175531,13.87623484167349,13.664787677007324,13.838476181030273,36663678.0
2016-02-17,13.87623712064181,13.89134001526416,13.7931678628787,13.834702491760254,34427707.0
2016-02-18,13.82714640260085,13.970629102684283,13.785612739756049,13.966853141784668,29001823.0
2016-02-19,13.932872413906088,13.96307915184135,13.789390647094987,13.808269500732422,32715510.0
2016-02-22,13.872457897976147,13.917767524719238,13.800716543186454,13.917767524719238,28311224.0
2016-02-23,13.898890189026055,13.936648851115566,13.785615156283175,13.872459411621094,27244478.0
2016-02-24,13.857357662766367,14.012168296117403,13.830926881360952,14.008392333984375,30137153.0
2016-02-25,14.008391057012815,14.15942476093716,13.989511248068707,14.110339164733887,30186008.0
2016-02-26,14.155650908060418,14.155650908060418,13.993289294580938,14.019720077514648,29357184.0
2016-02-29,14.015939227657961,14.117886354555788,13.951748847961426,13.951748847961426,38657490.0
2016-03-01,14.008389385912004,14.117888450622559,13.9932855405585,14.117888450622559,25830975.0
2016-03-02,14.053703277695181,14.231167793273926,14.012169597426213,14.231167793273926,28480034.0
2016-03-03,14.231166364989011,14.389752959284749,14.155649983471662,14.344442367553711,36671887.0
2016-03-04,14.314234956487411,14.401079220267711,14.272700328798685,14.321785926818848,27459098.0
2016-03-07,14.27270159432344,14.419960308492467,14.200960218370625,14.39730453491211,29141372.0
2016-03-08,14.336889651859256,14.506803169563137,14.291579062629644,14.382200241088867,32579138.0
2016-03-09,14.393522591558908,14.469039898394627,14.284023545525086,14.34066104888916,29355198.0
2016-03-10,14.370873845799855,14.50302871177243,14.34821902559839,14.465270042419434,33385719.0
2016-03-11,14.518129774762436,14.555888439349125,14.412406658150557,14.484148025512695,27586202.0
2016-03-14,14.48792545000036,14.52945912706575,14.39730426443306,14.469045639038086,23336559.0
2016-03-15,14.389749833720394,14.544559478759766,14.385973872435827,14.544559478759766,19557201.0
2016-03-16,14.55211750093213,14.680496432727884,14.484153025445588,14.638961791992188,27863315.0
2016-03-17,14.638952859374783,14.797538445793975,14.620074008847087,14.77110767364502,36703266.0
2016-03-18,14.812647515298359,14.823975401727004,14.55966567993164,14.55966567993164,54419180.0
2016-03-21,14.59742453837877,14.75223422062872,14.559665869982874,14.695595741271973,27379261.0
2016-03-22,14.688042962323632,14.7069218174347,14.586094856262207,14.586094856262207,29169309.0
2016-03-23,14.574766440053514,14.597421254584367,14.487922189747252,14.55211067199707,27549660.0
2016-03-24,14.491696252750966,14.684264547522341,14.491696252750966,14.680488586425781,23560712.0
2016-03-28,14.725801772745674,14.831524888061802,14.654060406262804,14.752232551574707,28523859.0
2016-03-29,14.774887794119755,14.952353234555025,14.706922387444607,14.895715713500977,34284848.0
2016-03-30,14.956127344804473,14.99766196939534,14.75600805219539,14.865507125854492,34087174.0
2016-03-31,14.88438564384984,14.941023156593298,14.729575043846861,14.789989471435547,35881989.0
2016-04-01,14.601199571790819,14.77111213847553,14.578543800078927,14.744681358337402,36708032.0
2016-04-04,14.7862123086816,14.861729621887207,14.752229613091627,14.861729621887207,23883239.0
2016-04-05,14.835298368807786,14.86173009674214,14.725799310039053,14.797539710998535,32950918.0
2016-04-06,14.887931506134484,14.941664397536462,14.772789319060829,14.830360412597656,29482038.0
2016-04-07,14.719065162897895,14.818854600653614,14.669169474776497,14.811179161071777,29506267.0
2016-04-08,14.864908078934784,14.930155597882107,14.726737603526491,14.776632308959961,23253280.0
2016-04-11,14.841877052722346,14.849552488800816,14.711382039228104,14.734410285949707,23462074.0
2016-04-12,14.765118664238058,14.887937303406241,14.73057580081659,14.841880798339844,23363834.0
2016-04-13,14.884096337519578,14.907124585779092,14.657650119355232,14.680678367614746,29930344.0
2016-04-14,14.680675543743321,14.807332338672579,14.6768373415645,14.745923042297363,18223139.0
2016-04-15,14.761279777483608,14.815013656565489,14.738251526016116,14.768956184387207,20894838.0
2016-04-18,14.768954300871314,14.891772918692357,14.719059600847704,14.83420181274414,22947568.0
2016-04-19,14.8917744232732,14.941669128337889,14.788145840550458,14.937830924987793,21100058.0
2016-04-20,14.96470114235344,14.972376581243367,14.838044285126522,14.861072540283203,22222148.0
2016-04-21,14.788144352570175,14.807335367389651,14.527154304970676,14.53099250793457,42681258.0
2016-04-22,14.527158509996326,14.649978132662778,14.527158509996326,14.611597061157227,32173465.0
2016-04-25,14.596243249342777,14.673005387118431,14.530995723006486,14.665328979492188,23280024.0
2016-04-26,14.70754897001,14.742091836770605,14.546349248208319,14.61927318572998,27672792.0
2016-04-27,14.530996682982492,14.933996479063383,14.481101968602443,14.861072540283203,54837035.0
2016-04-28,14.861065060433495,14.922474356105173,14.795817562626967,14.830360412597656,26750361.0
2016-04-29,14.830364582756392,14.922478552165488,14.768955269816994,14.899450302124023,33557972.0
2016-05-02,14.918642176482464,15.026108971912693,14.884099312567153,15.006917953491211,29211809.0
2016-05-03,14.976214506020874,14.999243729991537,14.845720416404282,14.933996200561523,28897624.0
2016-05-04,14.872584922617332,14.968537102167959,14.807337401753173,14.922479629516602,20496579.0
2016-05-05,14.94550983699547,14.964700856962923,14.838044002151465,14.868748664855957,21501098.0
2016-05-06,14.884097508714301,14.964697837829592,14.765117085894168,14.96469783782959,20738739.0
2016-05-09,14.964698225166472,15.010754726501675,14.903288910557361,14.914802551269531,17867777.0
2016-05-10,14.976209903398667,15.114381327784841,14.960858061379723,15.087514877319336,23005427.0
2016-05-11,15.072169136559094,15.102873802269457,14.97621596581524,15.037626266479492,19085195.0
2016-05-12,15.08368000305705,15.22568966159637,15.045298935675342,15.179632186889648,24805008.0
2016-05-13,15.156602826097581,15.168117436243294,15.010754974558319,15.026107788085938,21833819.0
2016-05-16,14.949341506823025,15.083674710906138,14.930151464486727,15.075998306274414,19936527.0
2016-05-17,15.060648345004939,15.095191200913755,14.96853438566247,15.01075267791748,29202541.0
2016-05-18,15.003078786466808,15.026107036362905,14.68835581732831,14.757440567016602,33592263.0
2016-05-19,14.688356416836974,14.765117576038064,14.496451095726075,14.7536039352417,36297195.0
2016-05-20,14.830364489138008,14.84571730189756,14.703707660844632,14.757440567016602,26803718.0
2016-05-23,14.772795667324619,14.780472074893078,14.6845198880175,14.707548141479492,20364312.0
2016-05-24,14.761279495446106,14.799660559987462,14.73441304104014,14.776632308959961,18710371.0
2016-05-25,14.841881983424585,14.861072033860635,14.757443435321761,14.822690963745117,19475378.0
2016-05-26,14.849561964255491,14.964705209822206,14.830371907949562,14.907133102416992,21206508.0
2016-05-27,14.903288524809959,14.964697837829592,14.815012758499643,14.96469783782959,20749331.0
2016-05-31,14.98005031674636,15.045297835752182,14.945507455552496,15.026107788085938,36992560.0
2016-06-01,15.006914972932668,15.01459137877663,14.81884884521454,14.864906311035156,22581747.0
2016-06-02,14.864914784695205,14.90713310241699,14.807343646533704,14.907133102416992,16287451.0
2016-06-03,14.957023135454465,15.072166337417041,14.941670320828782,15.049137115478516,25480248.0
2016-06-06,15.05297587936506,15.152766270415876,15.037624033411372,15.09903335571289,22162568.0
2016-06-07,15.110548810100358,15.310129616138045,15.095196962305497,15.271748542785645,32984150.0
2016-06-08,15.244878731592683,15.30244984434618,15.214174073507934,15.298611640930176,19100554.0
2016-06-09,15.287097190122855,15.417591253137923,15.21801147078102,15.386886596679688,27396738.0
2016-06-10,15.333153204735606,15.555762199320734,15.306286752340657,15.47900104522705,34245922.0
2016-06-13,15.425269126892092,15.528897715762515,15.402240874668662,15.42526912689209,22097163.0
2016-06-14,15.417595298067326,15.532738516926873,15.32548130452578,15.49819564819336,30471860.0
2016-06-15,15.52121990605947,15.571115578818715,15.455972389619623,15.463648796081543,25792182.0
2016-06-16,15.429108849521956,15.567280314952672,15.40608059503131,15.540413856506348,26619417.0
2016-06-17,15.559608163132715,15.68242684633588,15.479008765747022,15.632532119750977,36100184.0
2016-06-20,15.751503737557188,15.755341940403717,15.555761207843053,15.651713371276855,26784123.0
2016-06-21,15.670908453858475,15.855136422860733,15.567279857828433,15.763021469116211,26398044.0
2016-06-22,15.759183398923039,15.951087765435961,15.759183398923039,15.851297378540039,26803453.0
2016-06-23,15.947247213001479,16.077742240549735,15.881999699227352,16.073904037475586,25202340.0
2016-06-24,15.908871149147558,16.208241390543918,15.85130002343622,15.935737609863281,75662893.0
2016-06-27,15.847459012733468,16.1545056083148,15.847459012733468,16.13147735595703,49590950.0
2016-06-28,16.17369915902766,16.18521280238785,16.070070553325042,16.127641677856445,45570756.0
2016-06-29,16.204404164049482,16.32722282409668,16.150670273346204,16.32722282409668,31341066.0
2016-06-30,16.384794566756682,16.664975735937645,16.327223438847334,16.584375381469727,42253342.0
2016-07-01,16.58437271780706,16.71486777037229,16.50761058009455,16.684162139892578,30766185.0
2016-07-05,16.695678424236025,16.84536451084968,16.63043089141558,16.638107299804688,47114937.0
2016-07-06,16.74153294657828,16.78827667236328,16.531194049859874,16.78827667236328,35025361.0
2016-07-07,16.640255961364343,16.710369570716086,16.41043956789545,16.47665786743164,31389260.0
2016-07-08,16.41043464324175,16.628565041804617,16.24294128975705,16.597402572631836,37659591.0
2016-07-11,16.542875181637797,16.593514209234872,16.44160106110003,16.558456420898438,28590059.0
2016-07-12,16.515613051276926,16.593517294737932,16.44939375577008,16.519508361816406,24727818.0
2016-07-13,16.53898155745183,16.69868534149377,16.496135112446417,16.58962059020996,19664445.0
2016-07-14,16.535085003309135,16.733737916235793,16.535085003309135,16.65972900390625,22051617.0
2016-07-15,16.71426874032666,16.780487055154524,16.63246918263844,16.706478118896484,22040098.0
2016-07-18,16.694786575274932,16.7103678128981,16.620777663892877,16.69089126586914,16339087.0
2016-07-19,16.667519622817572,16.690891479551535,16.624673186133315,16.65972900390625,18093254.0
2016-07-20,16.651937588996763,16.675307474524573,16.56234745371172,16.636356353759766,18653042.0
2016-07-21,16.574037155896576,16.66362534426316,16.492237619595155,16.56235122680664,28652022.0
2016-07-22,16.5662512607719,16.920714707609832,16.554565328349437,16.792173385620117,40678973.0
2016-07-25,16.72204927065737,16.737628536787604,16.636354453967517,16.725942611694336,19319278.0
2016-07-26,16.702577797386272,16.741528925523127,16.468866110245017,16.5078182220459,26584066.0
2016-07-27,16.503922967186273,16.71815909096899,16.503922967186273,16.65583610534668,26229896.0
2016-07-28,16.620777787188683,16.624673096623372,16.496131819934675,16.585721969604492,17887770.0
2016-07-29,16.60130383571934,16.901234839774137,16.538980842347794,16.86228370666504,33425307.0
2016-08-01,16.846700379208094,16.944079183579902,16.792168012680513,16.819433212280273,27340865.0
2016-08-02,16.862276888511037,16.87006553812092,16.71815440982425,16.81163787841797,25943780.0
2016-08-03,16.784375595558853,16.835012647100903,16.71815730744145,16.803850173950195,18049430.0
2016-08-04,16.81943246505363,16.84280432138201,16.72984231645616,16.780481338500977,15747656.0
2016-08-05,16.81163787841797,16.835009729230155,16.65972478279379,16.81163787841797,25981117.0
2016-08-08,16.815540853745784,16.815540853745784,16.671418309347924,16.722057342529297,18580486.0
2016-08-09,16.72984231645616,16.78437664788904,16.66362402418707,16.780481338500977,19539857.0
2016-08-10,16.7726904608335,16.86617395004811,16.7726904608335,16.82722282409668,15535154.0
2016-08-11,16.870071194896898,16.93628949374119,16.850596613350817,16.901233673095703,15861123.0
2016-08-12,16.909024052433733,16.928498633703157,16.823329205932584,16.858386993408203,13956681.0
2016-08-15,16.831119511666326,16.87396595045424,16.757110595703125,16.757110595703125,21512352.0
2016-08-16,16.74932249912135,16.753217809354958,16.32474745495711,16.344223022460938,41899966.0
2016-08-17,16.36369309318481,16.39095927199678,16.102715264512703,16.305265426635742,38844439.0
2016-08-18,16.258523758099592,16.297474880193725,16.013126180388877,16.126087188720703,43099510.0
2016-08-19,16.059869331191415,16.067658965619103,15.849528544701872,15.974174499511719,39007556.0
2016-08-22,15.93911218139397,15.966379335270801,15.794990714934235,15.93521785736084,23398655.0
2016-08-23,15.966389054919492,15.981969311527282,15.884589510820087,15.911855697631836,19930834.0
2016-08-24,15.931329330163303,15.966386130690404,15.814473984182284,15.91964340209961,21407624.0
2016-08-25,15.919642013007778,16.040392657807086,15.87290027215948,15.99754524230957,22380499.0
2016-08-26,16.02091843241773,16.083241414521975,15.814473923071414,15.845635414123535,23645978.0
2016-08-29,15.89237361415816,15.989753374933986,15.861212130056444,15.970276832580566,17139048.0
2016-08-30,15.970278490539824,16.024811831127035,15.865109085568193,15.9274320602417,14852102.0
2016-08-31,15.950803433656413,15.989755539973675,15.83784340736663,15.923537254333496,24812422.0
2016-09-01,15.911853050016504,15.970280723986052,15.833949812611769,15.954700469970703,20795936.0
2016-09-02,16.005335159529444,16.11829616501719,15.869004268304716,15.95080280303955,25244708.0
2016-09-06,15.97807403665304,16.110510644599664,15.89627547603762,16.059873580932617,20565295.0
2016-09-07,16.071553680966268,16.10271516851759,15.966384275270455,16.075448989868164,17915441.0
2016-09-08,16.07545394711188,16.12219668468502,15.989760075835978,16.044292449951172,17906438.0
2016-09-09,15.962486684215463,16.00143780033789,15.45611233798667,15.46779727935791,50974132.0
2016-09-12,15.413273914998422,15.911857935185981,15.405483293766917,15.857325553894043,35568201.0
2016-09-13,15.75604741726767,15.759942727138872,15.491174215338724,15.56907844543457,33801058.0
2016-09-14,15.561287057881646,15.682037723274544,15.487278141308684,15.53791618347168,35138298.0
2016-09-15,15.502862794280054,15.82226842166175,15.4327491719447,15.756050109863281,30367132.0
2016-09-16,15.713201875721623,15.740468062717149,15.541813149895825,15.658668518066406,54748194.0
2016-09-19,15.658667885092337,15.67424912483946,15.526231281898305,15.604135513305664,21426027.0
2016-09-20,15.643088830592049,15.748259255971135,15.534023094976977,15.565184593200684,18797887.0
2016-09-21,15.60023854128831,15.826159607902614,15.5690770487782,15.802788734436035,25329312.0
2016-09-22,15.865113329460394,16.044291683660685,15.853427399709199,16.01313018798828,29503089.0
2016-09-23,16.028709567983398,16.122195033555514,15.86511246239236,16.079347610473633,24980702.0
2016-09-26,16.079348885917476,16.129986932424416,16.01313058302204,16.024816513061523,22040893.0
2016-09-27,16.05986877754545,16.24294239440317,15.993650493377533,16.149457931518555,24414825.0
2016-09-28,15.974178691391307,15.997549568135069,15.806686260452825,15.911855697631836,34874425.0
2016-09-29,15.872901969875791,15.997546953357523,15.752150328497368,15.865111351013184,22569963.0
2016-09-30,15.935225245834408,15.98586230204247,15.814474585904405,15.818368911743164,25661238.0
2016-10-03,15.822259103633183,15.985857131514933,15.775517372046224,15.88068675994873,21954171.0
2016-10-04,15.861213616243568,15.876793867922407,15.46779922780686,15.541808128356934,43930188.0
2016-10-05,15.678574989609166,15.686491704474566,15.369833105710665,15.500454902648926,29923592.0
2016-10-06,15.488579060358061,15.516286561424312,15.401498199923392,15.48066234588623,20853794.0
2016-10-07,15.524202484056062,15.551909983709042,15.32233227283207,15.385663986206055,25383728.0
2016-10-10,15.40941708958052,15.516289758213524,15.124424306144542,15.441082954406738,25183407.0
2016-10-11,15.413373828149282,15.5875365661869,15.278794666467101,15.476705551147461,29544928.0
2016-10-12,15.496499621003418,15.631079802086218,15.460875396623535,15.567748069763184,22746188.0
2016-10-13,15.547951987844044,15.627117131193037,15.44503770132441,15.583576202392578,23231698.0
2016-10-14,15.59941200549599,15.666702087710236,15.524205207824707,15.524205207824707,17896508.0
2016-10-17,15.476706679462623,15.631078640162132,15.456915889427336,15.543997764587402,18383740.0
2016-10-18,15.528158911169227,15.615240755924301,15.496493058417832,15.57961654663086,21234974.0
2016-10-19,15.619196940156566,15.662737859264952,15.559823595653711,15.587531089782715,15506026.0
2016-10-20,15.456915203738234,15.468790276983812,15.239212524666318,15.298585891723633,41218106.0
2016-10-21,15.199631355763305,15.30650402612468,14.629644780088029,14.839431762695312,109580860.0
2016-10-24,14.451523661227467,14.77609900835564,14.36840014573215,14.59006118774414,133176129.0
2016-10-25,14.590058437066435,14.669223579795439,14.467353365463095,14.526726722717285,53603994.0
2016-10-26,14.502976659085771,14.554433298883573,14.356522453794671,14.419854164123535,43531399.0
2016-10-27,14.487147391307394,14.601935766472295,14.431731382993217,14.45548152923584,57172968.0
2016-10-28,14.506933047900679,14.570264749637884,14.423810564214943,14.451518058776855,30748708.0
2016-10-31,14.491100898832928,14.57422438942386,14.4554776881054,14.562349319458008,41552019.0
2016-11-01,14.633598246092802,14.720680096350188,14.407978906035114,14.47131061553955,36561201.0
2016-11-02,14.48714401994351,14.5267255886328,14.368396315120503,14.39610481262207,34488611.0
2016-11-03,14.471310218254704,14.641514557719605,14.404020153805442,14.499017715454102,33824096.0
2016-11-04,14.558397981195753,14.574231415449958,14.447567939758303,14.4475679397583,30791341.0
2016-11-07,14.562351916259145,14.59401777556315,14.502978555012284,14.570268630981445,28326186.0
2016-11-08,14.570271101099634,14.681102127245584,14.570271101099634,14.641519546508789,23581499.0
2016-11-09,14.633600452896873,14.855261469589749,14.419856150982186,14.8196382522583,46028066.0
2016-11-10,14.831508487694393,14.831508487694393,14.40797735124312,14.47526741027832,50308558.0
2016-11-11,14.451518058776855,14.475267197032077,14.368394575506194,14.451518058776855,33519443.0
2016-11-14,14.491105402722908,14.499022118494022,14.289236147656808,14.301111221313477,34594531.0
2016-11-15,14.312986732425035,14.554438591003416,14.3050710154445,14.554438591003418,27656771.0
2016-11-16,14.6138109675338,14.73651605918716,14.586103462926777,14.704850196838379,27586467.0
2016-11-17,14.764221217341921,14.918592146810155,14.752347145589061,14.807762145996094,28048808.0
2016-11-18,14.82359507147406,14.886926788228124,14.764221711965268,14.867136001586914,22484433.0
2016-11-21,14.910680363280141,14.938387870788572,14.827556841169454,14.938387870788574,22835558.0
2016-11-22,15.037340718032446,15.33420852212704,14.970050642454263,15.259001731872559,34625248.0
2016-11-23,15.207541872140899,15.425244482640116,15.203583515639188,15.330246925354004,28258662.0
2016-11-25,15.34607999558311,15.520242691040039,15.330247568497034,15.520242691040039,14357986.0
2016-11-28,15.50837253772617,15.702326065925726,15.504414180058594,15.65086841583252,35293206.0
2016-11-29,15.66669972872224,15.686490514799582,15.543994655955423,15.627117156982422,26290933.0
2016-11-30,15.52025010149839,15.52025010149839,15.286713943688321,15.290672302246094,43267393.0
2016-12-01,15.29067054914836,15.401501577302543,15.104633715775451,15.389626502990723,36275482.0
2016-12-02,15.373787426563323,15.484618414029331,15.227333228410577,15.282748222351074,21319313.0
2016-12-05,15.318379812565,15.429210853426124,15.290672302246092,15.290672302246094,27503982.0
2016-12-06,15.35003846402196,15.603366295508918,15.318372610034219,15.575658798217773,31206415.0
2016-12-07,15.631077994129308,16.02690177515831,15.611287204911974,16.01106834411621,43643542.0
2016-12-08,15.931901820179883,16.12981368128467,15.908151677146005,15.995233535766602,29126808.0
2016-12-09,15.943775811241498,15.999191811787654,15.900234882152047,15.983358383178711,22647285.0
2016-12-12,16.05461264348461,16.371271334816583,16.042737567715097,16.276273727416992,42248972.0
2016-12-13,16.335645002939852,16.450434388502895,16.31585421212537,16.37126922607422,28015708.0
2016-12-14,16.347517659264504,16.44647359787137,16.201062430308845,16.268352508544922,34865422.0
2016-12-15,16.189187084652453,16.497929948683876,16.16939529873593,16.426681518554688,32420258.0
2016-12-16,16.48605606338406,16.52563863848011,16.395016840372794,16.493972778320312,37011758.0
2016-12-19,16.49397235377445,16.695841582356394,16.406890490887534,16.67209243774414,27226604.0
2016-12-20,16.69188028193314,16.92541732785373,16.68000621151321,16.810626983642578,28021666.0
2016-12-21,16.7908457178548,16.850219098831005,16.75522048976645,16.7670955657959,18208972.0
2016-12-22,16.71959546530611,16.93333982656198,16.68792959698726,16.909591674804688,23250234.0
2016-12-23,16.937289934011577,16.941248290571295,16.810626522440536,16.913541793823242,12770510.0
2016-12-27,16.91354475719593,16.95708468781136,16.83042125404799,16.881877899169922,15136895.0
2016-12-28,16.881878093468067,16.94916816837746,16.810629661259863,16.830421447753906,14599616.0
2016-12-29,16.83437900431641,16.941250647960132,16.83437900431641,16.885835647583008,16403301.0
2016-12-30,16.925421329239953,16.953127833298307,16.802716241853147,16.834381103515625,22076376.0
2017-01-03,16.89770997602754,17.0322901135283,16.830419907277157,17.028331756591797,34432738.0
2017-01-04,16.996670507817583,17.0204206572711,16.905632266587432,16.929380416870117,30720772.0
2017-01-05,16.96104304506461,16.976876474077613,16.83437961130124,16.881877899169922,34041629.0
2017-01-06,16.873341547935453,16.881379530607298,16.563849271833167,16.608062744140625,43278780.0
2017-01-09,16.5960029111706,16.640216379917685,16.3990535736084,16.3990535736084,33741743.0
2017-01-10,16.342783812322555,16.50355868987437,16.17396993713691,16.403074264526367,28494996.0
2017-01-11,16.230239820082147,16.358859713640662,16.190045849588888,16.32268524169922,32486194.0
2017-01-12,16.306607633349312,16.52365344159868,16.278472159597065,16.48345947265625,26347997.0
2017-01-13,16.44728946420938,16.551793405801355,16.395038000925954,16.463367462158203,18446233.0
2017-01-17,16.479443368646653,16.53571534276673,16.382978432330166,16.523656845092773,29837399.0
2017-01-18,16.539730946849343,16.575905418546977,16.391014576558952,16.3990535736084,25786886.0
2017-01-19,16.43523013708624,16.487481594508154,16.362881184482813,16.479442596435547,22101929.0
2017-01-20,16.61208158773607,16.82912844010064,16.59600460701924,16.660314559936523,33318328.0
2017-01-23,16.664336124284688,16.90951746953575,16.63620064327433,16.88138198852539,33379761.0
2017-01-24,16.64021778121945,16.776876682468835,16.499539381106857,16.6241397857666,38000124.0
2017-01-25,16.612079146406153,16.668351108207723,16.435227309386462,16.63619613647461,28413702.0
2017-01-26,16.547769993264243,16.821087773561803,16.463363569067877,16.78893280029297,37253785.0
2017-01-27,16.87333947735683,17.001959364622504,16.780894060262728,16.88539695739746,25180229.0
2017-01-30,16.857262485915985,16.933630929153562,16.74472058538155,16.809030532836914,21019956.0
2017-01-31,16.752761307819714,16.957748652053333,16.712567332764593,16.945690155029297,33636750.0
2017-02-01,16.993922527264925,17.066270461776217,16.82510865002198,16.90549659729004,42477230.0
2017-02-02,16.889414086961008,16.909510560893363,16.45934101860114,16.551786422729492,38600293.0
2017-02-03,16.672373894569116,16.688450876093853,16.559830963795832,16.579927444458008,25355924.0
2017-02-06,16.587967461894564,16.587967461894564,16.47140603984736,16.50356101989746,15060368.0
2017-02-07,16.51159953795286,16.54777401855796,16.40709661067716,16.527677536010742,22921220.0
2017-02-08,16.54777431183783,16.608065790598307,16.507580331005894,16.563852310180664,20771309.0
2017-02-09,16.563848082649283,16.652274005890796,16.53169310919556,16.604042053222656,15043818.0
2017-02-10,16.579926788559288,16.652275740121073,16.55983030869212,16.632179260253906,16067534.0
2017-02-13,16.407093639997782,16.535713541072294,16.27445424013657,16.338764190673828,45494096.0
2017-02-14,16.266414830312666,16.391015229442647,16.24229885322862,16.378957748413086,26089817.0
2017-02-15,16.342786648495903,16.53571653503968,16.302592668376334,16.527677536010742,30878990.0
2017-02-16,16.527675985721327,16.624140919944843,16.49150150850938,16.579927444458008,21951523.0
2017-02-17,16.547773290947383,16.696490706343102,16.39503739123902,16.672374725341797,31983074.0
2017-02-21,16.628157871983998,16.780894755710467,16.608061394400195,16.772855758666992,23175826.0
2017-02-22,16.752759631729663,16.792952587738533,16.660313193844516,16.716585159301758,20729206.0
2017-02-23,16.75678032353199,16.877362252523685,16.69648986654866,16.861284255981445,25445294.0
2017-02-24,16.925592845308334,17.026077270507812,16.89745736865647,17.026077270507812,22565197.0
2017-02-27,17.001960375202994,17.001960375202994,16.77285606051516,16.809030532836914,22956174.0
2017-02-28,16.772860107119804,16.8291310709629,16.73668562607063,16.79697608947754,25604306.0
2017-03-01,16.792955095865246,16.95372998898811,16.704529158403933,16.897459030151367,31644924.0
2017-03-02,16.841186944002835,16.921573877670816,16.817069950379953,16.909515380859375,17454557.0
2017-03-03,16.90147495081809,16.905494449173247,16.784912543593048,16.88539695739746,22745526.0
2017-03-06,16.813053484494866,16.881381929552695,16.76482050648481,16.865304946899414,18770348.0
2017-03-07,16.841184138136498,16.8773586075189,16.768835199371697,16.833145141601562,21516192.0
2017-03-08,16.83314626917195,16.83314626917195,16.7527593435123,16.78893280029297,23674444.0
2017-03-09,16.825106685566944,16.933630097200425,16.780894233254113,16.857261657714844,23398522.0
2017-03-10,16.89344047261929,17.054216389729174,16.88942097318903,17.02206039428711,26128213.0
2017-03-13,16.969807505090753,17.050195456887472,16.9537295087214,17.03009796142578,19706681.0
2017-03-14,17.034119203223177,17.058236200244536,16.901479779706197,16.917556762695312,13324471.0
2017-03-15,16.937652171165375,17.138620016380624,16.91755467612635,17.1185245513916,27878012.0
2017-03-16,17.12254129749511,17.146656257614815,17.018036370144127,17.058231353759766,19332783.0
2017-03-17,17.118527056737065,17.14264202426319,17.030100095673813,17.126564025878906,32767544.0
2017-03-20,17.126562117685936,17.16273761002,17.01000070248743,17.050195693969727,15691783.0
2017-03-21,17.062254497857747,17.08636946313016,16.881381093039035,16.913536071777344,26875876.0
2017-03-22,16.92157495631478,16.929613954701512,16.664335128139843,16.740703582763672,24556360.0
2017-03-23,16.73266458437694,16.845207516716002,16.64423864719807,16.740703582763672,19410370.0
2017-03-24,16.784913892847957,16.837166360640474,16.6964879670009,16.75275993347168,18803448.0
2017-03-27,16.71658939748398,16.780899361432656,16.632181935410614,16.676395416259766,17457205.0
2017-03-28,16.644236451348778,16.724623379535593,16.58394498642752,16.704526901245117,20635996.0
2017-03-29,16.696489035330618,16.78089648292517,16.640218080284242,16.660314559936523,18673961.0
2017-03-30,16.636195749205598,16.81304859713322,16.61207875969855,16.784912109375,19560644.0
2017-03-31,16.79697112627961,16.83716509501602,16.70050621032715,16.70050621032715,23214354.0
2017-04-03,16.720609906463086,16.78893835913625,16.628163439559238,16.70855140686035,23804990.0
2017-04-04,16.70855056580563,16.76482153106878,16.640221101546732,16.75678253173828,16619775.0
2017-04-05,16.772858922481525,16.77687842176145,16.668354986278747,16.684432983398438,26421479.0
2017-04-06,16.761503762766736,16.77375268183942,16.577760696411133,16.577760696411133,27131805.0
2017-04-07,16.577764195285123,16.683926328310882,16.54509868562932,16.573680877685547,26924732.0
2017-04-10,16.577761206565476,16.610426710332185,16.45934811094827,16.487930297851562,24116660.0
2017-04-11,16.487934687799495,16.492018005750104,16.36135595589422,16.459352493286133,25964567.0
2017-04-12,16.418517994170955,16.565513294782967,16.36135361332884,16.561429977416992,29387239.0
2017-04-13,16.541015838195666,16.643094656523363,16.434852671011488,16.447101593017578,23244409.0
2017-04-17,16.45526695251465,16.532847920814575,16.42260144446322,16.45526695251465,16045026.0
2017-04-18,16.422606458857512,16.508354088137224,16.4062731842743,16.434856414794922,21078345.0
2017-04-19,16.463438614174468,16.51651969428776,16.410356502920106,16.434856414794922,31510538.0
2017-04-20,16.328684437426073,16.54101175046343,16.300102251620853,16.47976303100586,28751587.0
2017-04-21,16.426682277330443,16.479763333207732,16.255188128213703,16.30418586730957,31641084.0
2017-04-24,16.373605990145375,16.394022581284418,16.27560944610086,16.340940475463867,31820751.0
2017-04-25,16.36543387450104,16.434849229992388,16.206189672636683,16.308269500732422,50812207.0
2017-04-26,16.340936027853484,16.56142896529649,16.271521699155578,16.51243019104004,45482445.0
2017-04-27,16.483850754379365,16.496100707773806,16.283774369115328,16.296024322509766,29983436.0
2017-04-28,16.283770040460038,16.357267679007354,16.136775794505994,16.181690216064453,33093380.0
2017-05-01,16.202106714079164,16.21027231632085,15.94894829721296,15.965280532836914,32767146.0
2017-05-02,15.98161653637303,16.01428204435532,15.875453377645396,15.904035568237305,32904710.0
2017-05-03,15.899952449360852,15.916285719126298,15.577380682900955,15.679460525512695,44675335.0
2017-05-04,15.683543526817582,15.683543526817582,15.365054053078138,15.52021598815918,41639403.0
2017-05-05,15.548797986909117,15.806038728233283,15.528381400365463,15.744791030883789,28901861.0
2017-05-08,15.834616441755372,15.834616441755372,15.646790085497292,15.748869895935059,26664963.0
2017-05-09,15.732533777161297,15.740700407988456,15.581456262560147,15.605955123901367,28587014.0
2017-05-10,15.593709915479604,15.781536282309688,15.569210017174418,15.699872016906738,29933257.0
2017-05-11,15.699877345833428,15.740709492394343,15.601880812771743,15.695795059204102,21902800.0
2017-05-12,15.716209411621094,15.765207158823822,15.642711759676232,15.716209411621094,18231612.0
2017-05-15,15.728460691356151,15.797874000561183,15.683545226679147,15.75704288482666,28332276.0
2017-05-16,15.793789159780385,15.826453634629267,15.593712806701658,15.59371280670166,28597738.0
2017-05-17,15.593713915136124,15.593713915136124,15.291556674328719,15.295639991760254,39277519.0
2017-05-18,15.31197205816179,15.573296104117137,15.29563878971924,15.495715141296387,34084924.0
2017-05-19,15.532471423039878,15.634552337544996,15.47122369924975,15.6141357421875,26944194.0
2017-05-22,15.61412938248179,15.659044842832829,15.585547191764132,15.618212699890137,19624328.0
2017-05-23,15.622297035846584,15.687628056358067,15.601880447473729,15.642712593078613,17920737.0
2017-05-24,15.642715025727473,15.663131617275377,15.548801798030071,15.577383995056152,20659564.0
2017-05-25,15.56512997451196,15.654960891576911,15.56104768840966,15.610045433044434,19717670.0
2017-05-26,15.601878102497261,15.61821137074064,15.520214854702383,15.565129280090332,18173092.0
2017-05-30,15.593711243465426,15.793787576486928,15.593711243465426,15.740705490112305,27178013.0
2017-05-31,15.781539860870192,15.87136974827051,15.724375480810055,15.73254108428955,31829490.0
2017-06-01,15.793788479283458,15.879535042133822,15.728457470119185,15.871368408203125,23423149.0
2017-06-02,15.924450497612002,15.957116002194137,15.826452952724946,15.871368408203125,24532396.0
2017-06-05,15.846866607666016,15.867282157577531,15.748870112037924,15.846866607666016,18300196.0
2017-06-06,15.834621679736749,15.891786062526533,15.781540614452062,15.81420612335205,21473029.0
2017-06-07,15.863200119288242,15.871366752366924,15.736621431130812,15.826451301574707,21752526.0
2017-06-08,15.826452296153242,15.859117799380225,15.687624680794013,15.720290184020996,26840128.0
2017-06-09,15.773371195573661,15.842785518627688,15.740705692438862,15.838702201843262,24359349.0
2017-06-12,15.838704607036242,16.07552979851188,15.838704607036242,15.953034400939941,30160588.0
2017-06-13,15.92853898860264,15.92853898860264,15.752962477538489,15.793794631958008,24946940.0
2017-06-14,15.838702769956145,15.846869403817921,15.72029070352294,15.810120582580566,21655609.0
2017-06-15,15.789706116101295,15.883619318555217,15.777456164465288,15.859119415283203,22092529.0
2017-06-16,15.912204426969868,15.924454380853112,15.785625694739949,15.908121109008789,39368743.0
2017-06-19,15.916286087178554,15.916286087178554,15.797872972063152,15.887703895568848,27748127.0
2017-06-20,15.830539892379505,15.891787598594465,15.761126581505867,15.785625457763672,28782171.0
2017-06-21,15.769293768760532,15.789710360308437,15.454887539191684,15.577383995056152,32567355.0
2017-06-22,15.593710831721161,15.659041835425983,15.50387992827161,15.556962013244629,21450124.0
2017-06-23,15.581462738338413,15.581462738338413,15.442634081139463,15.495715141296387,30328338.0
2017-06-26,15.491636372836926,15.630466101939716,15.458970857501265,15.577383995056152,24366631.0
2017-06-27,15.577382764551542,15.577382764551542,15.352807493251381,15.393638610839844,26297288.0
2017-06-28,15.467131684684464,15.544712641145214,15.426299548066144,15.491630554199219,26937045.0
2017-06-29,15.46305033609993,15.50796579521114,15.360970497131348,15.360970497131348,31402500.0
2017-06-30,15.405888557434082,15.463052946943318,15.328307577999473,15.405888557434082,29843887.0
2017-07-03,15.450801945523608,15.569215065640414,15.42630307041493,15.561049461364746,14728573.0
2017-07-05,15.561046994170157,15.601878102497261,15.454882812869538,15.565129280090332,26592408.0
2017-07-06,15.614462158616906,15.66015421397349,15.44415283203125,15.44415283203125,27549395.0
2017-07-07,15.44415454501444,15.464923568026165,15.294614222550706,15.361076354980469,27593219.0
2017-07-10,15.352766217980907,15.402613334955134,15.2946121223388,15.298766136169434,30154365.0
2017-07-11,15.29876333576511,15.311224325982666,15.178300103707393,15.203224182128906,28583174.0
2017-07-12,15.265535074517746,15.327843183990488,15.207379929882249,15.298766136169434,23151861.0
2017-07-13,15.178303604996847,15.203227689167779,15.032918358966947,15.041226387023926,40024652.0
2017-07-14,15.049533371011556,15.111841483472391,15.02461033582591,15.07861042022705,31195294.0
2017-07-17,15.086922165422223,15.140922263127976,15.057845109042686,15.115999221801758,27203963.0
2017-07-18,15.132614818455949,15.132614818455949,14.899997325551753,14.949843406677246,38589172.0
2017-07-19,14.966455562362933,15.007994651794434,14.875069355814954,15.007994651794434,34796441.0
2017-07-20,15.091071146225108,15.253072434293845,15.020455011863005,15.169995307922363,42225670.0
2017-07-21,15.128455077734275,15.207378184477882,15.06199296205899,15.165840148925781,26679659.0
2017-07-24,15.16584309350497,15.182458101153102,15.028764822185606,15.04953384399414,29662234.0
2017-07-25,15.074458692942708,15.161689847751672,15.00799656099487,15.045380592346191,38987828.0
2017-07-26,15.045377358825874,15.826308814867135,15.045377358825874,15.79723072052002,95899703.0
2017-07-27,15.867848233158561,16.407853212741955,15.867848233158561,16.370468139648438,82070788.0
2017-07-28,16.304002427442544,16.47846571376551,16.129539141119583,16.20015525817871,47681080.0
2017-07-31,16.187693220229537,16.254155324638944,16.083846050965704,16.20015525817871,37709241.0
2017-08-01,16.304006736393024,16.312314763888185,16.07969628798394,16.150312423706055,38891838.0
2017-08-02,16.191854374504768,16.196008388986673,15.801388552134718,15.896928787231445,45824302.0
2017-08-03,15.880308157751793,15.992463369495848,15.84707710045651,15.901078224182129,24960313.0
2017-08-04,15.967543410752734,16.00077447444131,15.8013870433164,15.96338939666748,21603708.0
2017-08-07,15.967539513270378,16.050616627716973,15.938462470764408,16.000770568847656,22277227.0
2017-08-08,16.01738420574823,16.092154336667008,15.896922032929282,15.934307098388672,20436999.0
2017-08-09,15.867844992903782,15.95092210026334,15.80968986385967,15.934307098388672,26091671.0
2017-08-10,15.896927161791496,16.009081345361118,15.859542084270473,15.863696098327637,28208350.0
2017-08-11,15.909385370047602,15.926001423367634,15.813846210437221,15.826308250427246,17581396.0
2017-08-14,15.884462862393129,16.01738709735966,15.859539830585229,15.992464065551758,22724606.0
2017-08-15,15.992463834875327,16.013232852916786,15.788923471894547,15.851231575012207,19622210.0
2017-08-16,15.85123301110407,15.926003161216611,15.768154833424937,15.88031005859375,19824649.0
2017-08-17,15.851240315956002,15.876163361147873,15.610314748450946,15.618622779846191,29120056.0
2017-08-18,15.577080922355478,15.622772988976497,15.452464669398257,15.523080825805664,30475700.0
2017-08-21,15.572924520873359,15.739079849017928,15.539693455244446,15.610309600830078,22917248.0
2017-08-22,15.656001197318018,15.780618476485193,15.602001110641016,15.776464462280273,19512847.0
2017-08-23,15.72246303879317,15.818003265770418,15.72246303879317,15.751541137695312,26393808.0
2017-08-24,15.76815411667874,15.776462143867686,15.635229877628944,15.651845932006836,14486943.0
2017-08-25,15.710002523250628,15.838772769188761,15.685078437719248,15.780618667602539,18784780.0
2017-08-28,15.784770769829189,15.81384781710016,15.680923573008075,15.759846687316895,13410134.0
2017-08-29,15.68092080720923,15.7972289757787,15.68092080720923,15.722458839416504,12698484.0
2017-08-30,15.710002704266905,15.710002704266905,15.622770501888954,15.64769458770752,16462086.0
2017-08-31,15.676772209399386,15.730772299317946,15.556308937205875,15.560462951660156,27457774.0
2017-09-01,15.614458734588947,15.618612747618343,15.543842611075606,15.568765640258789,16906686.0
2017-09-05,15.535538082078585,15.548000123971986,15.340305719709185,15.406767845153809,30195541.0
2017-09-06,15.423384755979981,15.435846799411776,15.174151230298946,15.190767288208008,37562542.0
2017-09-07,15.203228732973228,15.282151857952801,14.779531860898988,14.787839889526367,64373807.0
2017-09-08,14.787839698464122,14.854301828637432,14.580145279424151,14.783685684204102,54351524.0
2017-09-11,14.821066198405033,14.870912256184814,14.754604088703205,14.845989227294922,30516611.0
2017-09-12,14.937378334809935,15.13261068909855,14.879223190707897,15.061994552612305,37449737.0
2017-09-13,15.095221085349861,15.232299303405966,15.070298059065042,15.182452201843262,34069433.0
2017-09-14,15.203223274544166,15.203223274544166,15.04537498327043,15.0869140625,23678548.0
2017-09-15,15.124302539378803,15.41507511056074,15.115994511860833,15.410921096801758,63476400.0
2017-09-18,15.41507778482516,15.577079104563278,15.37769270350197,15.543848037719727,42333973.0
2017-09-19,15.539693844361896,15.96754474291697,15.481539740303484,15.872004508972168,61327680.0
2017-09-20,15.917696290723143,16.09215963733653,15.876157198864059,15.96338939666748,35574821.0
2017-09-21,15.992460287515543,16.009075288464604,15.842920034008726,15.876151084899902,22218309.0
2017-09-22,15.950927741901957,16.054774949575663,15.872003570351767,16.02985191345215,30733482.0
2017-09-25,16.004928130734545,16.2790846802536,15.992467136934087,16.25000762939453,47901128.0
2017-09-26,16.25001002541068,16.328934210089216,16.075546645538672,16.08385467529297,29930212.0
2017-09-27,16.046469683923913,16.162778954181082,15.996623603094884,16.104623794555664,31469494.0
2017-09-28,16.067238521544738,16.270778942080618,16.02985343930411,16.216777801513672,22996424.0
2017-09-29,16.179388641533357,16.29154385998843,16.121234550035165,16.270774841308594,29076894.0
2017-10-02,16.283236591283135,16.328929693298832,16.22923651080461,16.245851516723633,20660093.0
2017-10-03,16.279084312928045,16.399547576904297,16.237546269205797,16.399547576904297,21273502.0
2017-10-04,16.353854851062117,16.474318117845165,16.29985476356891,16.407855987548828,23717209.0
2017-10-05,16.453546325868682,16.53247049071461,16.36631518234955,16.41200828552246,29930609.0
2017-10-06,16.40303844355767,16.491726921701236,16.276341836501903,16.29745864868164,29699836.0
2017-10-09,16.322795469444962,16.3312421931332,16.111633776272093,16.17498207092285,25484220.0
2017-10-10,16.1960969035102,16.305900032034444,16.16231107938611,16.259445190429688,22928370.0
2017-10-11,16.267895281654177,16.305903408471845,16.069402590631384,16.128528594970703,35718872.0
2017-10-12,15.832905733447195,15.849798119980115,15.131848762454794,15.144518852233887,108536754.0
2017-10-13,15.136066533785177,15.220531634762263,14.886895659058798,15.076940536499023,74257070.0
2017-10-16,15.127620143630912,15.393683404510496,15.098057677589347,15.275433540344238,41172560.0
2017-10-17,15.275435466834969,15.32611474823024,15.199417077994882,15.300774574279785,28682606.0
2017-10-18,15.30077084098475,15.321887647457755,14.996698426321862,15.081162452697754,48676595.0
2017-10-19,15.17407802429281,15.343007185365952,15.030487970754228,15.072720527648926,43542918.0
2017-10-20,15.114949739552634,15.136066548069573,14.950243965647903,15.009368896484375,50094202.0
2017-10-23,14.958693068136649,15.060050565621763,14.861558933026618,14.886898040771484,40914645.0
2017-10-24,14.912234780931211,14.93335158945397,14.701073094736518,14.722189903259277,69160199.0
2017-10-25,14.468796408975283,14.506805599761167,14.076035481858174,14.143607139587402,127603413.0
2017-10-26,14.253410808716147,14.312536806862923,14.19006251531399,14.223848342895508,59740866.0
2017-10-27,14.223847772989584,14.367437801084192,14.164722843717257,14.346322059631348,69268105.0
2017-10-30,14.36743932889897,14.498359286140456,14.101374985869661,14.164724349975586,68444974.0
2017-10-31,14.206958277858739,14.291423400172441,14.118270859284527,14.211181640625,48162354.0
2017-11-01,14.299869211388831,14.333655044852936,14.059145014643864,14.16894817352295,50106383.0
2017-11-02,14.177394934657922,14.536370082695237,13.90710826625603,14.008465766906738,96609897.0
2017-11-03,14.08025747497345,14.101373216021502,13.915551708583441,14.063364028930664,53276833.0
2017-11-06,13.96622892800224,13.970452289214862,13.746621610483329,13.877541542053223,63217028.0
2017-11-07,13.864877765759674,13.987351021198462,13.814198478557092,13.96623420715332,39800764.0
2017-11-08,13.873319067271266,14.147829031588634,13.843756603399378,14.122489929199219,115981341.0
2017-11-09,14.118267468601228,14.549036502730292,14.084481641090997,14.358991622924805,92568652.0
2017-11-10,14.43078950410366,14.561709478379276,14.40122703247746,14.451905250549316,76099018.0
2017-11-13,14.477243957435665,14.511029788224706,14.418117953675642,14.430788040161133,38213023.0
2017-11-14,14.439236233526149,14.443459596117663,14.181618580983804,14.240744590759277,40065829.0
2017-11-15,14.367441651993367,14.44346004800756,14.211181497241329,14.278754234313965,43536165.0
2017-11-16,14.299867523675541,14.63772581844155,14.278751780192248,14.578600883483887,52915249.0
2017-11-17,14.540595988847576,14.730642002379227,14.506810149387045,14.574381828308105,48944573.0
2017-11-20,14.591269945073673,14.73908334939989,14.544815095975276,14.629279136657715,41394463.0
2017-11-21,14.612389181208467,14.675737488864364,14.481469203185519,14.498361587524414,46892108.0
2017-11-22,14.477242843962086,14.743306107649136,14.44345701577158,14.72641372680664,35024964.0
2017-11-24,14.72640999645123,14.76019581608343,14.671507372983124,14.701069831848145,12184904.0
2017-11-27,14.713746098512749,14.78554112872064,14.591271784302826,14.646174430847168,35474462.0
2017-11-28,14.595493133503666,15.009369807490513,14.595493133503666,14.958691596984863,45612330.0
2017-11-29,15.359898151607089,15.435915461921626,14.95446716406888,15.406352996826172,70407804.0
2017-11-30,15.414797843261011,15.583726956456129,15.216306268569914,15.364118576049805,65976641.0
2017-12-01,15.351452348276373,15.520381492163622,15.169853118658004,15.414800643920898,41622720.0
2017-12-04,15.541497553055681,15.854016742264939,15.520381809577502,15.739990234375,53598698.0
2017-12-05,15.549941594334996,15.748434241409873,15.42324502231282,15.435914039611816,43765350.0
2017-12-06,15.271214931157095,15.393688195231102,15.2163133437803,15.250099182128906,41271993.0
2017-12-07,15.258541159679988,15.372567662053807,15.123396781838473,15.275433540344238,32475866.0
2017-12-08,15.372567607759288,15.52038100395055,15.266986762837742,15.511934280395508,33771798.0
2017-12-11,15.495040328853447,15.600622236843334,15.423246380489287,15.583728790283203,31334711.0
2017-12-12,16.060953512976564,16.120079508652754,15.617514411185129,16.090517044067383,61433468.0
2017-12-13,16.052508898410263,16.128527278853575,15.782222271505617,16.06517791748047,52524934.0
2017-12-14,15.989155713346856,16.115853339288734,15.913138417588048,15.938477516174316,45395326.0
2017-12-15,16.107418001900943,16.170767392898238,16.018729494408344,16.14965057373047,61974586.0
2017-12-18,16.259447158296837,16.42415293752279,16.212991244564176,16.2425537109375,41702293.0
2017-12-19,16.242555213627078,16.335467049688194,16.060955970241025,16.06940269470215,38636703.0
2017-12-20,16.162313485704995,16.40303658523686,16.12430429459324,16.280563354492188,35706824.0
2017-12-21,16.284786192128635,16.593082006548396,16.246777002240663,16.41992950439453,42343771.0
2017-12-22,16.37769697475743,16.51706364903265,16.34391114664542,16.445268630981445,26427702.0
2017-12-26,16.44949477739486,16.609978287972833,16.44949477739486,16.49595069885254,17977537.0
2017-12-27,16.504396030128724,16.529735136735873,16.348135895289158,16.42415428161621,21633233.0
2017-12-28,16.47061056401532,16.555074610078776,16.419931283172744,16.546628952026367,20690678.0
2017-12-29,16.56351954030342,16.605752092012892,16.41992950439453,16.41992950439453,35059388.0
2018-01-02,16.495948914014154,16.495948914014154,16.20032316660294,16.27634048461914,42626974.0
2018-01-03,16.246779608194277,16.255226333192113,15.849795264858514,15.900474548339844,51851150.0
2018-01-04,15.942701795509391,16.12852435102654,15.735763501038045,16.048282623291016,36894187.0
2018-01-05,16.107412338256836,16.11585906295393,15.96382228442881,16.107412338256836,29386048.0
2018-01-08,16.111633263617104,16.250999934016477,15.984935611841458,16.153865814208984,35276524.0
2018-01-09,16.17191397637248,16.32662839157652,16.10744999846703,16.11174774169922,37152896.0
2018-01-10,16.06877628800473,16.06877628800473,15.703478854913506,15.737859725952148,54388066.0
2018-01-11,15.759343548945772,15.80231881041594,15.63041559395789,15.677688598632812,54813997.0
2018-01-12,15.677692609513487,15.89687105729705,15.608930871223228,15.858192443847656,41285233.0
2018-01-16,15.858191419901962,15.909763262934202,15.703476976094136,15.780834197998047,32739342.0
2018-01-17,15.802319446106301,15.879676656326405,15.681986972687234,15.836701393127441,29194465.0
2018-01-18,15.832403872212755,16.064474420845183,15.819510641898662,15.965629577636719,36623296.0
2018-01-19,16.060178659422682,16.060178659422682,15.875381107712847,15.991416931152344,36965815.0
2018-01-22,15.987121552268416,16.287953886627665,15.89257334794465,16.275060653686523,41918634.0
2018-01-23,16.30943913160215,16.425474955192236,15.914059736178999,15.982821464538574,43739664.0
2018-01-24,16.025797248312095,16.068772513047662,15.892570454707764,15.909761428833008,37823767.0
2018-01-25,15.939843478174696,16.09455680847168,15.832403152971018,16.09455680847168,30981997.0
2018-01-26,16.098854236733366,16.253568649291992,16.055878975723683,16.253568649291992,28609654.0
2018-01-29,15.957039337770127,16.193408792852573,15.892575335580043,16.012908935546875,40884590.0
2018-01-30,16.055882499173414,16.244976727920882,16.030096034562373,16.09026336669922,39565357.0
2018-01-31,16.081664664032004,16.29654531443936,16.042986060135583,16.09455680847168,54843258.0
2018-02-01,16.550107831111994,16.885321017240162,16.50283373141129,16.829452514648438,79392071.0
2018-02-02,16.77357993331988,16.77787767664286,16.249271527246968,16.36100959777832,61034679.0
2018-02-05,16.24927661288191,16.46415733455118,15.742157936096191,15.742157936096191,60368442.0
2018-02-06,15.505787743140443,15.931251391508725,15.256526178885622,15.828108787536621,83286617.0
2018-02-07,15.819514272801051,16.09456123365395,15.78943114711889,15.871086120605469,47180078.0
2018-02-08,15.85389452702423,15.879679907280245,15.286609649658203,15.286609649658203,60563732.0
2018-02-09,15.398342188995775,15.621818298024952,15.054533625326707,15.492890357971191,66489162.0
2018-02-12,15.61322494326917,15.729260756325514,15.458510525860712,15.630415916442871,36741927.0
2018-02-13,15.596037583130016,15.776536318976145,15.458513031317096,15.729263305664062,30289413.0
2018-02-14,15.643311012914635,15.802322118333077,15.518680775042528,15.647608757019043,32880481.0
2018-02-15,15.67339300651301,15.901166915893555,15.570250411309226,15.901166915893555,36419533.0
2018-02-16,15.8925743929016,16.068776494904537,15.84100254303509,15.961336135864258,26349718.0
2018-02-20,15.849595531833362,15.9398459835398,15.75934616541579,15.802321434020996,29222666.0
2018-02-21,15.802322094394212,15.918357929170641,15.59174023061974,15.604632377624512,27529402.0
2018-02-22,15.67339038848877,15.896866516746107,15.647605015317126,15.67339038848877,24543650.0
2018-02-23,15.707774720120897,15.793727430078333,15.596037716580684,15.780834197998047,23098901.0
2018-02-26,15.871085037706887,16.120346600294734,15.819513193421265,16.098857879638672,26309734.0
2018-02-27,16.081665281767727,16.176212380874816,15.845295906066895,15.845295906066895,28360874.0
2018-02-28,15.978524783908002,15.978524783908002,15.600334167480467,15.600334167480469,38768971.0
2018-03-01,15.604628817431927,15.793724088152706,15.415534631999815,15.471403121948242,37798744.0
2018-03-02,15.471403775521754,15.643308081034988,15.449916144315866,15.621820449829102,28285936.0
2018-03-05,15.557356304731766,15.823807704108741,15.514379957490371,15.772235870361328,25551876.0
2018-03-06,15.828106017724124,15.858189136290529,15.68628482641912,15.845295906066895,23119820.0
2018-03-07,15.72496244634138,15.914057717993979,15.712069216925746,15.862485885620117,24475464.0
2018-03-08,15.862485951856723,15.94843864440918,15.71206928253426,15.94843864440918,26170581.0
2018-03-09,15.97422599087483,15.995713624022327,15.823809302975922,15.922654151916504,24918077.0
2018-03-12,15.922652805720622,16.14612894683135,15.918355062396717,16.055879592895508,29531820.0
2018-03-13,16.137534998814434,16.24927308002345,16.012904771693222,16.06877326965332,25399351.0
2018-03-14,16.154724718668998,16.154724718668998,15.883974481504307,15.914058685302734,24633285.0
2018-03-15,15.939848479425937,16.025801200672692,15.905467607985042,15.918359756469727,28967928.0
2018-03-16,15.939845524756077,16.047285863754457,15.858190563236436,15.901166915893555,49124372.0
2018-03-19,15.892574100644323,15.94414594956245,15.673395641998061,15.720669746398926,26000580.0
2018-03-20,15.763641043633873,15.823808366405572,15.54876146901064,15.617523193359375,26701240.0
2018-03-21,15.617522046784025,15.68628376608455,15.471403121948242,15.471403121948242,23086853.0
2018-03-22,15.449914565008456,15.488593165456253,15.196355333312274,15.200653076171875,37332696.0
2018-03-23,15.20065508553794,15.467106495746382,14.84824989206392,14.912714958190918,46377072.0
2018-03-26,15.06742987258557,15.166274718785406,14.800977368385169,14.908417701721191,41696070.0
2018-03-27,14.977182940412343,15.127599659413553,14.908421197775624,14.99867057800293,44831567.0
2018-03-28,15.166275742821673,15.406941801863429,15.144787023530268,15.282310485839844,40707969.0
2018-03-29,15.333880931817868,15.42413028876458,15.050238545287128,15.320987701416016,36494868.0
2018-04-02,15.290902764923718,15.325283623286657,14.968581810787944,15.084617614746094,38704360.0
2018-04-03,15.11040264669748,15.222140705181273,14.977176959204291,15.200653076171875,28969385.0
2018-04-04,15.11040821205157,15.445622510966604,15.033052067953331,15.419836044311523,27224220.0
2018-04-05,15.441322844114458,15.561656417656573,15.333882502294706,15.531573295593262,22644769.0
2018-04-06,15.475704073311675,15.557359038892073,15.222144773842722,15.312394142150879,33255438.0
2018-04-09,15.431501029945153,15.63293330450385,15.352680426314597,15.400848388671875,28968590.0
2018-04-10,15.466532212113176,15.935082239200256,15.348300758075261,15.68110179901123,52696259.0
2018-04-11,15.615422372921117,15.646075022810864,15.405231825818259,15.435884475708008,27864639.0
2018-04-12,15.510323533180541,15.532217962114789,15.352681212016757,15.396470069885254,29062065.0
2018-04-13,15.418368139703412,15.488431650814778,15.335167305570439,15.387714385986328,19032235.0
2018-04-16,15.488431269303037,15.685484474761704,15.422745761648239,15.60666275024414,32964025.0
2018-04-17,15.628554938752117,15.663586685937318,15.46215331024616,15.484048843383789,27255599.0
2018-04-18,15.53659501998782,15.562868552410789,15.396468039285397,15.418363571166992,28599724.0
2018-04-19,15.431502264823175,15.444639586063742,15.24320618955067,15.24758529663086,31172124.0
2018-04-20,15.265101801358167,15.352681731730062,14.954194043789553,15.181900978088379,42967507.0
2018-04-23,15.199418325030733,15.278241157531738,15.146871244477095,15.278241157531738,28084556.0
2018-04-24,15.392090871127907,15.470912584157226,15.221311230121106,15.326406478881836,28561593.0
2018-04-25,15.269481992118838,15.431503437219666,15.208175594173612,15.41398811340332,33485549.0
2018-04-26,14.643288110876746,14.757141583615084,14.218527971142901,14.494402885437012,175073050.0
2018-04-27,14.511918975507982,14.69583596336511,14.45937189659751,14.468130111694336,71773908.0
2018-04-30,14.568843824978039,14.630149108706,14.30610515697455,14.319242477416992,61108955.0
2018-05-01,14.341135851572249,14.411199343778806,14.17035622754814,14.249177932739258,47421840.0
2018-05-02,14.288593336823855,14.288593336823855,13.968928413575995,14.038991928100586,53196466.0
2018-05-03,14.030231578620814,14.07839954638405,13.841935497283632,13.986441612243652,53352169.0
2018-05-04,13.986441559155445,14.130947673566963,13.933894484370429,14.074020385742188,33814298.0
2018-05-07,14.109051128697335,14.1221884493718,13.947029702887626,14.030230522155762,34776581.0
2018-05-08,13.999576397600297,14.012712611048944,13.828796776088232,13.881343841552734,44372404.0
2018-05-09,13.850694371028633,13.885726124630864,13.649260958439388,13.749977111816406,49642586.0
2018-05-10,13.82880192741756,14.025855155065635,13.79376906294462,13.96017074584961,39600046.0
2018-05-11,14.01271203326889,14.148459903595736,14.008332927021584,14.139702796936035,36426285.0
2018-05-14,14.183495579767358,14.222906441083902,14.056505886730331,14.095916748046875,35608980.0
2018-05-15,14.074019405775214,14.117809368937088,13.929514407260658,14.052124977111816,35095003.0
2018-05-16,14.052126042386023,14.192253050458813,14.034610719294504,14.144083976745605,25230541.0
2018-05-17,14.17911373188919,14.19224994487454,13.968923265774418,13.982059478759766,33656874.0
2018-05-18,13.986439773675988,14.056503268335284,13.916376279016692,14.034608840942383,28969650.0
2018-05-21,14.082776337328289,14.297347026701157,13.968923991642855,14.271072387695312,37984104.0
2018-05-22,14.288589673988774,14.367411384082072,14.187872430072314,14.201009750366211,38908785.0
2018-05-23,14.196633611087336,14.244802689731907,14.034612156104222,14.157222747802734,34379249.0
2018-05-24,14.183494943441955,14.367413025224707,14.104674330180279,14.354275703430176,46677223.0
2018-05-25,14.319239964881945,14.327998176973473,14.183490994967809,14.236039161682129,28884781.0
2018-05-29,14.21415004180728,14.227286259011965,14.07402191355355,14.157222747802734,35691200.0
2018-05-30,14.170358768474166,14.292970454738965,14.13532701608925,14.262316703796387,31955799.0
2018-05-31,14.240423416251279,14.25356073913828,14.082779964948314,14.152843475341797,38948770.0
2018-06-01,14.222902933407708,14.279830210529978,14.170355868501707,14.218524932861328,31463933.0
2018-06-04,14.266695724387995,14.310485691061864,14.17473778962452,14.192253112792969,24333399.0
2018-06-05,14.192250422960319,14.323620298083618,14.144081358164946,14.3104829788208,30999209.0
2018-06-06,14.349897223129659,14.695835653815076,14.27545460804517,14.617013931274414,45205729.0
2018-06-07,14.481267029099525,14.875375669171,14.406825514680794,14.805312156677246,56352882.0
2018-06-08,14.73962427860493,14.901646816369457,14.704592527984914,14.814066886901855,43935086.0
2018-06-11,14.875372055820394,15.098698756499273,14.805308560345642,14.967329978942871,49197060.0
2018-06-12,15.111833464749672,15.120590570794223,14.923537438517107,15.041769981384277,78647321.0
2018-06-13,14.450612103364302,14.51191739067651,14.104673703171683,14.109051704406738,258289495.0
2018-06-14,14.275455913205969,14.441857588413226,14.056507155390864,14.240424156188965,117442904.0
2018-06-15,14.284212393047499,14.568845522450378,14.078399877977812,14.516297340393066,150914551.0
2018-06-18,14.459371608983162,14.468129823905775,14.056505886730331,14.095916748046875,104138823.0
2018-06-19,14.012713033857429,14.275451686612472,13.99519771345242,14.183492660522461,115643059.0
2018-06-20,14.231662131527903,14.266693879169045,13.99081900472443,14.012713432312012,73886085.0
2018-06-21,14.056504603379075,14.144083427103658,13.798145027596588,13.837555885314941,68087230.0
2018-06-22,13.894482904349905,13.964546404317616,13.79814476251798,13.87696647644043,82958662.0
2018-06-25,13.859448629097422,13.990817391141986,13.828795991676015,13.885722160339355,64377382.0
2018-06-26,13.894480632252977,13.929512376508262,13.749973443135648,13.846311569213867,59108126.0
2018-06-27,14.003956438695594,14.034609079901564,13.855071233550852,13.859450340270996,61469348.0
2018-06-28,13.903242654760682,14.152842933373428,13.863831793444138,14.095916748046875,55928276.0
2018-06-29,14.122189766235286,14.227285023925694,14.0346109377442,14.060884475708008,55645999.0
2018-07-02,14.082776898568328,14.14846128703071,14.012713403430451,14.1046724319458,50002449.0
2018-07-03,14.122188363272906,14.358653498961186,14.091535721054441,14.32362174987793,44857650.0
2018-07-05,14.341134130639784,14.363029660473734,14.214144480942242,14.275449752807617,46895286.0
2018-07-06,14.301724765978925,14.336757617346434,14.209766848644074,14.3104829788208,54541518.0
2018-07-09,14.409707751500646,14.467812058060277,14.351604573640225,14.369482040405273,57539848.0
2018-07-10,14.409708608219258,14.52591609954834,14.360544725167962,14.52591609954834,51435414.0
2018-07-11,14.427588016805341,14.458874433789655,14.239868386200115,14.244338035583496,51941182.0
2018-07-12,14.329259403955108,14.440996125983988,14.257747269784984,14.405240058898926,58851800.0
2018-07-13,14.248803644196562,14.26668110796093,14.078961530590467,14.15494441986084,70635135.0
2018-07-16,14.172823721309408,14.297969369983738,14.146006957836217,14.257744789123535,43981029.0
2018-07-17,14.244334450998,14.351602623107055,14.172822336258632,14.195169448852539,48245236.0
2018-07-18,14.221986999570316,14.28009016814962,14.168352350444087,14.172821998596191,59012004.0
2018-07-19,14.181759143423726,14.204106252095,13.96722170816474,13.976161003112793,68428822.0
2018-07-20,14.002984137653014,14.02533238520283,13.873368816661566,13.900185585021973,48517053.0
2018-07-23,13.91806064841039,13.944878540834283,13.766098234837552,13.855487823486328,49376329.0
2018-07-24,13.967226929002798,14.159416198730469,13.859958735626739,14.159416198730469,67484015.0
2018-07-25,13.900184974302572,13.935941040111926,13.466642535276744,13.520276069641113,127781491.0
2018-07-26,13.56943966532598,13.658830384857307,13.542622900946263,13.564970016479492,58705498.0
2018-07-27,13.609665092761482,13.949348239726183,13.564969733926803,13.891243934631348,60943985.0
2018-07-30,14.105780969446982,14.360543039154301,14.056615963468678,14.302438735961914,84792932.0
2018-07-31,14.36501071080885,14.45440142027286,14.275621130043916,14.289030075073242,62956068.0
2018-08-01,14.39182973518865,14.423116147357232,14.217519079564168,14.257744789123535,41515609.0
2018-08-02,14.235395431518556,14.347133254060754,14.199639373453016,14.235395431518555,41306020.0
2018-08-03,14.257744376833973,14.42758537885179,14.195170425607087,14.423115730285645,35197746.0
2018-08-06,14.396299821282648,14.445463701027368,14.302439453226004,14.351604461669922,39835585.0
2018-08-07,14.34266375267642,14.499096931578196,14.289030229378096,14.481218338012695,36200146.0
2018-08-08,14.516976196574952,14.539324441303048,14.436524772952259,14.463342666625977,29064448.0
2018-08-09,14.481219564123867,14.525914923122842,14.409707441205178,14.521445274353027,22388046.0
2018-08-10,14.476749989345171,14.485689286930493,14.373951453211548,14.418646812438965,28441506.0
2018-08-13,14.418647432081416,14.45440349526013,14.382891368902701,14.396300315856934,30159926.0
2018-08-14,14.409708023071289,14.472281979676277,14.396300204919616,14.409708023071289,23881650.0
2018-08-15,14.427582575106829,14.548259676843868,14.360540117041444,14.512503623962402,39232106.0
2018-08-16,14.539323212202229,14.81196274524324,14.539323212202229,14.789615631103516,49497475.0
2018-08-17,14.776210118143283,14.865599717339775,14.731514754195382,14.762801170349121,34647226.0
2018-08-20,14.811967964245522,14.861132987115191,14.753864769790074,14.79856014251709,31105394.0
2018-08-21,14.896884744600127,15.00862257970248,14.88794544690413,14.928171157836914,37627153.0
2018-08-22,14.838780149557588,14.838780149557588,14.597425907015316,14.606365203857422,45223736.0
2018-08-23,14.61083599235098,14.655531351349957,14.485689212893682,14.521445274353027,28404566.0
2018-08-24,14.508039056813825,14.633185850073385,14.508039056813825,14.58849048614502,21492889.0
2018-08-27,14.63318755731367,14.762802886258788,14.624248257745196,14.673413276672363,23296972.0
2018-08-28,14.664473111620515,14.6734124106614,14.584021677651293,14.601899147033691,21825743.0
2018-08-29,14.597429342743398,14.61530794063561,14.39630188865218,14.405240058898926,33315018.0
2018-08-30,14.391832219356957,14.445465755560999,14.244338301746799,14.284564018249512,33840646.0
2018-08-31,14.280092970562459,14.297970437980233,14.17729442898732,14.275623321533203,41386784.0
2018-09-04,14.204110195693277,14.275622317734456,14.070025249040858,14.239866256713867,33314753.0
2018-09-05,14.190705314549394,14.324790288946309,14.09684492951203,14.311381340026855,35382046.0
2018-09-06,14.360542633914182,14.44099292047326,14.302438332361442,14.382889747619629,33955436.0
2018-09-07,14.373954664679552,14.47675322378071,14.342668244840022,14.356077194213867,34103327.0
2018-09-10,14.427584592342512,14.610834530069026,14.391828534461707,14.4767484664917,34780156.0
2018-09-11,14.516978063544027,14.660003462100072,14.512509542722958,14.601899147033691,34892431.0
2018-09-12,14.677878223737075,15.039908481112585,14.677878223737075,14.93710994720459,65719388.0
2018-09-13,14.946049836827298,15.057787672554639,14.789616641069177,15.05331802368164,45818079.0
2018-09-14,15.022039193060332,15.039916668877268,14.883483394155117,15.017569541931152,43936675.0
2018-09-17,15.017562357596775,15.111422729007597,14.94158058214963,15.026501655578613,33820653.0
2018-09-18,14.999687099718285,15.160589984402328,14.919235657376262,15.071200370788574,44568356.0
2018-09-19,15.1650541256777,15.178463070763732,14.86112706665365,14.91476058959961,41038704.0
2018-09-20,14.968395850592964,14.986274444768826,14.816432314894657,14.946048736572266,32803159.0
2018-09-21,15.218689092697833,15.30360902723857,15.09801197052002,15.09801197052002,172328000.0
2018-09-24,15.30808099495451,15.321489942349944,15.084605310559585,15.15611743927002,48180625.0
2018-09-25,15.098013432601602,15.28126339349189,15.057787721313568,15.08907413482666,40622306.0
2018-09-26,15.120358140471087,15.156114197177612,14.901352152056239,14.905821800231934,43533782.0
2018-09-27,14.941579595900482,15.09354313676411,14.870067474164557,14.93710994720459,32880878.0
2018-09-28,14.932642296246357,15.053319441082499,14.887946932007122,15.008624076843262,29197113.0
2018-10-01,15.04438370747639,15.08460943195383,14.923706534044069,14.968401908874512,29813567.0
2018-10-02,14.98627192204314,15.165052190210998,14.963923683085323,15.160582542419434,39724502.0
2018-10-03,15.232094649686577,15.249973240852832,15.093540082943855,15.160582542419434,35349608.0
2018-10-04,15.1203597334882,15.258914326736134,14.986274788886867,15.24997615814209,36434097.0
2018-10-05,15.281258520212964,15.330422384898098,15.133764668759854,15.19186782836914,37956167.0
2018-10-08,15.200809027750822,15.27679078672791,15.098010509340348,15.245504379272461,37166931.0
2018-10-09,15.355810733315897,15.360368845279664,15.269208908081053,15.269208908081055,36894716.0
2018-10-10,15.32846378574305,15.49255006738244,14.968383286486398,14.972941398620605,60268612.0
2018-10-11,14.963825409782187,15.068658529339169,14.430542437248313,14.471564292907715,84334960.0
2018-10-12,14.672115368555314,14.749600973618117,14.517144158429705,14.699462890625,57132718.0
2018-10-15,14.708580455447821,14.890899204258574,14.681232930885843,14.749602317810059,44013202.0
2018-10-16,14.754157213287318,14.799737178310993,14.653881060027574,14.763272285461426,37136479.0
2018-10-17,14.772391296863345,14.913689330209623,14.713138136875731,14.845318794250488,39605606.0
2018-10-18,14.845315434303698,14.972939101365327,14.694902361105962,14.813409805297852,40679900.0
2018-10-19,14.79062261762426,15.018521317321088,14.726810199003026,14.982057571411133,46516092.0
2018-10-22,15.000289950144154,15.023080512379746,14.85443495599036,14.890898704528809,30573676.0
2018-10-23,14.904571504049496,15.168933941436542,14.608303433863073,15.050426483154297,70738937.0
2018-10-24,14.462444979034842,14.49435060416642,13.792422247119292,13.83800220489502,157361240.0
2018-10-25,13.97018780968421,13.997535331456035,13.564527340049793,13.664803504943848,101822750.0
2018-10-26,13.623778543034957,13.642009836383297,13.149748801443927,13.259140014648438,102825150.0
2018-10-29,13.48704202035522,13.819773825490088,13.350302118204514,13.509831428527832,65233480.0
2018-10-30,13.605547721326854,13.942838774399117,13.591874537444392,13.888142585754395,65072879.0
2018-10-31,13.98841812768501,14.120599917230258,13.728613811448724,13.98386001586914,59387755.0
2018-11-01,14.125158221088219,14.152506894583874,13.847122582189968,13.897260665893555,46842988.0
2018-11-02,13.961069662761485,14.088692180813373,13.833445993671337,13.910931587219238,44376640.0
2018-11-05,13.961074829101562,14.065907979448957,13.933727300975871,13.961074829101562,36206766.0
2018-11-06,13.965629545013332,14.116042639673148,13.906375238943415,14.11148452758789,32187234.0
2018-11-07,14.12515964835184,14.18897207525112,13.988420871210709,14.175297737121582,40827261.0
2018-11-08,14.166178607464552,14.202642350629251,14.07501982507197,14.147947311401367,39121022.0
2018-11-09,14.120600372912413,14.16617919046531,13.87446923314257,13.988418579101562,52952983.0
2018-11-12,13.992977134002201,14.234549018417491,13.97018772450437,14.029440879821777,34338337.0
2018-11-13,14.061344261609213,14.084134818495546,13.801539970372596,13.824329376220703,33948684.0
2018-11-14,13.924606424348507,14.002092020693242,13.724055265978903,13.906373977661133,41432594.0
2018-11-15,13.833446011468698,13.842562234495064,13.628337899605029,13.728612899780273,51526638.0
2018-11-16,13.705822783545855,13.865352087491107,13.651127745702984,13.806098937988281,38302658.0
2018-11-19,13.828888391010507,13.992975807158691,13.769635241311608,13.833446502685547,37015995.0
2018-11-20,13.66024739681302,13.755964312575609,13.400443024270468,13.40955924987793,54806053.0
2018-11-21,13.446018810614643,13.687590656652763,13.40499695920473,13.569083213806152,40125806.0
2018-11-23,13.564525623952813,13.564525623952813,13.377648805250704,13.382206916809082,17742924.0
2018-11-26,13.514389068904512,13.742286595795193,13.509830957221336,13.651127815246582,47387946.0
2018-11-27,13.600990151367016,13.89725936251469,13.546295111582271,13.874468803405762,42574147.0
2018-11-28,13.874467690001028,14.070460727417963,13.83344583793524,14.011207580566406,45639472.0
2018-11-29,13.84256635540467,13.997537588834534,13.765080738689738,13.93372631072998,40881545.0
2018-11-30,13.997535247518403,14.325708959927624,13.983860911195281,14.239107131958008,106538705.0
2018-12-03,14.467002464682567,14.539929933556715,14.27100830940597,14.453328132629395,57899712.0
2018-12-04,14.46244633577393,14.590068848272661,13.979301500518286,14.006649017333984,59356641.0
2018-12-06,13.892703599550984,13.929167349251903,13.605550563497532,13.91549301147461,68847073.0
2018-12-07,13.774192813504664,14.075018963968601,13.678474774154362,13.7377290725708,49616370.0
2018-12-10,13.710383944062041,13.71494205673561,13.295608352191353,13.632898330688477,54352980.0
2018-12-11,13.874467933879563,13.979302197133883,13.48704111472995,13.537178039550781,65621809.0
2018-12-12,13.724055837092054,13.806099548522802,13.642012125661306,13.746845245361328,54156499.0
2018-12-13,13.71494205673561,13.760522032432748,13.46881202963276,13.632898330688477,65005487.0
2018-12-14,13.59643106589201,13.856236514898825,13.537177918528652,13.774192810058594,56589614.0
2018-12-17,13.733174922009463,13.783311860855157,13.491601849248974,13.610109329223633,58284731.0
2018-12-18,13.505270859897635,13.683031434214369,13.491596526858604,13.559967041015625,58914160.0
2018-12-19,13.637449108065068,13.810652692343911,13.496152295339227,13.591870307922363,68079550.0
2018-12-20,13.600990866043869,13.61010709016646,12.848925396698084,13.058592796325684,101572381.0
2018-12-21,12.917294100486124,13.327511466588696,12.826134174224114,12.903619766235352,105470767.0
2018-12-24,12.858043253623062,12.894507003705446,12.470616340637209,12.470616340637207,54429772.0
2018-12-26,12.53442563655991,12.80790314348129,12.215367010433813,12.798788070678711,75985949.0
2018-12-27,12.675722991480793,12.835252310704904,12.38401302561161,12.830694198608398,77548269.0
2018-12-28,12.84892596105632,13.126962751738656,12.83981088757177,12.971991539001465,66978909.0
2018-12-31,13.0221296132637,13.054035248032287,12.803345980064845,13.008455276489258,69988626.0
2019-01-02,12.990222848149617,13.48704207755713,12.899062912995847,13.464251518249512,52025256.0
2019-01-03,13.455134440426578,13.587315060559273,13.313836446891194,13.482481956481934,49787166.0
2019-01-04,13.655688281838314,13.847123250352944,13.623782645592293,13.828890800476074,55703858.0
2019-01-07,14.006650910931603,14.252780897624294,13.865352894365241,14.079578399658203,54377872.0
2019-01-08,14.27100884436947,14.302915620356265,14.143386344574674,14.257335662841797,57683105.0
2019-01-09,14.385560239786068,14.385560239786068,13.961633441725937,14.022193908691406,58660217.0
2019-01-10,13.998905792047216,14.199223141829464,13.891759685653922,14.161954879760742,42388654.0
2019-01-11,14.161952389913376,14.418171499535054,14.12002545540305,14.380903244018555,38308086.0
2019-01-14,14.301706881611832,14.338975134073275,14.157292550377994,14.26443862915039,32395897.0
2019-01-15,14.217852027543397,14.255120277404785,14.082755062958581,14.255120277404785,35397670.0
2019-01-16,14.222511353114037,14.324999927222667,14.138657493001146,14.23648738861084,32430586.0
2019-01-17,14.23183099777442,14.325002229861772,14.166611841173765,14.273757934570312,34777508.0
2019-01-18,14.357609528073008,14.455438247438103,14.217852702136343,14.422828674316406,57261808.0
2019-01-22,14.404194938210303,14.436804513545923,14.171268055602685,14.245805740356445,49859854.0
2019-01-23,14.3110235549907,14.394877413130528,14.250463088797455,14.390218734741211,36879490.0
2019-01-24,14.338974133701386,14.338974133701386,14.10138859967232,14.255120277404785,32297391.0
2019-01-25,14.292387697543413,14.460095400400599,14.273754161911416,14.283071517944336,40353402.0
2019-01-28,14.26443587474388,14.292386764584256,14.175923351076628,14.287729263305664,41081866.0
2019-01-29,14.264436160726016,14.301704406738281,14.185240990895723,14.301704406738281,41497735.0
2019-01-30,13.956976049292061,14.161952037752789,13.514414496658821,13.682122230529785,123070434.0
2019-01-31,13.742681596518127,14.017534193186687,13.57963256861152,14.003558158874512,69082348.0
2019-02-01,14.07343776356409,14.143315585283863,13.929023441818707,13.975607872009277,54384889.0
2019-02-04,13.989583891803552,13.989583891803552,13.770633070269248,13.793925285339355,51681413.0
2019-02-05,13.821877396669846,13.84051093349513,13.724047504926876,13.803242683410645,38762616.0
2019-02-06,13.835850927441836,13.877777851817662,13.751998255123992,13.770631790161133,30356937.0
2019-02-07,13.76131684719317,13.770634204562253,13.472487003789684,13.719389915466309,50163315.0
2019-02-08,13.696096224917845,13.77063272298312,13.55633940872004,13.765974044799805,32148838.0
2019-02-11,13.779953703601155,13.901074662487712,13.724050727132273,13.840514183044434,38471865.0
2019-02-12,13.905729941673199,13.989583797655516,13.84982815530759,13.887096405029297,39705568.0
2019-02-13,13.887099547947633,13.919709126780065,13.742685194646503,13.901074409484863,39773092.0
2019-02-14,13.835852079092323,13.98026639927751,13.765974258127486,13.877779006958008,34220369.0
2019-02-15,13.989584085066847,14.217852266356237,13.942998477849152,14.194560050964355,49237839.0
2019-02-19,14.189904989681798,14.292392410538177,14.120027149259984,14.269100189208984,32719218.0
2019-02-20,14.27375901101722,14.413514693253687,14.189905131101643,14.371587753295898,32767808.0
2019-02-21,14.376242575574748,14.469413789689588,14.269096502846432,14.362266540527344,35192450.0
2019-02-22,14.418168204664958,14.529972945664605,14.357607744452832,14.511338233947754,30924933.0
2019-02-25,14.557925485513291,14.576560199340552,14.4507794103084,14.502023696899414,32325063.0
2019-02-26,14.506683730495931,14.64178190001781,14.422831032941911,14.543951988220215,39276195.0
2019-02-27,14.548607759780586,14.567242473135442,14.338974293142,14.469413757324219,34886738.0
2019-02-28,14.469416007267776,14.567244738291024,14.427489072133781,14.497366905212402,37371224.0
2019-03-01,14.53463654899294,14.553270090590381,14.273758731589258,14.357612609863281,40505000.0
2019-03-04,14.41817008205337,14.41817008205337,13.821878052412128,13.966292381286621,65515095.0
2019-03-05,13.98492490144945,13.998900936040007,13.882437510420361,13.952315330505371,34463455.0
2019-03-06,13.975607762847162,14.040828082185579,13.868461691951492,13.887096405029297,32544317.0
2019-03-07,13.910391196062246,14.008219928536297,13.882440297703106,13.938342094421387,32869756.0
2019-03-08,13.90573354642428,14.003562286140964,13.854490425044487,13.956977844238281,29797812.0
2019-03-11,13.966290694045378,14.120022361419474,13.952314660126339,14.078095436096191,34448494.0
2019-03-12,14.092075071943874,14.394881007828788,14.078100209720048,14.269100189208984,43009610.0
2019-03-13,14.278412094840514,14.311021662820233,14.073436154981707,14.106045722961426,36677713.0
2019-03-14,14.106045722961426,14.203875603334362,14.073436154981707,14.106045722961426,29249014.0
2019-03-15,14.21319159634172,14.292386764584256,14.115362893683518,14.287729263305664,70650758.0
2019-03-18,14.292391284324735,14.366927798425898,14.250465524522701,14.348294258117676,30882432.0
2019-03-19,14.380901453006658,14.464755311584062,14.236487127919984,14.292388916015625,38039182.0
2019-03-20,14.25046332115484,14.329657325762692,14.161950783182474,14.213193893432617,32656328.0
2019-03-21,14.185242613700133,14.511339509504799,14.185242613700133,14.469413757324219,34878529.0
2019-03-22,14.441463833251417,14.599854214568346,14.441463833251417,14.47407341003418,43918934.0
2019-03-25,14.488046976053347,14.511339190801442,14.278413514018808,14.334315299987793,33938489.0
2019-03-26,14.427488381686139,14.637121870889697,14.413512345165614,14.623147010803223,32179688.0
2019-03-27,14.58587687139981,14.739609736354025,14.557925976150859,14.627803802490234,35408526.0
2019-03-28,14.63712212306214,14.674390377991553,14.38090301747667,14.446122169494629,35743234.0
2019-03-29,14.515998742555112,14.623145995572191,14.427487380038961,14.609169960021973,41847006.0
2019-04-01,14.720975568256838,14.902658158769027,14.69302467197051,14.884024620056152,50012511.0
2019-04-02,14.86538546593168,14.884020175514049,14.697678961858793,14.734947204589844,42296239.0
2019-04-03,14.814147358796985,14.888683869372768,14.7396108482212,14.846756935119629,38104720.0
2019-04-04,14.884022775186596,14.96787663008596,14.870046740558738,14.897998809814453,37352688.0
2019-04-05,14.93992926515321,15.07502744646089,14.870051422878392,15.070368766784668,52865599.0
2019-04-08,15.116949910661482,15.14955948230439,14.995827804249311,15.088997840881348,49321648.0
2019-04-09,15.153342559451467,15.172374025862538,15.005853500691524,15.105766296386719,35455396.0
2019-04-10,15.105766978511268,15.243740310296076,15.101009111693651,15.167616844177246,26990932.0
2019-04-11,15.186646656922345,15.343651451293898,15.167616391701104,15.319863319396973,33008512.0
2019-04-12,15.367439583190821,15.376955316542183,15.205678123625072,15.319863319396973,34451936.0
2019-04-15,15.324621384503494,15.343651649971148,15.196162587041199,15.234224319458008,25769939.0
2019-04-16,15.281801906433593,15.34365177154541,15.19616270744684,15.34365177154541,28733316.0
2019-04-17,15.262770925737673,15.319864127375496,15.200921058654785,15.200921058654785,29610995.0
2019-04-18,15.20091666300025,15.272282243299557,15.153339208973646,15.238978385925293,30872370.0
2019-04-22,15.234227508875358,15.310350989646087,15.186650033023215,15.262773513793945,29444568.0
2019-04-23,15.253255196693864,15.357924656423041,15.167616001696604,15.272285461425781,41937700.0
2019-04-24,14.782239465845215,15.029641315079868,14.520565218584892,14.64902400970459,95658073.0
2019-04-25,14.577661313043738,14.58241918049193,14.296955543972073,14.434928894042969,58284201.0
2019-04-26,14.496777628410124,14.729905886835368,14.40638056445536,14.596689224243164,46593943.0
2019-04-29,14.706115430305063,14.896424075558675,14.66329703641922,14.691843032836914,42053815.0
2019-04-30,14.720390348667381,14.815544079082276,14.634751150256927,14.72990608215332,46341721.0
2019-05-01,14.772724934321914,14.84884839539697,14.644266143202218,14.64902400970459,35810228.0
2019-05-02,14.72990554840355,14.753693679774917,14.55387049269994,14.568142890930176,39338026.0
2019-05-03,14.587172816432917,14.649022672354413,14.544353223302137,14.606203079223633,37370694.0
2019-05-06,14.49202008803554,14.577659287238694,14.453958355220973,14.553871154785156,33340968.0
2019-05-07,14.520567907762967,14.553872979447592,14.406382695003526,14.525325775146484,34121069.0
2019-05-08,14.458715058191057,14.511050387154055,14.354044400265058,14.415895462036133,33120125.0
2019-05-09,14.401623177611617,14.487262377739842,14.335015444837007,14.453958511352539,35851802.0
2019-05-10,14.392106633745108,14.615720355154368,14.349287036091482,14.568142890930176,29145609.0
2019-05-13,14.43968433617769,14.582416731204887,14.434926469528635,14.496777534484863,36692409.0
2019-05-14,14.60620300067295,14.929728279707245,14.568141273814875,14.791753768920898,49683365.0
2019-05-15,14.76796826733302,14.89166920199783,14.696602666963734,14.867879867553711,31685041.0
2019-05-16,14.915456950354955,15.167616680071285,14.915456950354955,15.043915748596191,31292608.0
2019-05-17,14.94400275302097,15.224708478162555,14.92973035439168,15.129554748535156,40897698.0
2019-05-20,15.35792312411016,15.738540395587538,15.20567621551921,15.315103530883789,70774685.0
2019-05-21,15.338893678138527,15.529203540400156,15.26752808053116,15.419775009155273,30867074.0
2019-05-22,15.338895852870676,15.438808664871711,15.281803847282937,15.357927322387695,26465171.0
2019-05-23,15.31035227331046,15.376960024198999,15.191409174448443,15.29132080078125,32657122.0
2019-05-24,15.37695948692027,15.391233090818453,15.272289996112367,15.353171348571777,21391471.0
2019-05-28,15.381710103140316,15.424529693165647,15.181885750182513,15.191401481628418,32468584.0
2019-05-29,15.181885719299318,15.324618086253823,15.077216278051006,15.181885719299316,35680344.0
2019-05-30,15.205678548452731,15.25801268038441,15.053431616503271,15.158101081848145,32077342.0
2019-05-31,14.77748367028233,14.825059935142388,14.453958340937467,14.549113273620605,65422282.0
2019-06-03,14.6157187327578,14.91545468157997,14.5966872685881,14.791753768920898,48092446.0
2019-06-04,14.934489624116207,14.986823759809285,14.739423078350793,14.977309226989746,41391153.0
2019-06-05,15.043913226556501,15.086732818791749,14.948758310148998,15.07245922088623,27050379.0
2019-06-06,15.129554270751317,15.305589325817726,15.081976806699345,15.272285461425781,32321091.0
2019-06-07,15.305588284030392,15.557747985305372,15.29131468534191,15.45783519744873,42087842.0
2019-06-10,15.552988463241643,15.700477494728208,15.158097623048993,15.191401481628418,40947745.0
2019-06-11,15.253257115660992,15.434050060025768,15.238983514205245,15.277045249938965,25967082.0
2019-06-12,15.277038933883446,15.372192633137123,15.238977213885754,15.310342788696289,25530560.0
2019-06-13,15.32937822865392,15.381713561893353,15.281801963688816,15.362683296203613,22340382.0
2019-06-14,15.386474622759053,15.434052099082264,15.310351141234621,15.39123249053955,26279414.0
2019-06-17,15.343650186409313,15.410257911414945,15.305588457623042,15.367438316345215,22262001.0
2019-06-18,15.434045791625977,15.55774669892057,15.415014328281606,15.434045791625977,27187148.0
2019-06-19,15.481626074834749,15.505414206876708,15.376955410294554,15.419775009155273,28081510.0
2019-06-20,15.500655821646472,15.510171554737532,15.372197029361503,15.4816255569458,35835384.0
2019-06-21,15.55299076998166,15.557748636410276,15.424531980853313,15.43880558013916,51925426.0
2019-06-24,15.457837480695126,15.552992416377421,15.443565081379866,15.500657081604004,28790910.0
2019-06-25,15.510175389935906,15.510175389935906,15.43880977706929,15.486387252807617,25460123.0
2019-06-26,15.50541558441262,15.600570523997215,15.472111716002493,15.476869583129883,37020232.0
2019-06-27,15.586294044281745,15.71475282855388,15.491140323750862,15.690964698791504,37316013.0
2019-06-28,15.7195131845721,15.962155991320255,15.66241998202564,15.94312572479248,53981201.0
2019-07-01,16.08585872972298,16.12867833285775,15.890790981285912,15.905064582824707,42843978.0
2019-07-02,15.924093812923346,16.114403681785912,15.876516345707705,16.100130081176758,35260636.0
2019-07-03,16.15722277669008,16.19528450897561,16.114403177683666,16.166738510131836,26660726.0
2019-07-05,16.166737361162394,16.352288142682088,16.147705895631447,16.31898307800293,32447268.0
2019-07-08,16.238104534017662,16.3475318670244,16.209557332943405,16.295196533203125,42167017.0
2019-07-09,16.302596402720646,16.33657006784728,16.210381293344483,16.278329849243164,41013548.0
2019-07-10,16.375394208536157,16.423928532007068,16.317154000887207,16.385101318359375,33566180.0
2019-07-11,16.4967291915532,16.511289856100166,16.142430718383437,16.239498138427734,38215804.0
2019-07-12,16.273476318780705,16.336570093307728,16.205527762776125,16.331716537475586,30785251.0
2019-07-15,16.33656444358735,16.375391651171352,16.292883681849723,16.36083221435547,26817752.0
2019-07-16,16.346273350161212,16.365687568911483,16.263765371762815,16.297739028930664,23658953.0
2019-07-17,16.2880310823694,16.2977381912456,16.13757579736854,16.14242935180664,24888817.0
2019-07-18,16.108455583042883,16.113309137446834,15.938586081484855,16.059921264648438,42533500.0
2019-07-19,16.127869038100634,16.147283256273884,15.904612882978807,15.91431999206543,42575603.0
2019-07-22,15.894907612989014,15.894907612989014,15.564875671018639,15.59399700164795,47022787.0
2019-07-23,15.60370411453961,15.608557670026569,15.297939924023835,15.574584007263184,60340506.0
2019-07-24,15.618260151530615,16.205521806700162,15.618260151530615,16.132720947265625,63928943.0
2019-07-25,16.2977411016427,16.49673074091442,16.234647333970443,16.40937042236328,51661421.0
2019-07-26,16.375393171434933,16.613209993171075,16.302592303661847,16.574382781982422,45213673.0
2019-07-29,16.535553180548167,16.719982100623447,16.47245943110384,16.666595458984375,40963368.0
2019-07-30,16.715128380776,16.812195773812626,16.540405357407323,16.588939666748047,44919083.0
2019-07-31,16.525850296020508,16.734545797819393,16.448195870782516,16.525850296020508,53799151.0
2019-08-01,16.73454390673806,16.792785331907577,16.511287765819105,16.55982208251953,54361984.0
2019-08-02,16.40451200697568,16.666595336273538,16.278323283371183,16.584087371826172,48294621.0
2019-08-05,16.355982957956815,16.472464611315946,16.108458984951675,16.254060745239258,49077502.0
2019-08-06,16.263760614109522,16.487017936202324,16.15698611915326,16.48216438293457,41916119.0
2019-08-07,16.30744333457579,16.579233770834907,16.19096171903617,16.53070068359375,50243814.0
2019-08-08,16.62291985604517,16.763668060302734,16.535558309987568,16.763668060302734,37732014.0
2019-08-09,16.710281402102773,16.787935837343905,16.574385527608136,16.763668060302734,30275643.0
2019-08-12,16.729693106343476,16.783080986066516,16.63262568260956,16.734546661376953,31324781.0
2019-08-13,16.681159001646204,16.967510151841708,16.681159001646204,16.918975830078125,41333294.0
2019-08-14,16.792787230481736,16.807346669186433,16.51128963256745,16.545263290405273,45830657.0
2019-08-15,16.61806114560301,16.724835654526075,16.482166538909098,16.666595458984375,32262702.0
2019-08-16,16.734546361506368,16.986923864853505,16.700572702526017,16.97236442565918,41180372.0
2019-08-19,16.991778873663524,17.200475625993974,16.982071762939945,17.171354293823242,34603667.0
2019-08-20,17.127677782931134,17.13253011350776,16.938393992849864,16.977222442626953,28856448.0
2019-08-21,17.079135857509108,17.108255956257356,16.972361345002223,17.0645751953125,29013606.0
2019-08-22,17.10340571495121,17.229594468161743,17.025751286151685,17.176206588745117,28412643.0
2019-08-23,17.132529993548932,17.200478554537565,16.812205090294885,16.899566650390625,44827992.0
2019-08-26,16.97236183339795,17.054868577951368,16.846171875352724,16.95294761657715,30713225.0
2019-08-27,16.991779785843377,17.00634045271041,16.8073495747757,16.851030349731445,42475509.0
2019-08-28,16.826760812245286,16.977217332911348,16.758812271231694,16.967510223388672,32261114.0
2019-08-29,17.04031371869697,17.147088262960345,17.01119361128793,17.05972671508789,30840594.0
2019-08-30,17.074284284587208,17.15679226198485,17.02089640931664,17.11311149597168,28610448.0
2019-09-03,17.02575253555075,17.17620784918503,16.948098101052718,17.171354293823242,27196284.0
2019-09-04,17.244155366521152,17.38490479665703,17.200475819065346,17.33637046813965,27455656.0
2019-09-05,17.4237263871007,17.462553592245744,17.350925530659357,17.418872833251953,28784687.0
2019-09-06,17.44799568645805,17.65183883775692,17.42858146936053,17.593597412109375,38748316.0
2019-09-09,18.355579879135938,18.51088869415639,17.816851354594498,17.85567855834961,156054584.0
2019-09-10,18.05952790979576,18.307050636231793,17.94304504063795,18.239103317260742,63577950.0
2019-09-11,18.408968552887423,18.806948967419437,18.30219403717103,18.802095413208008,72914534.0
2019-09-12,18.62252422673801,18.675910883788738,18.311905266814737,18.627376556396484,56491108.0
2019-09-13,18.44779770030502,18.612813647297834,18.3167554084616,18.399263381958008,51934430.0
2019-09-16,18.297343352497464,18.36043834149608,18.010993414275553,18.108060836791992,65127428.0
2019-09-17,17.97702161749292,18.078943838134972,17.855686399270965,18.035263061523438,46375748.0
2019-09-18,17.841121673583984,17.947896192764098,17.7100793825595,17.841121673583984,49625374.0
2019-09-19,17.972161038205225,18.064374879263557,17.86053175718777,18.0304012298584,35751178.0
2019-09-20,18.103205143121777,18.44779770030502,18.0449649416214,18.399263381958008,102573987.0
2019-09-23,18.258519515245485,18.370147623325163,18.19057218435271,18.24881362915039,28592972.0
2019-09-24,18.34102415667076,18.37014426091684,18.122621536357325,18.14203453063965,36647790.0
2019-09-25,18.117767981375444,18.229396069023103,18.07408721218372,18.14203453063965,29563331.0
2019-09-26,18.15174164060341,18.180861744849494,18.044967107937634,18.14203453063965,25490045.0
2019-09-27,18.253667786815164,18.311909237443604,18.04497221737332,18.16630744934082,32070987.0
2019-09-30,18.243957617615944,18.404120037194684,18.214836286314167,18.365291595458984,37524676.0
2019-10-01,18.418678620105943,18.42353217509705,18.13718223578331,18.15659523010254,30502974.0
2019-10-02,18.12746980537403,18.12746980537403,17.918773130235056,17.996427536010742,34764268.0
2019-10-03,17.95760485658494,18.054673501078245,17.79258889633341,18.049819946289062,26973322.0
2019-10-04,18.064382097675104,18.20998508627974,18.020701323658244,18.20513153076172,29014268.0
2019-10-07,18.23910590072369,18.37985411362063,18.209985792132148,18.27793312072754,27852194.0
2019-10-08,18.28763949019298,18.30219893107537,18.142036501851756,18.190570831298828,37298007.0
2019-10-09,18.390857480891754,18.395798833644914,18.23269799697611,18.311777114868164,32517572.0
2019-10-10,18.287061215568297,18.55889546572064,18.27223341627351,18.494644165039062,30928905.0
2019-10-11,18.57866925471951,18.682460124327367,18.519359294849675,18.573726654052734,36655734.0
2019-10-14,18.573721209844404,18.628087304980543,18.44027477535084,18.51935386657715,27506894.0
2019-10-15,18.50947322378871,18.815905713809748,18.494646670616536,18.731884002685547,30063141.0
2019-10-16,18.692344738790652,18.78130905173651,18.63303478078293,18.67751693725586,29173148.0
2019-10-17,18.712110660680697,18.712110660680697,18.588549413627057,18.68739891052246,24521672.0
2019-10-18,18.687403446252404,19.043259474811567,18.67751824453732,19.01360511779785,49864620.0
2019-10-21,18.988892112828996,19.087740379084423,18.875216044976103,18.89498519897461,35278112.0
2019-10-22,18.692343726420376,18.95923665080314,18.58361026544853,18.86532974243164,26683631.0
2019-10-23,18.786249877834912,18.850501182154076,18.59843606865953,18.652803421020508,32027692.0
2019-10-24,18.628093591335865,18.667633150292293,18.05971196328791,18.198101043701172,53057976.0
2019-10-25,18.25741012310777,18.37108619359265,18.14867540513834,18.242582321166992,44063779.0
2019-10-28,18.929585880770826,19.206362828152294,18.76648502361886,19.02349281311035,82403244.0
2019-10-29,19.02348632120181,19.02348632120181,18.771421219234853,18.81096076965332,35364040.0
2019-10-30,18.97406121374749,19.211298511789654,18.83567341395518,18.880155563354492,45040891.0
2019-10-31,18.88510371535377,19.02349281311035,18.722002858201805,19.02349281311035,52278140.0
2019-11-01,19.250839233398438,19.285436185452674,19.14704837723572,19.250839233398438,46648095.0
2019-11-04,19.324976544701972,19.522675561494548,19.206357883505248,19.2211856842041,47480891.0
2019-11-05,19.18164287128061,19.428765352150887,19.17175767249432,19.35957145690918,39343322.0
2019-11-06,19.399118423461914,19.41394497918087,19.270614534485027,19.399118423461914,29127073.0
2019-11-07,19.418884572136896,19.562216242759774,19.399115418197002,19.483137130737305,33818138.0
2019-11-08,19.443596402061974,19.488078555908277,19.32003514096255,19.46336555480957,24672872.0
2019-11-11,19.40406131054291,19.463370030555545,19.374405702404935,19.45842742919922,17987334.0
2019-11-12,19.448535749723465,19.512787045572026,19.310146711108892,19.35957145690918,21912332.0
2019-11-13,19.369456067154726,19.428766013760992,19.300262169556753,19.354629516601562,21974296.0
2019-11-14,19.260724433451454,19.315091785611724,19.122335377103177,19.250839233398438,36368956.0
2019-11-15,19.33980335382915,19.527617160526415,19.305206402103682,19.522674560546875,41675283.0
2019-11-18,19.423824702768528,19.621522457685934,19.3793425518957,19.586925506591797,34383883.0
2019-11-19,19.236015352665383,19.26072835783321,18.469937155094218,18.78131103515625,85473203.0
2019-11-20,18.331544002265776,18.588550462053224,17.990514591686335,18.376026153564453,92496494.0
2019-11-21,18.301894810471715,18.633037866402827,18.301894810471715,18.583614349365234,41518654.0
2019-11-22,18.657751083374023,18.746714163923517,18.628095475059197,18.657751083374023,26317280.0
2019-11-25,18.7318857781602,18.7318857781602,18.376029746327387,18.415569305419922,42985116.0
2019-11-26,18.42545157927542,18.504530684894192,18.17338521393499,18.484760284423828,71535058.0
2019-11-27,18.50453252222174,18.69234510468153,18.48476211978836,18.613265991210938,22600018.0
2019-11-29,18.652805028225554,18.761538494185125,18.464992450998768,18.474876403808594,24060390.0
2019-12-02,18.524301969334843,18.524301969334843,18.400740696567492,18.445222854614258,32951182.0
2019-12-03,18.385916031984788,18.558900833129883,18.24258434174272,18.558900833129883,32927880.0
2019-12-04,18.578665346046442,18.959234284138876,18.539125797162242,18.830730438232422,50625656.0
2019-12-05,18.840615423758845,18.959235325055236,18.786249321140225,18.875213623046875,28815933.0
2019-12-06,18.924637712753803,19.06796811227173,18.85049996500079,18.880155563354492,29930476.0
2019-12-09,18.840618353590397,18.993835229869696,18.796136195719825,18.80107879638672,27278637.0
2019-12-10,18.815903369472036,18.91475286958384,18.692342118397917,18.81096076965332,28833410.0
2019-12-11,18.7911919869044,18.90486929625153,18.781308034547962,18.86532974243164,24529351.0
2019-12-12,18.88015769671311,19.063027666568072,18.88015769671311,18.954294204711914,31237662.0
2019-12-13,18.885098019823538,18.91969621992703,18.75659416383309,18.90981101989746,32957538.0
2019-12-16,18.96417875804139,19.10256656874768,18.96417875804139,19.072912216186523,31833064.0
2019-12-17,19.077855694017412,19.12727920118272,19.00371793700665,19.028430938720703,45994833.0
2019-12-18,19.07785314356044,19.24095269241194,19.072910543878386,19.14704704284668,37645954.0
2019-12-19,19.171763344419258,19.240957260131836,19.107512029562084,19.240957260131836,33199697.0
2019-12-20,19.379343836813554,19.40405683789884,19.22118562239319,19.349689483642578,64039497.0
2019-12-23,19.399114455125872,19.488078763767366,19.295322345667,19.310150146484375,38581095.0
2019-12-24,19.32497698964641,19.334862190339912,19.22612872710558,19.255783081054688,11515093.0
2019-12-26,19.27060782031922,19.374398666716182,19.26072262119631,19.354629516601562,26239032.0
2019-12-27,19.394174575805664,19.45348453926482,19.374404171942093,19.394174575805664,20430247.0
2019-12-30,19.40899781005841,19.413939161729612,19.265666160180736,19.295320510864258,23389652.0
2019-12-31,19.280495789999033,19.32992054778413,19.206359277387122,19.315093994140625,26766646.0
2020-01-02,19.354632219086195,19.384286572464358,19.132221448421518,19.206357955932617,43165445.0
2020-01-03,19.06797087377687,19.37440211609387,19.06302827333544,19.305208206176758,36296666.0
2020-01-06,19.270611764714353,19.349690877621505,19.18659005123407,19.32497787475586,51229797.0
2020-01-07,19.315096697905165,19.42383018174793,19.265671933201496,19.399118423461914,37337462.0
2020-01-08,19.438658271905556,19.54739175734983,19.41888786648024,19.45842742919922,53645832.0
2020-01-09,19.578388770599712,19.618633348408164,19.392263949968235,19.518024444580078,52228887.0
2020-01-10,19.523056515516064,19.593481991394103,19.402326583862305,19.402326583862305,39350339.0
2020-01-13,19.387229154996543,19.392259726126888,19.12564707829611,19.165891647338867,43780576.0
2020-01-14,19.14577216074626,19.21116832465137,19.09043714057216,19.160863876342773,35129295.0
2020-01-15,19.100502059569774,19.13068422638195,19.009954288786567,19.05019760131836,34526213.0
2020-01-16,19.11055716214999,19.18098261922403,18.99988713492362,19.130678176879883,36172077.0
2020-01-17,19.140745519605808,19.336932781263528,19.105532779662465,19.30674934387207,44477926.0
2020-01-21,19.291659085366074,19.4375406194736,19.206141885942106,19.37717628479004,57931090.0
2020-01-22,19.45765775721442,19.689056429451764,19.437535470752202,19.638751983642578,47842475.0
2020-01-23,19.598508433763826,19.613600148420062,19.39226135186039,19.432504653930664,38406592.0
2020-01-24,19.41741756727638,19.50796405983201,19.23129146905002,19.36711311340332,45632057.0
2020-01-27,19.12564577185084,19.402319543043117,19.120616471410287,19.24134635925293,46633398.0
2020-01-28,19.276563296860967,19.518023125311714,19.25141170777726,19.4073543548584,40842487.0
2020-01-29,19.36711241347803,19.397294576572456,18.627641160412104,18.6377010345459,76732420.0
2020-01-30,18.34593275086264,18.83891347912573,18.270476724348292,18.828853607177734,67100717.0
2020-01-31,18.77352446896618,18.994862046616568,18.73831173026483,18.924436569213867,54495840.0
2020-02-03,19.095468256781906,19.100498828790812,18.511939688599252,18.592426300048828,53993382.0
2020-02-04,18.652791773923592,18.98479936160582,18.582366306944472,18.92946434020996,42313451.0
2020-02-05,18.9797685967982,19.09043736811908,18.87413039740278,19.02001190185547,32620050.0
2020-02-06,19.045161888888074,19.357048429603083,19.045161888888074,19.33692741394043,34705482.0
2020-02-07,19.34195899963379,19.477780635197778,19.296686391458948,19.34195899963379,33363079.0
2020-02-10,19.326868214165195,19.387232537568853,19.16589499129348,19.286624908447266,24552653.0
2020-02-11,19.36208024215092,19.52808403098005,19.065285396919084,19.201107025146484,42338872.0
2020-02-12,19.211168980132577,19.28159444795966,19.125650525847583,19.135711669921875,41453646.0
2020-02-13,19.05522571276713,19.331899562237908,19.040133996137136,19.271533966064453,32606942.0
2020-02-14,19.25643807161307,19.352015105522145,19.170920908931258,19.24134635925293,36262904.0
2020-02-18,19.206138453597525,19.276563921591457,19.135711715257116,19.246381759643555,32138644.0
2020-02-19,19.236318524588146,19.44256560444862,19.196075222916498,19.33692741394043,29923989.0
2020-02-20,19.316807095970365,19.452628729329856,19.27153321818387,19.42244529724121,35981156.0
2020-02-21,19.377171060697805,19.45765766547447,19.301715027512973,19.392261505126953,37691897.0
2020-02-24,19.110557283458405,19.372139369031384,19.10552671215743,19.14073944091797,46190256.0
2020-02-25,19.170924381651407,19.25644155982424,18.743338490787252,18.788612365722656,64725329.0
2020-02-26,18.708127119193282,19.00492070817756,18.572305484513823,18.662853240966797,53306756.0
2020-02-27,18.401266306409223,18.567270059737705,17.787555730237962,17.97368049621582,87815227.0
2020-02-28,17.103425551490638,17.968657403093857,16.605414084258552,17.71713638305664,160070673.0
2020-03-02,17.79258898703569,18.8238243875825,17.752345685315483,18.703094482421875,90605027.0
2020-03-03,18.743336899068776,19.095465454906265,18.044109088318294,18.26041603088379,84481792.0
2020-03-04,18.622611882620593,19.22626153820119,18.471698515965482,19.206140518188477,55701210.0
2020-03-05,18.813763244565866,19.075345340920393,18.597455021439867,18.703094482421875,59974684.0
2020-03-06,18.46666150014164,18.738304703133384,18.200050138330678,18.627635955810547,64721224.0
2020-03-09,17.611494686899317,18.184962092838234,17.294577552835705,17.45052146911621,89990559.0
2020-03-10,17.863017515864836,18.05417291428481,17.224153879763193,18.0340518951416,75018634.0
2020-03-11,17.53100544314905,17.641674196155137,17.18390620050571,17.365001678466797,59972036.0
2020-03-12,16.026913330578143,16.816688999077808,15.624480273491201,15.760300636291504,111500925.0
2020-03-13,16.560138703195776,17.410280029827884,16.02691454457851,17.339853286743164,85647971.0
2020-03-16,15.59429747416416,17.048089651362332,15.554054166822656,16.00176239013672,77820218.0
2020-03-17,16.157704205663894,17.133605945795413,16.10236918457169,16.972631454467773,78966008.0
2020-03-18,16.09733930143908,16.55510739457247,15.217015849975407,16.524925231933594,100669546.0
2020-03-19,15.775395427715159,16.343832390460186,15.342780124595244,15.669755935668945,80521973.0
2020-03-20,15.322656126942645,15.342778416653061,14.175721183152998,14.311541557312012,154553565.0
2020-03-23,13.778318234844518,13.939291480959465,13.119333532181452,13.466431617736816,128274548.0
2020-03-24,14.08517445246633,14.236087838926254,13.501645740320225,14.130448341369629,101022392.0
2020-03-25,14.125416121519475,15.056042762617572,13.76825565729795,14.286389350891113,90068675.0
2020-03-26,14.427241866680124,15.574178156702944,14.427241866680124,15.393082618713379,84786312.0
2020-03-27,14.935312847869437,15.503750993504966,14.698883575907903,15.01076889038086,61415064.0
2020-03-30,15.040951167155077,15.297502708244734,14.829673502160443,15.206954956054688,55117988.0
2020-03-31,15.111377483870303,15.156651362517426,14.613366089098433,14.663670539855957,92432942.0
2020-04-01,14.276326736763732,14.376935629936881,13.93425802439069,14.110322952270508,72351304.0
2020-04-02,14.085171467644798,14.522818544184956,14.085171467644798,14.467483520507812,44775562.0
2020-04-03,14.351782715493359,14.457422179947772,13.707889866805054,13.813528060913086,70758797.0
2020-04-06,14.2863892026584,14.930282113464049,14.241115323574064,14.809552192687988,70836648.0
2020-04-07,15.312592884315672,15.579205564374234,15.126466811379242,15.131497383117676,71847522.0
2020-04-08,15.419018396381745,15.444759148087625,14.981416516656395,15.388129234313965,54010329.0
2020-04-09,15.444759772716722,15.928696065167287,15.439611362146604,15.82058334350586,66599583.0
2020-04-13,15.702171688400481,15.8154328053958,15.393276196472748,15.542574882507324,45209039.0
2020-04-14,15.799988597256858,16.04195607652368,15.624947850517938,16.026512145996094,42290546.0
2020-04-15,15.769099025383493,15.938991357487087,15.42416595110001,15.491092681884766,49706800.0
2020-04-16,15.588913577141597,15.588913577141597,15.295463233792065,15.52713394165039,43074884.0
2020-04-17,15.882360308569593,16.08829021320184,15.805136756845446,16.077993392944336,45884809.0
2020-04-20,15.882362235881855,16.175812548105718,15.80513867478669,15.94929027557373,40492157.0
2020-04-21,15.707320275033751,15.712468685395361,15.259422874713577,15.377832412719727,57214144.0
2020-04-22,15.908103244159937,15.908103244159937,15.089530690120034,15.171902656555176,67184129.0
2020-04-23,15.156460757524327,15.470504761167035,15.099830830714604,15.18735122680664,45031226.0
2020-04-24,15.233680476186558,15.419016728650783,15.007156945281965,15.295458793640137,47061315.0
2020-04-27,15.439611145780058,15.79484106931063,15.310906083745477,15.722765922546387,44116607.0
2020-04-28,15.959584876262257,16.021364501636533,15.763951779433741,15.779397010803223,40944435.0
2020-04-29,16.026512591348876,16.40748325657207,15.995622129228131,16.180959701538086,43903972.0
2020-04-30,15.959588046164553,15.985330103559926,15.588914120606383,15.686731338500977,53955516.0
2020-05-01,15.841179461874251,15.851476285469024,15.316058359892688,15.393281936645508,48791121.0
2020-05-04,15.316053511468255,15.316053511468255,15.043195573206162,15.238828659057617,46557268.0
2020-05-05,15.310907363891602,15.537429644119817,15.300610542034745,15.310907363891602,32604956.0
2020-05-06,15.352090898768056,15.377831649194423,14.821820259094238,14.821820259094238,59704721.0
2020-05-07,15.017454662286223,15.032899893961455,14.842413903714965,14.87330436706543,42122133.0
2020-05-08,15.079233368431355,15.367535241378372,15.03804738658178,15.33664608001709,31824326.0
2020-05-11,15.264575421711728,15.264575421711728,15.007162634495193,15.125572204589844,38691782.0
2020-05-12,15.192496720961158,15.274868689688375,14.87330436706543,14.87330436706543,46632472.0
2020-05-13,14.826971644789536,14.88874997825239,14.415110454587277,14.461444854736328,65226860.0
2020-05-14,14.404810543040105,14.724001535577914,14.214324589348758,14.713706016540527,52730948.0
2020-05-15,14.559258940125702,14.651927720526704,14.451146229726895,14.57470417022705,42699397.0
2020-05-18,14.92478451761594,15.285162823161237,14.893895357173175,15.161604881286621,46244540.0
2020-05-19,15.166756477488981,15.197646944524529,14.878454552550709,14.909343719482422,46628367.0
2020-05-20,15.0689411691194,15.352096018760669,14.935086362033273,15.233686447143555,50178408.0
2020-05-21,15.336647033225432,15.475648918042287,15.202792258869032,15.326350212097168,51200272.0
2020-05-22,15.331500396209462,15.39842714107791,15.15131250613909,15.382983207702637,35269109.0
2020-05-26,15.774249768967898,16.021365688565066,15.738212193206278,15.866918563842773,54791357.0
2020-05-27,16.340556366156825,16.464114313149132,16.2324423499738,16.397186279296875,57514957.0
2020-05-28,16.489858827866605,16.510451173679748,15.944144112415543,15.990478515625,52532745.0
2020-05-29,15.727914770224038,15.938993105989683,15.614652336327753,15.887510299682617,57900771.0
2020-06-01,15.830881202399633,16.0831442361461,15.753656338889268,15.923548698425293,33027445.0
2020-06-02,15.985324853565645,16.01106560240318,15.81028412118066,15.954434394836426,37650588.0
2020-06-03,16.1140342621151,16.299371849319254,16.10373744058071,16.22214698791504,36888361.0
2020-06-04,16.160366390836508,16.371444702148438,16.10373518044917,16.371444702148438,40729947.0
2020-06-05,16.75241717751962,16.989236264863187,16.592820348984237,16.870826721191406,61816766.0
2020-06-08,16.98923739062072,17.11279535308777,16.829641851613747,17.107646942138672,45385793.0
2020-06-09,16.891419184260148,16.91715993539898,16.654598813347746,16.793601989746094,42645378.0
2020-06-10,16.76785912292972,16.793601172920084,16.525891653641516,16.546483993530273,36133549.0
2020-06-11,16.062550649459983,16.124328975362427,15.506539215819645,15.532279968261719,66021525.0
2020-06-12,15.969877592539772,16.000766747235843,15.44990387132321,15.702169418334961,48034323.0
2020-06-15,15.439607053056747,15.779392955126797,15.197640924518092,15.702169418334961,53309006.0
2020-06-16,16.175814760461478,16.20155681774974,15.630100047301035,15.84632682800293,55119444.0
2020-06-17,15.846325718706899,15.866919363095885,15.552875386890529,15.57861614227295,41680314.0
2020-06-18,15.475647555013504,15.65583800857669,15.419017644003128,15.624947547912598,37554730.0
2020-06-19,15.799991800231346,15.830882267755804,15.43446630212659,15.604358673095703,99288878.0
2020-06-22,15.537425162130054,15.599204775346218,15.444756392357505,15.501387596130371,39136646.0
2020-06-23,15.599204533083789,15.794837588373818,15.547721739553767,15.57346248626709,51520812.0
2020-06-24,15.460208564032193,15.465356975787698,15.01231104244717,15.14616584777832,86849104.0
2020-06-25,15.182200991252795,15.346944940550241,15.038049385565646,15.300610542297363,48420401.0
2020-06-26,15.218239019410655,15.218239019410655,14.888749810930921,14.971121788024902,101387551.0
2020-06-29,15.099828630519196,15.408722877501958,15.079234987331686,15.398426055908203,49695678.0
2020-06-30,15.449908948771798,15.619801305588483,15.295461824430717,15.56317138671875,57979814.0
2020-07-01,15.51169150767343,15.691880720165999,15.367539877658574,15.393281936645508,41007987.0
2020-07-02,15.501390933254044,15.702173744353352,15.455056538392949,15.485945701599121,49947900.0
2020-07-06,15.722769872622639,15.753659043267167,15.568321419192028,15.697029113769531,44639852.0
2020-07-07,15.59920406659101,15.676427604524992,15.56316650222871,15.609500885009766,36422181.0
2020-07-08,15.68157958984375,15.727913983191144,15.521982768267781,15.68157958984375,51547292.0
2020-07-09,15.733454463826561,15.738721934417441,15.480623856480365,15.559633255004883,52120187.0
2020-07-10,15.53856518105941,15.923078574504204,15.512227827294394,15.870405197143555,48846464.0
2020-07-13,15.886201569631544,15.89146903882296,15.612302482860802,15.675509452819824,54274864.0
2020-07-14,15.654443700875415,15.854600915036636,15.55436442871019,15.780858993530273,40519034.0
2020-07-15,15.83879342188593,15.870398232534408,15.722913106681242,15.80718994140625,40985612.0
2020-07-16,15.786125744371336,16.065293667619702,15.75978839491253,16.007352828979492,43674920.0
2020-07-17,16.054757190687614,16.081093207455737,15.896737099571759,15.933608055114746,30634712.0
2020-07-20,15.896739708068454,15.896739708068454,15.69658248934741,15.722918510437012,42896938.0
2020-07-21,15.743985808012374,16.02315237436302,15.728183399850076,15.933608055114746,45341572.0
2020-07-22,15.886202812194824,15.944143647663347,15.775589941030288,15.886202812194824,40393519.0
2020-07-23,15.880936610279415,15.880936610279415,15.55963158017554,15.749255180358887,68190502.0
2020-07-24,15.69658251019732,15.91254213996054,15.517493842076222,15.575434684753418,51274813.0
2020-07-27,15.538562202316431,15.54382967205966,15.38580957027017,15.427947998046875,44346850.0
2020-07-28,15.412143972045543,15.743985219874123,15.380540487070578,15.638638496398926,49871240.0
2020-07-29,15.628110299844389,15.628110299844389,15.438486663994293,15.570169448852539,40350092.0
2020-07-30,15.52276131233499,15.659711548555197,15.464820469657795,15.575434684753418,35281820.0
2020-07-31,15.543828964299673,15.601768468498767,15.417412356556579,15.580699920654297,51205965.0
2020-08-03,15.775588702568687,15.791391110138377,15.49115467749715,15.601767539978027,51608461.0
2020-08-04,15.591230386152315,15.886199307689846,15.57016184255546,15.80718994140625,45074786.0
2020-08-05,15.880937297313139,15.912542118823769,15.691315019095638,15.722918510437012,30387521.0
2020-08-06,15.649176912828384,15.849334135713654,15.633374501744303,15.7176513671875,29007119.0
2020-08-07,15.664978960680493,15.83353135748929,15.580702097191468,15.81246280670166,40278860.0
2020-08-10,15.82826390583867,15.907273292541502,15.796659087022222,15.907273292541504,47021066.0
2020-08-11,16.017887498060784,16.207509760113755,15.854599924683233,15.907273292541504,41026656.0
2020-08-12,15.991547927962067,16.070557303691196,15.859865191690535,15.896736145019531,28046160.0
2020-08-13,15.801924400497661,15.870400168419966,15.717647555492489,15.754518508911133,32958464.0
2020-08-14,15.712378169798416,15.880931839248435,15.675507220877323,15.80718994140625,29853155.0
2020-08-17,15.844066335719994,15.844066335719994,15.69658248934741,15.722918510437012,33125686.0
2020-08-18,15.728179922611162,15.765050870002597,15.680774038773961,15.691308975219727,29013606.0
2020-08-19,15.701849314207141,15.743987744320046,15.633373533917922,15.659710884094238,32808588.0
2020-08-20,15.564897812158643,15.738718988444479,15.53856179430316,15.628106117248535,30355348.0
2020-08-21,15.65970837316156,15.691311858136524,15.554361649686363,15.638638496398926,32945886.0
2020-08-24,15.649173395921634,15.828262027283381,15.622837380202725,15.817727088928223,34932813.0
2020-08-25,15.849333120305255,15.87567047042472,15.712382890191638,15.749255180358887,27839880.0
2020-08-26,15.712377868125989,15.865130459487768,15.643903440039905,15.79665470123291,36860557.0
2020-08-27,15.80719469028331,15.8914715503272,15.707116750336942,15.749255180358887,39206950.0
2020-08-28,15.770320871655915,15.844062778285087,15.70184643409582,15.822994232177734,35535366.0
2020-08-31,15.880934381245847,15.886201850530403,15.69657960713146,15.701847076416016,54923492.0
2020-09-01,15.664979051687089,15.670246521956912,15.443751951200854,15.522761344909668,61591818.0
2020-09-02,15.470083537576286,15.717646588273544,15.443747523946172,15.643904685974121,46510531.0
2020-09-03,15.686043072270255,15.896735171366315,15.496420848168242,15.585965156555176,58690669.0
2020-09-04,15.607035634552371,15.733450909668488,15.412144587392708,15.49642276763916,59361805.0
2020-09-08,15.538561494730038,15.591233529425523,15.285729609413996,15.543828964233398,61477424.0
2020-09-09,15.607039203979664,15.64391016805002,15.470088958740234,15.470088958740234,39217145.0
2020-09-10,15.475353343424219,15.475353343424219,15.222522785784687,15.227788925170898,62779578.0
2020-09-11,15.254124668580321,15.343668981264216,15.169847824897708,15.275193214416504,39282550.0
2020-09-14,15.327869062530038,15.433215799319374,15.27519569413537,15.348938941955566,38028987.0
2020-09-15,15.37527465988549,15.454285376014347,15.30680021343216,15.338403701782227,34307091.0
2020-09-16,15.34367239374227,15.559632019980143,15.338404923569488,15.401613235473633,40870556.0
2020-09-17,15.354206414223189,15.40161231276892,15.248859677417308,15.312067985534668,41904600.0
2020-09-18,15.29626787332955,15.391079684660921,15.227792085070512,15.238327026367188,60721023.0
2020-09-21,15.169847502922014,15.180382440700974,14.88541349407246,15.080303192138672,60207576.0
2020-09-22,15.027635853345831,15.238328042481843,14.969696332689331,15.017102241516113,37268482.0
2020-09-23,15.038166136741864,15.111908047552944,14.664186452980596,14.679988861083984,57973723.0
2020-09-24,14.679990734356297,14.885416745238052,14.616783754215144,14.769535064697266,43760980.0
2020-09-25,14.701059284346947,14.806406024807806,14.616783754215144,14.769535064697266,47569731.0
2020-09-28,14.917022070616298,15.090843282644274,14.874883635281316,14.948625564575195,40415232.0
2020-09-29,14.938092289744723,14.964428313608611,14.816943121530414,14.906487464904785,33695138.0
2020-09-30,14.948626448691007,15.101379117170518,14.901220539864223,15.017102241516113,51752777.0
2020-10-01,15.022363310465698,15.08557161095071,14.927552854991674,15.006562232971191,37920022.0
2020-10-02,14.890684429355472,15.217256935174577,14.859079608661323,15.106642723083496,37996284.0
2020-10-05,15.006565679762693,15.14351592046155,14.938091224497914,15.101377487182617,44305806.0
2020-10-06,15.143514986931601,15.359474610444348,15.096109086144,15.122445106506348,51851282.0
2020-10-07,15.233056369974594,15.264661187254992,15.111908560906969,15.169849395751953,54847362.0
2020-10-08,15.282351400437909,15.449636677295185,15.239180962450668,15.438843727111816,42511786.0
2020-10-09,15.44963580760156,15.482013293582831,15.233783629816147,15.282350540161133,43291755.0
2020-10-12,15.271560283833537,15.271560283833537,15.115066575623985,15.17982292175293,67800584.0
2020-10-13,15.115062940039643,15.179819270592926,14.9369847344507,14.974760055541992,71511756.0
2020-10-14,14.95317672096254,15.082688041523117,14.829061875768609,14.834458351135254,64131912.0
2020-10-15,14.737323057167716,14.812870979309084,14.629396286040475,14.812870979309082,42483188.0
2020-10-16,14.829063769592555,14.877630691348553,14.742722878192216,14.748119354248047,38827756.0
2020-10-19,14.807477809407219,14.82366587327725,14.47290586522648,14.50528335571289,69017472.0
2020-10-20,14.564646059365952,14.634797529534787,14.386567782902556,14.440529823303223,55064895.0
2020-10-21,14.445923466385171,14.526869236602224,14.321808617413664,14.41894245147705,63219941.0
2020-10-22,15.01793427103846,15.379488643280052,14.947782804754286,15.26076889038086,118508460.0
2020-10-23,15.2985410565872,15.33091854487969,14.97476208542355,15.01253604888916,56442782.0
2020-10-26,14.91000563708791,14.920798587355252,14.618605519093377,14.775097846984863,54978438.0
2020-10-27,14.699550581243718,14.71574000737233,14.516075869438023,14.52686882019043,46561108.0
2020-10-28,14.408148767413117,14.505282596534904,14.27324097424314,14.300223350524902,64808211.0
2020-10-29,14.300226882965553,14.597023556155674,14.21928245961794,14.440529823303223,58489289.0
2020-10-30,14.42973849249787,14.59162734210588,14.402756109065445,14.58083438873291,64109669.0
2020-11-02,14.78589273583107,14.893818164415865,14.575436991756256,14.753515243530273,63620980.0
2020-11-03,14.845247330858289,15.001739623645085,14.78588748044988,14.818264961242676,44069208.0
2020-11-04,14.683361618748224,14.812872943627562,14.49449042560264,14.59162425994873,60219095.0
2020-11-05,14.67256932516814,15.028724429408058,14.667172849880922,14.845251083374023,46498086.0
2020-11-06,14.834456100019434,14.953174451831313,14.775096242740444,14.807475090026855,34735537.0
2020-11-09,15.239185079742388,15.5359817507493,15.19061815354175,15.271562576293945,93572376.0
2020-11-10,15.406468640652808,15.633113816098659,15.374091147802385,15.568357467651367,58510208.0
2020-11-11,15.633113358248176,15.64930142282606,15.34171320563578,15.503602027893066,52587691.0
2020-11-12,15.379488242443966,15.422658688896737,15.212201570036292,15.347110748291016,40346649.0
2020-11-13,15.417260403189315,15.643904198404805,15.363297010770529,15.600733757019043,36370545.0
2020-11-16,15.708661798867848,15.77341814750148,15.595339892192055,15.633113861083984,66132476.0
2020-11-17,15.53058518673188,15.71945641392102,15.47662178428547,15.66549301147461,37833830.0
2020-11-18,15.67627928679827,15.741034251952641,15.438841234824876,15.44423770904541,39135984.0
2020-11-19,15.384885119570608,15.384885119570608,15.169031518934457,15.26076889038086,54788444.0
2020-11-20,15.22838715502824,15.336313925294027,15.196009669046969,15.282350540161133,37358778.0
2020-11-23,15.320122890211186,15.48740814006366,15.298538356075067,15.44423770904541,36832091.0
2020-11-24,15.611524457893989,15.886736493090565,15.600731508416597,15.773414611816406,58266592.0
2020-11-25,15.800400319020149,15.805796795362806,15.595341031731943,15.643906593322754,32423701.0
2020-11-27,15.687078917551812,15.751833910290227,15.58454858917829,15.66549301147461,20720335.0
2020-11-30,15.579151658330462,15.66009607826623,15.487414285670843,15.514396667480469,57382822.0
2020-12-01,15.55217013537557,15.72485192237605,15.51439616481253,15.579151153564453,55682012.0
2020-12-02,15.552168952187497,15.757228217963307,15.53597952485793,15.697868347167969,39041053.0
2020-12-03,15.665487842534795,15.7788110865551,15.595336396424049,15.773414611816406,46284260.0
2020-12-04,15.848966026738806,16.059421774214393,15.816588533914818,15.940703392028809,49948562.0
2020-12-07,16.070213075619847,16.070213075619847,15.929910166876548,15.994665145874023,45853562.0
2020-12-08,15.913720833363628,16.690788762333298,15.897531407146891,16.626033782958984,97456992.0
2020-12-09,16.728564120930287,17.20883684457079,16.712376056111385,16.976795196533203,93587470.0
2020-12-10,16.766338571536583,16.78792447557805,16.447957388896707,16.561279296875,62270236.0
2020-12-11,16.420971292114828,16.777127726214662,16.399386755705283,16.733957290649414,41708913.0
2020-12-14,16.852679223670723,16.874265127406655,16.404786711361083,16.48573112487793,56451785.0
2020-12-15,16.534294371038012,16.56667185670005,16.340026731573502,16.501916885375977,44250331.0
2020-12-16,16.4749378914108,16.50731674646126,16.318444180239528,16.345426559448242,45926250.0
2020-12-17,16.21051563432331,16.253686070009053,15.94070007060088,15.983870506286621,81662996.0
2020-12-18,15.929906779634532,16.016246279023672,15.78960117523238,15.865150451660156,98528240.0
2020-12-21,15.638509354131763,15.762624204903457,15.514394503360068,15.65469741821289,63319903.0
2020-12-22,15.649301986312024,15.654698462281099,15.282353885133015,15.32552433013916,84593405.0
2020-12-23,15.379488846672004,15.611529153755457,15.379488846672004,15.514396667480469,52034656.0
2020-12-24,15.503603422130118,15.519791488163792,15.379488556388138,15.482017517089844,25358704.0
2020-12-28,15.611527659815764,15.627717087352298,15.379487374937325,15.406468391418457,55104218.0
2020-12-29,15.48201691740889,15.584547236885713,15.384884436729585,15.40107250213623,48481570.0
2020-12-30,15.401070254599116,15.476618182795738,15.341711752193035,15.374089241027832,45476487.0
2020-12-31,15.35250628877363,15.541377508288498,15.320128793719995,15.519791603088379,51135925.0
2021-01-04,15.859756810279539,15.913720199439377,15.66009267921202,15.886737823486328,86700816.0
2021-01-05,15.919116867664295,16.05402466082664,15.751830222965665,15.789604187011719,83054520.0
2021-01-06,15.870552754694321,16.188933949033903,15.848966849859629,16.097196578979492,73455520.0
2021-01-07,16.19972355652956,16.23749751944418,16.016248854304624,16.140363693237305,71265359.0
2021-01-08,16.09533476747986,16.133998705602156,15.879920600882311,16.029052734375,72471656.0
2021-01-11,15.874404661870653,16.029060489181834,15.841262931857724,15.946208953857422,40833484.0
2021-01-12,15.946204472185412,15.946204472185412,15.74736112226243,15.879923820495605,57515222.0
2021-01-13,15.902016555069004,15.907540175063481,15.725266294659882,15.802594184875488,51383116.0
2021-01-14,15.82468782198482,16.443313700466952,15.758405780435005,16.17818832397461,84548919.0
2021-01-15,15.990392497494195,16.178190007431315,15.918588223625818,16.111907958984375,53824704.0
2021-01-19,16.17266754128046,16.22790235311901,15.962776930118418,15.99039363861084,53971536.0
2021-01-20,16.01800945316737,16.023533073528334,15.874400903196861,15.995916366577148,43086270.0
2021-01-21,15.968299892484575,16.06219865848515,15.890971989256016,15.924112319946289,37102320.0
2021-01-22,15.913063718074952,16.045626412740493,15.78050102340941,15.979344367980957,45975370.0
2021-01-25,15.885448528957959,16.11743363584312,15.736316341916899,16.07876968383789,68733209.0
2021-01-26,16.073240754215533,16.481976018044666,16.05667129160227,16.432266235351562,66887024.0
2021-01-27,16.040105913190445,16.680826426145444,15.99591833970575,16.095340728759766,97381127.0
2021-01-28,16.03458035912117,16.41569900626506,15.896494034271576,15.907541275024414,69698670.0
2021-01-29,15.896494976354479,16.040104930091328,15.780503126136471,15.813643455505371,66272688.0
2021-02-01,15.98486831435964,16.00696279468183,15.647938648274694,15.824688911437988,56774709.0
2021-02-02,15.89649494011549,15.918589422880197,15.675557086736973,15.763932228088379,56673026.0
2021-02-03,15.747361183166506,15.852305781223507,15.714219462339859,15.747361183166504,53468813.0
2021-02-04,15.75287847866815,15.957246780395508,15.725261781475352,15.957246780395508,42001782.0
2021-02-05,16.006962467819733,16.056673652676,15.940680423060199,15.979344367980957,36503739.0
2021-02-08,16.001438886341994,16.01248473145055,15.80811776641966,15.890969276428223,42459356.0
2021-02-09,15.830215211601887,15.896495874082778,15.774980396298618,15.808120727539062,43411312.0
2021-02-10,15.819169971329977,15.830217214759308,15.730794813603259,15.769458770751953,55965612.0
2021-02-11,15.74735791235992,15.852302488619397,15.719739817407467,15.846778869628906,44673216.0
2021-02-12,15.797071657203288,15.929634361676461,15.7915494316805,15.907541275024414,38015880.0
2021-02-16,15.907541291429071,16.117431891681306,15.868877343607894,16.001440048217773,51239727.0
2021-02-17,15.918590476977213,16.426748270823847,15.907543234863335,16.332849502563477,67769867.0
2021-02-18,16.321798394016394,16.343892873010244,16.134000901982567,16.145048141479492,35751575.0
2021-02-19,16.178188062602057,16.200282541046196,16.00696143407375,16.018007278442383,39326772.0
2021-02-22,16.012485987137445,16.33284760203919,16.006963761576888,16.194761276245117,46173044.0
2021-02-23,16.377036758342776,16.46541190383115,16.078769596179193,16.117433547973633,62175305.0
2021-02-24,16.183713890675474,16.34389469669375,16.128479081881117,16.227901458740234,45852636.0
2021-02-25,16.10638698368284,16.161620401013103,15.79155036754401,15.813643455505371,77501929.0
2021-02-26,15.841258308843264,15.902016734614984,15.404906272888184,15.404906272888184,102619798.0
2021-03-01,15.554042391443394,15.71422182005744,15.476713092765854,15.515377044677734,58790102.0
2021-03-02,15.509856042406044,15.719746681426923,15.509856042406044,15.587183952331543,47299370.0
2021-03-03,15.56508705673284,15.97934461210809,15.56508705673284,15.86335277557373,75820581.0
2021-03-04,15.890970125578827,16.19476087164831,15.824689471971611,15.973821640014648,80437237.0
2021-03-05,16.02353115110079,16.426744230246417,16.00696168685946,16.360462188720703,77737336.0
2021-03-08,16.31627248071104,16.785766144799506,16.249991842753417,16.56482696533203,74116593.0
2021-03-09,16.515123328842726,16.647686048932012,16.354942503617885,16.37151336669922,63488580.0
2021-03-10,16.537210265325236,16.658725698149727,16.332843337627082,16.56482696533203,57977033.0
2021-03-11,16.520643528964037,16.570354717257782,16.29418346374776,16.31627655029297,48327854.0
2021-03-12,16.515121421192045,17.05089586068935,16.415699043895845,16.465410232543945,92827229.0
2021-03-15,16.58140561147848,16.60902232445842,16.39360805762389,16.531694412231445,56121050.0
2021-03-16,16.43226568941679,16.592445060192105,16.399123975584704,16.56482696533203,50311735.0
2021-03-17,16.63664021664768,16.697398658240708,16.465413529712855,16.653209686279297,52881354.0
2021-03-18,16.609020381328726,16.846530501497394,16.564832808818075,16.57588005065918,41438817.0
2021-03-19,16.57588007030562,16.603496780087344,16.360465828417606,16.437793731689453,97559734.0
2021-03-22,16.448835151479557,16.57587420327606,16.338366956599096,16.56482696533203,41525936.0
2021-03-23,16.542735851031196,16.71948609973605,16.465407965936183,16.57035255432129,48880756.0
2021-03-24,16.559304741213293,16.730531349932637,16.55378112224128,16.56482696533203,44403518.0
2021-03-25,16.570354440240962,16.675300435423715,16.46540983991181,16.61454200744629,49001902.0
2021-03-26,16.725013914789155,16.90176420783134,16.614544284210893,16.74158477783203,83378238.0
2021-03-29,16.791294053032413,16.929380378046478,16.691871675845704,16.879669189453125,49355145.0
2021-03-30,16.90728211303932,16.979087767096154,16.791290295513647,16.97356414794922,46516092.0
2021-03-31,16.9293839986461,16.9293839986461,16.680828002521945,16.719491958618164,59981040.0
2021-04-01,16.702919376178556,16.83548349038102,16.586927519818634,16.829959869384766,42999548.0
2021-04-05,16.91281131284176,17.034326789610365,16.901764070902676,16.962522506713867,50996905.0
2021-04-06,16.96251882502051,17.111652374267578,16.95147158547921,17.111652374267578,44574314.0
2021-04-07,17.12822344085799,17.205551335173173,17.01223159938522,17.084035873413086,53821262.0
2021-04-08,17.117070524617983,17.139666580073172,16.908049521961726,16.947593688964844,66037678.0
2021-04-09,16.975843234327144,17.054931580878716,16.896753461166625,16.97019386291504,44111311.0
2021-04-12,16.95324275517608,17.037980458177284,16.89110253383317,16.924997329711914,32913051.0
2021-04-13,16.868504308320297,16.868504308320297,16.67078348557267,16.73857307434082,54794270.0
2021-04-14,16.72162644146425,16.83461100153997,16.552151027959418,16.795066833496094,41425180.0
2021-04-15,16.823310743305445,16.85720553762847,16.766818468361315,16.806364059448242,35073819.0
2021-04-16,16.896750281665327,16.96454129924524,16.85720611583066,16.919347763061523,39935944.0
2021-04-19,16.947595400749673,16.992788942833524,16.84026162993107,16.941946029663086,39439974.0
2021-04-20,16.93064962973306,16.958895060084696,16.862858599636617,16.885456085205078,35799239.0
2021-04-21,16.924995506201736,17.083172154332935,16.89674865717221,17.009733200073242,45489198.0
2021-04-22,17.681997980838208,18.015300996844697,17.59725881364963,17.715892791748047,143684584.0
2021-04-23,17.783676486276317,17.913607729876002,17.738481521606445,17.738481521606445,53428961.0
2021-04-26,17.727187063751085,17.727187063751085,17.45037642019299,17.461673736572266,60190761.0
2021-04-27,17.4221277879857,17.444725271660246,17.30349527852079,17.382583618164062,44211273.0
2021-04-28,17.495569033668804,17.597253435320045,17.456024861925172,17.489919662475586,37193014.0
2021-04-29,17.585953531281902,17.811921212708732,17.57465479055839,17.704586029052734,50944740.0
2021-04-30,17.715889470259757,17.75543364667546,17.540764649014907,17.7441349029541,41484362.0
2021-05-03,17.953157239040827,17.992701418284,17.77803240527429,17.794979095458984,49589228.0
2021-05-04,17.851470991047208,18.122632294011186,17.823225556966882,18.08873748779297,68700639.0
2021-05-05,18.083086403888498,18.179122867923457,17.970103251653192,18.094385147094727,41937965.0
2021-05-06,18.100033812900804,18.314702792403327,17.91361026370345,18.309053421020508,38556072.0
2021-05-07,18.190419367780876,18.280806449065654,18.111331028308896,18.167821884155273,38330065.0
2021-05-10,18.26386318031733,18.58586884773213,18.22431900009337,18.433340072631836,54262286.0
2021-05-11,18.35424690485953,18.455932736196623,18.122629811973454,18.224315643310547,44221335.0
2021-05-12,18.162172141600404,18.246909850244812,18.037890264029187,18.060487747192383,41682300.0
2021-05-13,17.981399317852695,18.275158061133165,17.88536428710485,18.196069717407227,35838562.0
2021-05-14,18.26385751191487,18.3881408130279,18.20171586135836,18.213014602661133,28044703.0
2021-05-17,18.930464972229426,19.139485998621883,17.64809623791375,17.72153663635254,227010260.0
2021-05-18,16.87980773127328,16.947597338846922,16.32053704905012,16.693384170532227,327097378.0
2021-05-19,16.410923636407684,16.484362613444485,16.196254650246367,16.36008071899414,162369932.0
2021-05-20,16.38832790307509,16.778123169401876,16.331835608061056,16.74422836303711,108488825.0
2021-05-21,16.953243255615234,17.083174499159732,16.86850555011268,16.953243255615234,98754380.0
2021-05-24,16.975839457672006,17.037979676162788,16.79506531913769,16.806364059448242,63020282.0
2021-05-25,16.78376924072852,16.80636672493358,16.512607989920944,16.676435470581055,77290883.0
2021-05-26,16.665138738478046,16.744227089516972,16.59734770429538,16.693384170532227,43765747.0
2021-05-27,16.74987100011094,16.89110096755318,16.704677467593765,16.78376579284668,62823932.0
2021-05-28,16.78376794890149,16.78376794890149,16.59169505437754,16.625591278076172,54191320.0
2021-06-01,16.642538196138208,16.682082364397743,16.50695757927319,16.56344985961914,52162290.0
2021-06-02,16.552151063839563,16.744223960419397,16.46741335690346,16.727275848388672,53003692.0
2021-06-03,16.64254074790315,16.704682408472618,16.490011995564817,16.512609481811523,60788150.0
2021-06-04,16.518255341893692,16.574747618892253,16.490008490090073,16.535202026367188,45228105.0
2021-06-07,16.552153113819845,16.569101227949588,16.388325623725795,16.42786979675293,43812219.0
2021-06-08,16.39962337351005,16.40527274454457,16.230147948909796,16.37137794494629,81796720.0
2021-06-09,16.354429937731094,16.484361192539794,16.31488576684226,16.388324737548828,38698004.0
2021-06-10,16.38832329467529,16.546501390913043,16.382673924101574,16.484359741210938,46019327.0
2021-06-11,16.50695757927319,16.58039654509679,16.456114669622714,16.56344985961914,41163954.0
2021-06-14,16.51260913700632,16.54085456761592,16.360080387852985,16.43351936340332,36006312.0
2021-06-15,16.41657161645035,16.552152242524613,16.40527287429195,16.54085350036621,34705350.0
2021-06-16,16.540850618365077,16.574746838934367,16.377023165439343,16.416568756103516,40251454.0
2021-06-17,16.40527523980638,16.467416904029086,16.218851673747317,16.23579978942871,47283350.0
2021-06-18,16.173654948007158,16.252743285765856,16.04937307058509,16.184953689575195,86995009.0
2021-06-21,16.22449760689567,16.35442885308719,16.196252180022302,16.343130111694336,44495668.0
2021-06-22,16.34878324742257,16.382678052798145,16.252746776684194,16.25839614868164,41524215.0
2021-06-23,16.269691398117914,16.337480994308574,16.179304318791175,16.184953689575195,31479689.0
2021-06-24,16.218852165420675,16.29229114904821,16.162359871379206,16.26404571533203,47503266.0
2021-06-25,16.21319477481091,16.354424726762065,16.190598724335093,16.32052993774414,37039297.0
2021-06-28,16.331835131430235,16.331835131430235,16.241449459298398,16.25839614868164,35873515.0
2021-06-29,16.269697344938177,16.405278013485063,16.184959605422534,16.190608978271484,42715947.0
2021-06-30,16.19060653793049,16.303589698052104,16.184957165933042,16.25839614868164,43623814.0
2021-07-01,16.320534708884942,16.50695824289514,16.303586596117174,16.44481658935547,34947642.0
2021-07-02,16.44481844968038,16.580399087333685,16.439169078118706,16.512609481811523,37964376.0
2021-07-06,16.54085174953624,16.56909860194235,16.354428230090736,16.393972396850586,53233538.0
2021-07-07,16.399622392049835,16.42221987483554,16.303585943428114,16.343130111694336,44484282.0
2021-07-08,16.35960990603712,16.417477900274267,16.2554437168046,16.307527542114258,52985421.0
2021-07-09,16.34803816759522,16.515858006477764,16.342251075028646,16.463775634765625,45214865.0
2021-07-12,16.40012184973862,16.539007698272815,16.33646528780694,16.481138229370117,35588988.0
2021-07-13,16.48113798623357,16.562154364669883,16.33067795386106,16.3596134185791,38431218.0
2021-07-14,16.35382843017578,16.411697905671865,16.295958954679694,16.35382843017578,42322852.0
2021-07-15,16.342253803610046,16.49271385130142,16.32489252301161,16.452205657958984,36102832.0
2021-07-16,16.492710335506867,16.5679396126221,16.376971412297486,16.40011978149414,34673177.0
2021-07-19,16.267021646673047,16.319104022591034,15.914020662702095,16.08184051513672,76367393.0
2021-07-20,16.035547677344557,16.30753378447458,16.000826575234022,16.15128517150879,46026477.0
2021-07-21,16.249664954980084,16.376976642056054,16.116564712369513,16.14550018310547,40798133.0
2021-07-22,16.353826625145317,16.405909001204545,16.052906554889134,16.209152221679688,48904588.0
2021-07-23,16.18600401840619,16.32488985634497,16.168642740643712,16.29016876220703,40029948.0
2021-07-26,16.24965808649032,16.342248630933902,16.20914844458281,16.307527542114258,48400144.0
2021-07-27,16.20915329586086,16.434844094203104,16.133924004004935,16.31910514831543,45261337.0
2021-07-28,16.290170062986896,16.37118644290697,16.122348748710017,16.209152221679688,42069835.0
2021-07-29,16.31331773826234,16.463777780441195,16.26702245308325,16.371187210083008,42129018.0
2021-07-30,16.417482856830823,16.43484413717554,16.20915333824318,16.232301712036133,49652913.0
2021-08-02,16.342251925090864,16.521645958437954,16.220725897645547,16.26702117919922,43086667.0
2021-08-03,16.24966124689631,16.34803890217449,16.15128213023105,16.313316345214844,37982515.0
2021-08-04,16.22650989569059,16.272805168414536,16.093411169282604,16.116558074951172,38980149.0
2021-08-05,16.128135761657166,16.20915214117486,16.122348668636313,16.168643951416016,27837762.0
2021-08-06,16.15128418245889,16.255448943799152,16.15128418245889,16.180219650268555,30562686.0
2021-08-09,16.18600171473049,16.203361528635213,16.093411169282604,16.116558074951172,33359504.0
2021-08-10,16.09920361104469,16.267023482417905,16.070268142609795,16.255449295043945,29472770.0
2021-08-11,16.249664183065317,16.330680574502615,16.214941619831613,16.29595947265625,27142927.0
2021-08-12,16.31910386828266,16.33067805424102,16.174430927964494,16.21493911743164,25167519.0
2021-08-13,16.226512875589876,16.3538259950011,16.203364504283446,16.313316345214844,29052135.0
2021-08-16,16.28438404910402,16.37118752782616,16.19179347694877,16.31910514831543,27148223.0
2021-08-17,16.24966124689631,16.359613087827707,16.20915159711005,16.313316345214844,26361502.0
2021-08-18,16.238088320705916,16.29017069879794,16.087628279705317,16.10498809814453,36599729.0
2021-08-19,16.087627397620658,16.116561401024356,15.914020454424245,15.931380271911621,49881700.0
2021-08-20,15.925594295448679,16.110775437543904,15.873513377948209,15.954529762268066,36754240.0
2021-08-23,15.983461887931051,16.04133135337675,15.914019698505845,15.925592422485352,37017584.0
2021-08-24,15.93138325787409,15.948744540002538,15.838792675963798,15.885087966918945,38782343.0
2021-08-25,15.885084038228179,15.925592225122044,15.821428942275114,15.87351131439209,29708309.0
2021-08-26,15.856151326468053,15.867725512632733,15.630462003192497,15.636247634887695,49257302.0
2021-08-27,15.647820163647468,15.740410720383508,15.55522960691143,15.699902534484863,42686157.0
2021-08-30,15.694116837915002,15.798281588854636,15.653608648413393,15.757773399353027,40268666.0
2021-08-31,15.734626616759046,15.914020655176643,15.694116965540893,15.867725372314453,52696392.0
2021-09-01,15.8792987506035,15.89087147469,15.705690352661327,15.734625816345215,37546257.0
2021-09-02,15.728838629211243,16.128134873169035,15.71726444380715,15.995036125183105,80611740.0
2021-09-03,15.995036239728341,16.05869279851967,15.8098551174849,15.94874095916748,35800298.0
2021-09-07,15.896659376083148,15.942954658945338,15.838789907158628,15.867725372314453,34935329.0
2021-09-08,15.890874060798398,16.052908299636748,15.890874060798398,15.971890449523926,37976292.0
2021-09-09,15.954528845007667,16.012398313932188,15.861938279283287,15.867725372314453,39806590.0
2021-09-10,15.902447787723577,15.9082348812346,15.71726664091985,15.728840827941895,38245594.0
2021-09-13,15.821429138347543,16.05869263142657,15.81564204566427,15.925592422485352,51168760.0
2021-09-14,15.942954014248604,15.977675109644423,15.769347075882443,15.815642356872559,38046729.0
2021-09-15,15.827218092424403,16.00082504779187,15.804069718968892,15.954529762268066,44541081.0
2021-09-16,15.9487435361969,16.052908299636748,15.879301334828531,15.971890449523926,38041698.0
2021-09-17,15.867725172146061,16.1686437762607,15.867725172146061,15.931380271911621,89996517.0
2021-09-20,15.809856170881831,15.83879017514007,15.589952477525461,15.746199607849121,64631457.0
2021-09-21,15.80406770305286,15.873511353174168,15.589951121450271,15.60152530670166,47120101.0
2021-09-22,15.636249232445008,15.74620108946898,15.618889412811475,15.630463600158691,41950675.0
2021-09-23,15.659395072154156,15.792493820938885,15.636246701207046,15.734625816345215,45047776.0
2021-09-24,15.711476719423615,15.844575462058298,15.682542718463724,15.699902534484863,32406489.0
2021-09-27,15.723051876274123,16.000823563652542,15.717264783447021,15.85615062713623,42571764.0
2021-09-28,15.879295387859239,16.05290228764978,15.734622484238207,15.763556480407715,43597466.0
2021-09-29,15.786708435985165,15.954528282422807,15.723051876274123,15.85615062713623,41619543.0
2021-09-30,15.902448234494527,15.91980951551535,15.630463600158691,15.630463600158691,58751838.0
2021-10-01,15.705695708040777,15.856155786340207,15.630466399584837,15.717269897460938,41759490.0
2021-10-04,15.763561051341926,15.890872717345562,15.676757576276392,15.76934814453125,57892430.0
2021-10-05,15.798281637042004,15.902446388299358,15.723052350793429,15.827217102050781,42649350.0
2021-10-06,15.775136465905153,15.821431753636933,15.607315134510392,15.804070472717285,73923686.0
2021-10-07,16.02875642721949,16.165297351411706,16.010946154819177,16.082185745239258,64402935.0
2021-10-08,16.064376252433185,16.099995299781206,15.88034125957569,15.89221477508545,51635868.0
2021-10-11,15.844718071710153,15.892210622157252,15.452905654907227,15.452905654907227,85460890.0
2021-10-12,15.446972216751904,15.45290897423063,15.055158216605495,15.09671401977539,101515979.0
2021-10-13,15.007665909743185,15.114523048623695,14.847377952650609,15.019537925720215,80546996.0
2021-10-14,15.061090669398071,15.322300453899214,15.049218655833261,15.209505081176758,75032669.0
2021-10-15,15.251064165503617,15.399480108469161,15.227318634072365,15.257000923156738,63061723.0
2021-10-18,15.173886792011272,15.227316102826538,15.0076636020802,15.037345886230469,59807596.0
2021-10-19,15.114524578206227,15.197636194362326,15.00173067033191,15.19170093536377,46242686.0
2021-10-20,15.203569878971459,15.488526718093413,15.173887593253845,15.381668090820312,63927222.0
2021-10-21,15.50633599233502,15.607256356960493,15.197632145136625,15.292618751525879,73916007.0
2021-10-22,15.292621717184248,15.31636724900075,15.120460239994287,15.132333755493164,49159193.0
2021-10-25,15.096710942319705,15.233251838953057,15.031408122546852,15.221378326416016,65704956.0
2021-10-26,15.215444525805523,15.257000328576668,15.04922131472095,15.0610933303833,48187774.0
2021-10-27,15.07296790212792,15.126397223488988,14.86518887370295,14.877060890197754,52952056.0
2021-10-28,14.918614897515628,15.22137898606495,14.894867871412421,15.167949676513672,70281362.0
2021-10-29,15.061091808244761,15.150140162209198,14.930487655708989,14.995790481567383,71775496.0
2021-11-01,15.114522647997962,15.185762237877897,15.04922131472095,15.0610933303833,53318010.0
2021-11-02,15.078905364329797,15.126397930071295,14.918618891940579,14.977983474731445,45810003.0
2021-11-03,14.912681314080478,15.037348730105984,14.906744556291464,14.9483003616333,48160500.0
2021-11-04,14.918616233769164,14.98985432009767,14.568356562459888,14.722707748413086,83532616.0
2021-11-05,14.752391993480758,15.025473831552818,14.740518478995593,14.900806427001953,58867158.0
2021-11-08,14.877061282256964,14.918618588218402,14.68115426516401,14.77020263671875,61161253.0
2021-11-09,14.734582887840377,14.75239316097762,14.592105200286154,14.669280052185059,60057567.0
2021-11-10,14.65740535170104,14.918616673203235,14.639596579184888,14.811758041381836,62271427.0
2021-11-11,14.835506845162657,14.90080968994982,14.770204000375493,14.793951034545898,40223517.0
2021-11-12,14.811758176048608,14.88893302240955,14.788011146903004,14.805821418762207,36217358.0
2021-11-15,14.823629620029365,14.871123676489802,14.687088705248833,14.722707748413086,53290206.0
2021-11-16,14.716772745345226,14.776138823815128,14.621787619465884,14.63959789276123,48162354.0
2021-11-17,14.621787619465884,14.675216940170671,14.58023181429133,14.63959789276123,42762155.0
2021-11-18,14.621785799441252,14.657404842417064,14.479308128356932,14.479308128356934,49734868.0
2021-11-19,14.437752690048825,14.449626204398573,14.224036927658883,14.324958801269531,66821750.0
2021-11-22,14.307149026480685,14.758329094805873,14.2893387543377,14.663342475891113,71414574.0
2021-11-23,14.657404912227928,14.83550312631738,14.657404912227928,14.698962211608887,58975991.0
2021-11-24,14.645535177877667,14.67521746859078,14.50305748392837,14.526803016662598,44597748.0
2021-11-26,14.283402329228654,14.437753527181687,14.253720040814343,14.378387451171875,38851588.0
2021-11-29,14.396196155404564,14.402132912276914,14.158733376415753,14.182478904724121,69449493.0
2021-11-30,14.034065947893753,14.057812977866194,13.386978870500139,13.553203582763672,184492383.0
2021-12-01,13.654126923559783,13.772859087770778,13.19107328215452,13.197010040283203,106323952.0
2021-12-02,13.226692445016237,13.808476690491025,13.226692445016237,13.683809280395508,105952835.0
2021-12-03,13.665997728674743,13.968761838904067,13.600694901395727,13.927206039428711,93399859.0
2021-12-06,14.004379306964056,14.212159757918762,13.79066210036142,13.820345878601074,78265347.0
2021-12-07,13.832221400760002,13.873777201659935,13.636315910569193,13.701617240905762,82646331.0
2021-12-08,13.665999431161618,13.992510609870806,13.642252400399594,13.755047798156738,64794044.0
2021-12-09,13.671935749897493,13.695681280715903,13.464155234125775,13.61850643157959,68283976.0
2021-12-10,13.642250851577835,13.683808150693325,13.50570993774156,13.559139251708984,52988731.0
2021-12-13,13.481966123913788,13.535395444678018,13.232628294226538,13.321678161621094,87574921.0
2021-12-14,13.2919929873262,13.49383673380133,13.208881385547418,13.232626914978027,102318985.0
2021-12-15,13.226692182989098,13.297930273294934,13.072340988418237,13.161389350891113,93643342.0
2021-12-16,13.446346628620372,14.182482162151544,13.446346628620372,14.075623512268066,150436190.0
2021-12-17,14.12905093262124,14.152797962363758,13.820350040236697,14.117178916931152,142867941.0
2021-12-20,14.265590573876135,14.419940240383834,14.099365895631312,14.360575675964355,102088344.0
2021-12-21,14.43775464534195,14.734583549198314,14.366516547957955,14.526803016662598,96523307.0
2021-12-22,14.508993196022475,14.746456002153733,14.390261043366246,14.710835456848145,67746697.0
2021-12-23,14.752398216651114,14.853320133985802,14.728651177663304,14.76427173614502,57348266.0
2021-12-27,14.764266274806527,14.89487044338342,14.621787091946572,14.710835456848145,67853676.0
2021-12-28,14.687092239641343,14.912683065391688,14.657408447210278,14.73458480834961,55695649.0
2021-12-29,14.728643652269096,14.793946476938258,14.603974759644423,14.627721786499023,44728560.0
2021-12-30,14.645534122150298,14.81175883603278,14.639597364599368,14.710835456848145,53706074.0
2021-12-31,14.675215838346242,14.740518669678282,14.586167476917824,14.603976249694824,59608069.0
2022-01-03,14.710835277926524,15.185762383593904,14.710835277926524,15.09671401977539,76970210.0
2022-01-04,15.227315082684536,15.36385597931789,15.102647698588225,15.221378326416016,72918108.0
2022-01-05,15.435096921424005,15.921895986717526,15.435096921424005,15.559765815734863,125367971.0
2022-01-06,15.856596902467016,15.904089468843264,15.399481513288643,15.50040340423584,93758133.0
2022-01-07,15.798246518272883,16.1701841948724,15.71288248546421,16.029945373535156,98164670.0
2022-01-10,16.090917086842456,16.243350969555024,15.975068444624554,16.13359832763672,77030717.0
2022-01-11,16.24944810545625,16.298226885119657,15.938482807683476,16.0604305267334,60054124.0
2022-01-12,16.023848868723718,16.16408768565268,15.944582379306123,16.12750244140625,48477730.0
2022-01-13,16.1579898985747,16.50553893513547,16.048237247074884,16.340909957885742,65005487.0
2022-01-14,16.231161544905557,16.60310084105165,16.139701491366644,16.572614669799805,72617163.0
2022-01-18,16.590904479340765,16.749435945168813,16.407984386345547,16.651878356933594,80247772.0
2022-01-19,16.737236632848013,16.75552925343901,16.328713757912073,16.633583068847656,67442309.0
2022-01-20,16.54211945927235,16.71284594431936,16.438464368312147,16.475048065185547,55659239.0
2022-01-21,16.365294474182026,16.46285355975577,16.127498148788934,16.225055694580078,79715392.0
2022-01-24,15.968970507337362,16.20676686572362,15.725075069237516,16.0604305267334,102910548.0
2022-01-25,15.950678785161289,16.225058858789996,15.67019963147577,16.145793914794922,115467364.0
2022-01-26,16.45065657070009,16.45065657070009,14.670229257149819,14.786079406738281,188252808.0
2022-01-27,14.67023238888414,14.956807515061383,14.365364643672402,14.706817626953125,116707158.0
2022-01-28,14.676334138633338,15.389724928664263,14.597069179644654,15.371432304382324,102063320.0
2022-01-31,15.225094539294727,15.57264359043501,15.011686767957501,15.54825496673584,129691758.0
2022-02-01,14.749500230328144,14.999490141578804,14.706818988412595,14.889739036560059,172591344.0
2022-02-02,14.761692281542192,15.060462484587333,14.676329806324363,14.962904930114746,93834925.0
2022-02-03,14.93851872073966,15.188510186868259,14.901935016857738,14.975102424621582,63825671.0
2022-02-04,14.94461682456519,14.962907907303991,14.621456398710885,14.682430267333984,69719192.0
2022-02-07,14.658042405993514,14.682431030841174,14.414146918818203,14.590970993041992,73169536.0
2022-02-08,14.56048222497287,14.70681856725682,14.523896984564747,14.597065925598145,42150732.0
2022-02-09,14.639747342268324,14.96900373141932,14.621454721844376,14.938517570495605,53029907.0
2022-02-10,14.914123093297304,15.029973242885767,14.761689253232323,14.786079406738281,58431827.0
2022-02-11,14.798280775556378,14.914129434619989,14.639749329709094,14.712918281555176,60084576.0
2022-02-14,14.65804029998937,14.798279107118082,14.53609257392264,14.664137840270996,57458290.0
2022-02-15,14.737303502304867,14.914125990442054,14.70071980472178,14.840958595275879,43586610.0
2022-02-16,14.737304727814074,14.840959829404728,14.499508364075512,14.597065925598145,60662502.0
2022-02-17,14.5299954677067,14.60316441348915,14.389756656388526,14.487314224243164,61712434.0
2022-02-18,14.456825133300658,14.609260550687441,14.35926757481673,14.554384231567383,62595410.0
2022-02-22,14.493411511378472,14.69462418403456,14.37146378380021,14.481216430664062,62168288.0
2022-02-23,14.511700452990159,14.590966926163462,14.27390411303563,14.334877967834473,50233222.0
2022-02-24,13.999525674029996,14.200736800201975,13.810506548600545,14.164153099060059,92965719.0
2022-02-25,14.298294350604635,14.700721221945445,14.292196810455835,14.578773498535156,59026965.0
2022-02-28,14.383660566556767,14.481218144250356,14.273907906705702,14.444634437561035,62788449.0
2022-03-01,14.3958529207044,14.487312939987605,14.127568862995226,14.34707260131836,57663378.0
2022-03-02,14.36536763309483,14.664139440585343,14.347075010253656,14.52389907836914,45624775.0
2022-03-03,14.60316365913036,14.694623681796644,14.438534694461328,14.578773498535156,49218641.0
2022-03-04,14.45072913320536,14.566577771540775,14.292196175940482,14.554384231567383,48190952.0
2022-03-07,14.432438597109726,14.554386332711017,14.316588402266804,14.371464729309082,50113532.0
2022-03-08,14.33488062208053,14.408048029560662,14.02391529083252,14.02391529083252,67277074.0
2022-03-09,14.200736606553145,14.340976948620025,14.145861825480004,14.182445526123047,58010928.0
2022-03-10,14.158054911935976,14.158054911935976,13.987329954553273,14.139763832092285,53623059.0
2022-03-11,14.389755268073639,14.450729127045802,14.1153736725903,14.139763832092285,72142244.0
2022-03-14,14.158056421945608,14.17025150299725,13.90806649908469,13.9568452835083,65683375.0
2022-03-15,14.011717364268613,14.145860150379823,13.969036128608742,14.078788757324219,47089252.0
2022-03-16,14.1153736725903,14.200736151281651,14.00562257417976,14.139763832092285,49791138.0
2022-03-17,14.097082592746608,14.188542611313457,13.987329954553273,14.139763832092285,41109008.0
2022-03-18,14.145861765173823,14.237321786282942,14.036109123929743,14.158055305480957,89500414.0
2022-03-21,14.158057017288233,14.334881080623582,14.078792066685404,14.12147331237793,50990418.0
2022-03-22,14.182446167309424,14.322684975933635,14.133667384319136,14.151958465576172,39631954.0
2022-03-23,14.151958465576172,14.298294814547033,14.127569843972486,14.151958465576172,38180320.0
2022-03-24,14.17025089754906,14.237322300684397,14.121472115209606,14.225127220153809,37218434.0
2022-03-25,14.267805873082196,14.536089897155762,14.2251246387533,14.536089897155762,42137094.0
2022-03-28,14.633649170417025,14.676330409780892,14.456825133300658,14.554384231567383,50968704.0
2022-03-29,14.597065872025334,14.670233273007353,14.5421895513974,14.627552032470703,43979838.0
2022-03-30,14.664136528701889,14.725108846498953,14.584870051913283,14.719011306762695,42385080.0
2022-03-31,14.633651481752272,14.719013973962722,14.401951088919562,14.408048629760742,69574611.0
2022-04-01,14.462925649804987,14.633652182180622,14.261712951547292,14.62145709991455,53381429.0
2022-04-04,14.54218981505618,14.75559756139149,14.371463310031357,14.743402481079102,47195569.0
2022-04-05,14.615355360266099,14.725106438220783,14.542186435180465,14.566575050354004,43936808.0
2022-04-06,14.499508370691272,14.719012114325928,14.389755728982522,14.651942253112793,49327209.0
2022-04-07,14.578774447436428,14.621455691473201,14.389756849652308,14.469021797180176,62815724.0
2022-04-08,14.432436177855095,14.779985164342524,14.35316970106649,14.719011306762695,73121078.0
2022-04-11,15.24970132055278,15.960117089961363,15.217410534552123,15.847095489501953,157485300.0
2022-04-12,15.943969060483528,16.242666879880503,15.750219747813597,15.790583610534668,104795900.0
2022-04-13,15.657924503918476,15.960927385073916,15.584220762668075,15.903602600097656,64100500.0
2022-04-14,15.821703869369948,16.042815016099187,15.731621203224844,16.001869201660156,52731100.0
2022-04-18,15.911787771367575,16.026437310287733,15.797138232447416,15.936354637145996,54812700.0
2022-04-19,15.960921287536621,16.08376028869813,15.879028099434732,15.960921287536621,57496000.0
2022-04-20,15.985491709053958,16.042816479290007,15.805326360331705,15.911787986755371,48751400.0
2022-04-21,16.116521049550332,16.665203476651303,16.07557366723956,16.550552368164062,81259800.0
2022-04-22,16.419521090448782,16.419521090448782,15.969110895122993,15.985489845275879,68483600.0
2022-04-25,16.19022617914208,16.288496781240468,15.64973318165178,15.977304458618164,71861400.0
2022-04-26,15.928165118894022,16.091949934857134,15.805324554443361,15.80532455444336,50825900.0
2022-04-27,15.748003337702736,15.854464975940797,15.551460577089793,15.616974830627441,66767000.0
2022-04-28,15.764384595733924,16.04282060446139,15.641545547644334,15.903602600097656,67479400.0
2022-04-29,15.85446316960471,15.862652645611746,15.40405136111472,15.444998741149902,70195400.0
2022-05-02,15.559647737063623,15.87902948025307,15.444998200940802,15.657919883728027,67551600.0
2022-05-03,15.707056001234516,16.116520436878865,15.592406459088615,15.82989501953125,62675300.0
2022-05-04,15.788952518737297,16.36220191191545,15.73162617363461,16.337635040283203,60771800.0
2022-05-05,16.165659128941524,16.37039138978726,16.11652382369384,16.337635040283203,55503900.0
2022-05-06,16.214791906056494,16.468660994551055,16.10014235769311,16.403146743774414,51506800.0
2022-05-09,16.36219903330941,16.41133589189562,15.944545107224085,16.010059356689453,51563300.0
2022-05-10,16.100143552771957,16.25574049565971,15.756193320168176,15.85446548461914,42465900.0
2022-05-11,15.96911275699142,16.100141249526054,15.797138446283274,15.911787986755371,50074200.0
2022-05-12,15.88722162164917,16.165657594936448,15.879032144554479,16.14927864074707,52687000.0
2022-05-13,16.165653959112976,16.263926100163786,16.00186914000522,16.247547149658203,34107300.0
2022-05-16,16.321252319856,16.689769367185743,16.11652010623409,16.607877731323242,40027000.0
2022-05-17,16.706151346023102,16.927262551672253,16.575122830523558,16.845369338989258,42938400.0
2022-05-18,16.796233351998126,16.89450395362829,16.485039468875485,16.566932678222656,43342800.0
2022-05-19,16.31306379869327,16.65701400018915,16.304874322231118,16.550552368164062,41588100.0
2022-05-20,16.550553119057167,16.722529008599057,16.452282521018656,16.70615005493164,47415800.0
2022-05-23,16.812612381088556,17.123804703613107,16.722529694207452,16.984586715698242,46775100.0
2022-05-24,17.033718306651792,17.385857938324857,16.86993348488522,17.328533172607422,49841200.0
2022-05-25,17.295776126602828,17.50050831693581,17.2466392762954,17.44318199157715,40179400.0
2022-05-26,17.50869759378775,17.631538167141933,17.418616485172866,17.459562301635742,28495500.0
2022-05-27,17.451373040842274,17.533266236759236,17.320344552168255,17.434995651245117,34169600.0
2022-05-31,17.35310245532816,17.549645188339184,17.172937111914287,17.434995651245117,61515300.0
2022-06-01,17.55783756865248,17.582404438103612,17.295780547953395,17.37767219543457,35928900.0
2022-06-02,17.41042649649879,17.41042649649879,17.14836953009902,17.35310173034668,27085200.0
2022-06-03,17.24664051630456,17.32034423508224,17.033718835611566,17.115612030029297,27796900.0
2022-06-06,17.131989885217035,17.238449937760908,17.058286171154865,17.14836883544922,22002900.0
2022-06-07,17.115615811755358,17.353105971842375,17.009155728877698,17.312158584594727,24977700.0
2022-06-08,17.2712089065189,17.361291576385227,17.189315712275214,17.23845100402832,20732900.0
2022-06-09,17.21388472797545,17.32853426664875,17.09104571339937,17.099233627319336,24934500.0
2022-06-10,16.935450278628906,17.074668257204983,16.894502895528323,16.943639755249023,33572700.0
2022-06-13,16.706147479514417,16.779851197672645,16.116519296231353,16.18203353881836,56215900.0
2022-06-14,16.280301550493746,16.345815782733826,15.80532297625754,15.928163528442383,42638300.0
2022-06-15,16.05100856295472,16.14108968996751,15.707058323677721,15.9199800491333,38941900.0
2022-06-16,15.788947367806445,15.797136843006552,15.289400314478703,15.526888847351074,67896400.0
2022-06-17,15.674296398578354,15.90359702001206,15.559646868852848,15.87083911895752,97645400.0
2022-06-21,16.091951961266307,16.419523196425214,15.944544514949085,16.3458194732666,49307700.0
2022-06-22,16.255736663495874,16.828985874707744,16.23116823767918,16.64063262939453,46607400.0
2022-06-23,16.73072057431279,17.01734605134665,16.444095097278932,16.878128051757812,51713600.0
2022-06-24,16.951823487624253,17.24663673613414,16.79622660853304,17.189311981201172,47641700.0
2022-06-27,17.156559577054782,17.230263296557727,16.92725894282531,17.01734161376953,32339900.0
2022-06-28,17.140185095223107,17.246645183387184,16.869938573901624,16.878128051757812,26754000.0
2022-06-29,16.92726024594531,17.213885670301885,16.82080017734693,17.15656089782715,26585700.0
2022-06-30,17.025532730784608,17.320346075234184,16.99277482474414,17.164749145507812,37655700.0
2022-07-01,17.17293810886292,17.516888302095417,17.09104647017466,17.451374053955078,32762500.0
2022-07-05,17.30396732855426,17.3531041882009,17.01734345719697,17.33672523498535,36960500.0
2022-07-06,17.33672204828516,17.385857336917184,17.107421431364617,17.271207809448242,27645000.0
2022-07-07,17.336723876859207,17.45956289238692,17.222074337297716,17.320344924926758,27015400.0
2022-07-08,17.368476852003088,17.47635489221488,17.219106040334925,17.260597229003906,22366300.0
2022-07-11,17.185909900457727,17.31038661811335,17.119523056342096,17.144418716430664,23326400.0
2022-07-12,17.119521455344383,17.310384999266297,16.970152257143457,17.094627380371094,26448000.0
2022-07-13,16.97015380859375,17.09462894320119,16.78758880056811,16.97015380859375,25213100.0
2022-07-14,16.704608916779478,16.887173969252128,16.638222056640583,16.870576858520508,26621000.0
2022-07-15,17.044842398800505,17.08633359051282,16.770994835464194,17.06973648071289,23838000.0
2022-07-18,17.119525271246346,17.169316597865425,17.01994578358303,17.036542892456055,22507400.0
2022-07-19,17.094630891540582,17.310388554751555,17.03654259428905,17.260597229003906,21813100.0
2022-07-20,17.277193016122894,17.285491569779445,16.928661676484076,16.99504852294922,34207200.0
2022-07-21,15.8000863242844,15.866473175109656,15.136216233244477,15.700505256652832,123409000.0
2022-07-22,15.484746251461834,15.509641911905247,15.144513472671374,15.268988609313965,72016300.0
2022-07-25,15.25239247429815,15.476448684204959,15.210901287035705,15.376869201660156,39493100.0
2022-07-26,15.268989549479947,15.310482319440494,15.08642611001555,15.186005592346191,38885000.0
2022-07-27,15.22749520177214,15.343671767974035,15.127914157322655,15.260687828063965,36607400.0
2022-07-28,15.186005941386469,15.576030074043373,15.177708969990995,15.418360710144043,41940100.0
2022-07-29,15.36027243651992,15.642416948007256,15.335376773934318,15.584328651428223,40819800.0
2022-08-01,15.642416299019223,15.659013406721026,15.443255754959491,15.542835235595703,37087800.0
2022-08-02,15.534537930796155,15.551135039832447,15.202603664007496,15.235797882080078,43625200.0
2022-08-03,15.285589859194065,15.36027527797937,15.194307328948097,15.244098663330078,35524300.0
2022-08-04,15.194304465543459,15.25239276192122,15.119619060832804,15.161111831665039,28287800.0
2022-08-05,15.161112156213385,15.235797562522803,15.011741343594549,15.227499008178711,32726400.0
2022-08-08,15.235796233268047,15.277287418581182,14.937054634094238,14.937054634094238,44042500.0
2022-08-09,14.970249816258995,15.11961904271394,14.970249816258995,15.020039558410645,33257500.0
2022-08-10,15.119617424595718,15.144513084400863,14.928755447784525,14.945352554321289,50229500.0
2022-08-11,14.986847565035873,15.078130091511506,14.94535637088564,14.97025203704834,40798900.0
2022-08-12,15.020039576410177,15.161111831665039,15.01174102224373,15.161111831665039,25822300.0
2022-08-15,15.09472153103083,15.318776111164912,15.09472153103083,15.260687828063965,28845400.0
2022-08-16,15.244095504391238,15.517941455594082,15.244095504391238,15.410061836242676,34241000.0
2022-08-17,15.285585403442383,15.443254750782675,15.202601453116587,15.285585403442383,23772300.0
2022-08-18,15.152812978546441,15.376869188257965,15.086426129311988,15.293885231018066,33817400.0
2022-08-19,15.25239246100445,15.36027208025252,15.202602719775445,15.293885231018066,27161400.0
2022-08-22,15.194302198881577,15.21089930473854,14.995141676959403,15.044931411743164,32057100.0
2022-08-23,15.02833778636136,15.094724635385017,14.95365238336133,14.986845016479492,27298200.0
2022-08-24,14.995142291144383,14.995142291144383,14.820877420869953,14.945352554321289,30647700.0
2022-08-25,14.978544565459224,15.020037330086,14.887263648854574,15.011738777160645,25198600.0
2022-08-26,14.953653322580715,15.011741621276448,14.812581061696466,14.845773696899414,30590700.0
2022-08-29,14.779384929837633,14.870667434703043,14.69640097839519,14.754490852355957,25465400.0
2022-08-30,14.779383980374313,14.854069373595818,14.72959424582235,14.78768253326416,32481900.0
2022-08-31,14.787685378308213,14.820879596253931,14.530436520378602,14.55533218383789,46669900.0
2022-09-01,14.5138381344761,14.663208936515314,14.447451287212814,14.522136688232422,30623200.0
2022-09-02,14.580225912358697,14.613420129502689,14.239993100569741,14.264888763427734,36489600.0
2022-09-06,14.273185652965392,14.298079730132484,13.924654327541276,13.932952880859375,57232600.0
2022-09-07,13.908057551491435,14.223394671138536,13.841670706155876,13.999340057373047,55566600.0
2022-09-08,13.991041485483786,14.04912977722771,13.858267794987032,13.916356086730957,49770900.0
2022-09-09,14.040831900240471,14.165307043230252,13.991042159602024,14.13211441040039,55081300.0
2022-09-12,14.165307082858396,14.439153031316934,14.132114449935678,14.422555923461914,43425000.0
2022-09-13,14.256588550511735,14.372765131424789,13.924654331626435,13.966145515441895,42274600.0
2022-09-14,14.0159355632099,14.040831223723258,13.858267794987032,13.916356086730957,41000300.0
2022-09-15,13.966145503235348,14.040830900267665,13.800177602544151,13.90805721282959,38637300.0
2022-09-16,13.833373076675125,13.94954966807585,13.733792010626399,13.891461372375488,69825900.0
2022-09-19,13.800177602544151,13.991041163175188,13.758686418764954,13.90805721282959,33805300.0
2022-09-20,13.81677562721445,13.81677562721445,13.659106269360331,13.742090225219727,36187500.0
2022-09-21,13.75868631927565,13.825073162514645,13.484840393066406,13.484840393066406,38815600.0
2022-09-22,13.493141489823147,13.592720982059115,13.393560414799687,13.476544380187988,37800400.0
2022-09-23,13.360365213432543,13.385259290318697,13.15290613118293,13.285679817199707,46225600.0
2022-09-26,13.20269483039353,13.260783115613416,12.928848926651872,13.003534317016602,46841200.0
2022-09-27,13.119714248941362,13.302278484330467,13.003536864349442,13.053326606750488,41183400.0
2022-09-28,13.094819548421821,13.210996941549277,13.036731247554965,13.136311531066895,42670800.0
2022-09-29,13.003535080445998,13.069921922135837,12.787777449257234,12.887357711791992,51308300.0
2022-09-30,12.887357189180333,13.011833105846183,12.72968864440918,12.72968864440918,63932700.0
2022-10-03,13.053324737070152,13.426751708558983,12.995236448791255,13.19439697265625,59540500.0
2022-10-04,13.26908209443617,13.401855774285954,13.186098940226834,13.352066040039062,46876200.0
2022-10-05,13.25248701742178,13.393558471887628,13.078221348500874,13.219293594360352,38250100.0
2022-10-06,13.20915893505714,13.352736810852857,12.93044913038306,12.938894271850586,52923900.0
2022-10-07,12.862882023869403,12.871327970565726,12.584172226489226,12.617955207824707,53446900.0
2022-10-10,12.668632025203628,12.778426932742718,12.465934106108355,12.584174156188965,43852600.0
2022-10-11,12.541944527275671,12.592618598264554,12.398366650390777,12.508161544799805,49661500.0
2022-10-12,12.465932166148509,12.617955179087037,12.347691329018714,12.3561372756958,46719600.0
2022-10-13,12.237896898042118,12.79531651246145,12.212559862509377,12.769979476928711,60354500.0
2022-10-14,12.829099776571642,12.896666548558356,12.643293771320204,12.660184860229492,47185600.0
2022-10-17,12.786873492206531,13.006462512335595,12.736198607284457,12.930451393127441,44240700.0
2022-10-18,13.141594858690917,13.259834910722295,13.048691040152036,13.17537784576416,49420200.0
2022-10-19,13.057135533321379,13.310508310862255,13.00646065563326,13.124701499938965,47349100.0
2022-10-20,13.690565705901673,14.492912936021977,13.614555406120463,14.138191223144531,117495700.0
2022-10-21,14.214201199321892,14.695608827516306,14.163527136064433,14.44223690032959,81050700.0
2022-10-24,14.72094912500654,15.075670848894639,14.687165336588771,14.788515090942383,69196500.0
2022-10-25,14.805408369216376,15.109454438901187,14.780070525534372,14.940540313720703,58235100.0
2022-10-26,15.075673490620547,15.405057430913608,14.999661564260613,15.320599555969238,65157700.0
2022-10-27,15.497956431053426,15.497956431053426,15.193908820241644,15.227692604064941,53975500.0
2022-10-28,15.43883585869085,15.70065373020016,15.396606130447788,15.607749938964844,55833900.0
2022-10-31,15.49795810417301,15.531740280743868,15.312150494884511,15.396608352661133,47573900.0
2022-11-01,15.683766112841901,15.692212060792095,15.40505627408493,15.497960090637207,48025700.0
2022-11-02,15.43039311828273,15.878017054344841,15.43039311828273,15.56552505493164,49201100.0
2022-11-03,15.345932006835938,15.4810639148811,15.261474161582857,15.345932006835938,41249400.0
2022-11-04,15.489511903834812,15.548631920041112,15.27836806829824,15.472620010375977,39458700.0
2022-11-07,15.48951393470972,15.540188010830628,15.329044147610375,15.5064058303833,39985200.0
2022-11-08,15.523295629300081,15.81889735073649,15.455729659620312,15.683765411376953,43210400.0
2022-11-09,15.607750389528738,15.810448258248654,15.523292541503906,15.523292541503906,41838400.0
2022-11-10,15.903353484194218,16.021593515536306,15.692209650569282,15.911799430847168,46482700.0
2022-11-11,15.894908961468577,16.15672688756627,15.861126782730047,16.089160919189453,52519500.0
2022-11-14,16.114496644186687,16.35097830788486,16.080714469886686,16.097604751586914,37316500.0
2022-11-15,16.148279640576263,16.376313735936012,15.886460150767771,16.06382179260254,49339300.0
2022-11-16,16.046930146103104,16.089158265285686,15.861124166440463,15.987810134887695,32155400.0
2022-11-17,15.80200590339389,16.038487609424468,15.641537727669407,16.00470542907715,36007800.0
2022-11-18,16.080714718886732,16.148280679432492,15.979364972618308,16.02159309387207,34211300.0
2022-11-21,16.030039462189258,16.114497317819154,15.844233468523173,15.911799430847168,31911400.0
2022-11-22,15.96247246296671,16.080714097527608,15.954026516862397,16.04693031311035,33771000.0
2022-11-23,15.987810057019704,16.139833862775752,15.954026273118592,16.122941970825195,21486000.0
2022-11-25,16.190511132095292,16.291860892957928,16.106053266526395,16.148283004760742,13782700.0
2022-11-28,16.131389631095416,16.17361775455994,15.852679827890455,15.89490795135498,27780200.0
2022-11-29,15.86957384419865,16.072271763558682,15.835790052188711,16.05537986755371,24088000.0
2022-11-30,15.9962571924359,16.28341293334961,15.878015550889337,16.28341293334961,59293400.0
2022-12-01,16.291861049363106,16.384763252570956,16.122945316603687,16.2074031829834,31615500.0
2022-12-02,16.08915801936503,16.09760396525235,15.928689880204365,16.06382179260254,33479600.0
2022-12-05,15.979365646711376,16.0300397165335,15.785113703310198,15.835787773132324,28698000.0
2022-12-06,15.954026234753274,16.198953834748913,15.886460278013006,16.190507888793945,45858100.0
2022-12-07,16.08915868230854,16.401652249417577,16.046930562031427,16.300302505493164,45381000.0
2022-12-08,16.410100938214505,16.486112856136533,16.063825139191845,16.148283004760742,45761100.0
2022-12-09,16.106050078874638,16.34253173348399,16.072267905873005,16.122941970825195,29815600.0
2022-12-12,16.16517058752697,16.308748451728494,16.106050574779196,16.300302505493164,31333500.0
2022-12-13,16.393209042920766,16.469220960842794,16.106053266526395,16.148283004760742,54142100.0
2022-12-14,16.089161772737256,16.131391512025445,15.84423572846511,15.962475776672363,44027700.0
2022-12-15,15.74288494269762,15.886462825153542,15.50640486164062,15.5993070602417,47277400.0
2022-12-16,15.50640444943319,15.63309043390313,15.388162801148177,15.616198539733887,76412500.0
2022-12-19,15.430392715721345,15.472620840735038,14.898309319510423,15.08411693572998,62216900.0
2022-12-20,15.07567051721293,15.278368410560876,15.058778623375686,15.261476516723633,40922700.0
2022-12-21,15.35437836487007,15.430390266549583,15.261474571506344,15.32904052734375,42316200.0
2022-12-22,15.210803417781499,15.438839166452292,15.1347915015579,15.43039321899414,32615000.0
2022-12-23,15.34593234386975,15.472618309081993,15.286812334163999,15.46417236328125,25164100.0
2022-12-27,15.413497486039985,15.641533177928753,15.38815964997478,15.59085750579834,30382500.0
2022-12-28,15.582418103111962,15.666874361593973,15.362828287079017,15.388164520263672,26632300.0
2022-12-29,15.430392707020715,15.666872784403594,15.405054865486958,15.582416534423828,23765900.0
2022-12-30,15.557079523068076,15.607753597940016,15.388163792295215,15.548633575439453,26204200.0
2023-01-03,15.633091029413693,15.920246797630673,15.54863316624992,15.827342987060547,42149200.0
2023-01-04,15.937140324527983,16.359428072692584,15.88646463490029,16.16517448425293,43926800.0
2023-01-05,16.165172734527076,16.31719656515519,16.013148903898962,16.224292755126953,31081800.0
2023-01-06,16.342534502833107,16.714148134220306,16.33408855542661,16.494558334350586,36050300.0
2023-01-09,16.48427282561762,16.48427282561762,16.261512183278892,16.31291961669922,51981100.0
2023-01-10,16.578521919988603,16.689901449387122,16.45000657555608,16.681333541870117,32869500.0
2023-01-11,16.681332489215414,16.698468303168085,16.492843438219495,16.629926681518555,30010200.0
2023-01-12,16.68990039619175,16.767009924817618,16.595656687774373,16.629926681518555,31740400.0
2023-01-13,16.61278897991878,16.784143831652795,16.52711318821275,16.7498722076416,25480000.0
2023-01-17,16.7498732422713,16.767009055335365,16.509978396018685,16.561384201049805,38801000.0
2023-01-18,16.527114481627102,16.561384474159293,16.252946370564043,16.295785903930664,38023700.0
2023-01-19,16.218677423584882,16.295786954454638,16.098729990748026,16.227245330810547,40180800.0
2023-01-20,16.244379416549695,16.4757080078125,16.08159408269323,16.4757080078125,37836600.0
2023-01-23,16.47570406803124,16.621355186868243,16.261511342339226,16.36432456970215,32890800.0
2023-01-24,16.25294826728279,18.446283606782824,16.021621296751604,16.415735244750977,32858500.0
2023-01-25,16.92123110200009,17.546673682179087,16.912663193950348,17.495267868041992,73582100.0
2023-01-26,17.366750338792915,17.409588239510775,16.97263478871173,17.135421752929688,47400900.0
2023-01-27,17.09258270263672,17.22109803030806,16.97263364720389,17.09258270263672,37094000.0
2023-01-30,17.06688182848321,17.358184157984173,17.041178104999716,17.272506713867188,37246000.0
2023-01-31,17.27250225345282,17.460991274506128,17.19539273707626,17.452425003051758,36575900.0
2023-02-01,17.538105121536173,17.563808844728968,17.19539698310543,17.289642333984375,40172500.0
2023-02-02,17.22109946748142,17.555239674144524,17.16969365895506,17.37531852722168,34968800.0
2023-02-03,17.32390915130903,17.358180775942923,16.938363179143757,16.989768981933594,31599900.0
2023-02-06,16.921228692952813,16.929796599782758,16.698468017857643,16.775577545166016,30929800.0
2023-02-07,16.698468495243496,16.741308030617944,16.355760383053816,16.492843627929688,36534400.0
2023-02-08,16.35576152519988,16.467141056628876,16.295787805648786,16.415735244750977,29805200.0
2023-02-09,16.458573648905325,16.492845280639166,16.184407131679997,16.252948760986328,28320900.0
2023-02-10,16.304354959277052,16.372896583331432,16.1330000820605,16.338624954223633,24931200.0
2023-02-13,16.28721678226815,16.552815332683736,16.270080970199793,16.50140953063965,21668700.0
2023-02-14,16.535680859943714,16.578520393584444,16.304353914928225,16.40716552734375,23195200.0
2023-02-15,16.28721876061588,16.509979442079466,16.2700829464661,16.492843627929688,31145400.0
2023-02-16,16.312920500370684,16.63849275886453,16.21867516815571,16.50140953063965,35161100.0
2023-02-17,16.501411057134767,16.715603825320585,16.390029902547905,16.655630111694336,29997500.0
2023-02-21,16.467140294972218,16.58708936268769,16.39003076364128,16.458572387695312,28220300.0
2023-02-22,16.46713811404157,16.647060874704945,16.46713811404157,16.60422134399414,25308800.0
2023-02-23,16.63849161778358,16.775574836607184,16.501408398959974,16.57851791381836,24845800.0
2023-02-24,16.501409722790356,16.5099776289243,16.261513253522846,16.48427391052246,29138100.0
2023-02-27,16.535682590564,16.569954221063448,16.287219806088167,16.30435562133789,22981100.0
2023-02-28,16.29578532920773,16.30435323557888,16.141566282849134,16.201539993286133,34154800.0
2023-03-01,16.132998746169317,16.158702465871773,15.901670171330473,15.987347602844238,23339900.0
2023-03-02,15.875968085789102,16.064457127790522,15.850264366086646,15.987347602844238,24184800.0
2023-03-03,16.021620091058463,16.150135428162542,15.995916369973175,16.115863800048828,23501500.0
2023-03-06,16.150134176568912,16.244377878255634,16.081592559814453,16.081592559814453,24072100.0
2023-03-07,16.107299058408316,16.218680237505215,15.93594578664912,16.030189514160156,27944000.0
2023-03-08,15.91023692875665,15.970210636236267,15.57609676756394,15.94450855255127,31510300.0
2023-03-09,16.02161980007179,16.02161980007179,15.687477968676498,15.696045875549316,24711100.0
2023-03-10,15.661775500878715,15.841696638343638,15.62750387422191,15.790290832519531,32018500.0
2023-03-13,15.65320531232447,15.987345452712594,15.610365785248517,15.67890739440918,39835000.0
2023-03-14,15.738887780618821,15.858835226583327,15.60180288416617,15.798861503601074,32076200.0
2023-03-15,15.593233409685357,15.713180831030904,15.473284354178757,15.687477111816406,34436400.0
2023-03-16,15.618935405241126,15.790290264033791,15.481852171871411,15.75601863861084,31731800.0
2023-03-17,15.696047322729227,15.721751045717568,15.447584537153768,15.533260345458984,58728600.0
2023-03-20,15.653205809213222,15.918804348871731,15.610366280777388,15.841694831848145,27382100.0
2023-03-21,16.004485133331897,16.038755129118076,15.790292348644181,15.884537696838379,24313200.0
2023-03-22,15.94450931011498,16.038753011706007,15.747450732255103,15.75601863861084,21071100.0
2023-03-23,15.773155408802955,15.910238650494058,15.71318169483324,15.815993309020996,28957800.0
2023-03-24,15.807425325694723,15.987346448133577,15.72174790036914,15.94450855255127,32058000.0
2023-03-27,16.05588950720032,16.235812280000005,16.021619514481067,16.16727066040039,26650500.0
2023-03-28,16.141566754820442,16.270082085823315,16.038753509521484,16.038753509521484,21547200.0
2023-03-29,16.158700963990814,16.32148627115959,16.132997246677405,16.278648376464844,23149400.0
2023-03-30,16.287215247159363,16.398594746783925,16.261511531479464,16.34718894958496,19736300.0
2023-03-31,16.381464104278486,16.492843627929688,16.30435457476566,16.492843627929688,27130900.0
2023-04-03,16.509979444808064,16.689900590926936,16.450005729435105,16.612791061401367,31102500.0
2023-04-04,16.724172785443496,16.83555231288396,16.612791623841797,16.826984405517578,34207600.0
2023-04-05,16.809848993662243,17.07544756592056,16.784145273445844,17.032608032226562,38673200.0
2023-04-06,17.074316024780273,17.195966225045566,16.95266748185208,17.074316024780273,29722600.0
2023-04-10,16.91790827770526,17.030869049350933,16.87446284697197,17.00480079650879,23617500.0
2023-04-11,17.022179214891707,17.300233942384345,17.01348979749045,17.109071731567383,24664800.0
2023-04-12,17.195967705484023,17.2741691631439,17.0743174947456,17.1785888671875,28179500.0
2023-04-13,17.24810294472632,17.36106208147896,17.08300729193036,17.34368324279785,25253900.0
2023-04-14,17.3349924373145,17.36974845123737,17.178586231319112,17.31761360168457,24948400.0
2023-04-17,17.29154701106307,17.30892584836422,17.074316516810175,17.195966720581055,23443900.0
2023-04-18,17.230721965258027,17.265479638301862,17.074315751234916,17.22203254699707,28517400.0
2023-04-19,17.18727912588012,17.230724566406362,17.039562307818652,17.117765426635742,31537200.0
2023-04-20,16.257530350725517,16.26621976988725,15.258270349847454,15.33647346496582,129904800.0
2023-04-21,15.527637120101701,15.988164726846446,15.492879444018286,15.831758499145508,76810200.0
2023-04-24,15.71879934677678,15.74486760380655,15.214824645561695,15.232203483581543,60001400.0
2023-04-25,15.214822769165039,15.440742663549422,15.16268791887234,15.214822769165039,46691800.0
2023-04-26,15.11055239169901,15.34516171924443,14.93676899366831,14.94545841217041,42482900.0
2023-04-27,15.101864428051496,15.319094939519848,15.084487246710358,15.301717758178711,36926900.0
2023-04-28,15.136622705625744,15.42336692584084,15.101865026890657,15.353853225708008,40675800.0
2023-05-01,15.414673940959828,15.432052776307891,15.197443471119914,15.206132888793945,35510200.0
2023-05-02,15.084487700495066,15.14531198036201,14.797743483024242,14.832499504089355,39398100.0
2023-05-03,14.902011257265807,14.988903784585899,14.832497566877153,14.849876403808594,32213100.0
2023-05-04,14.789051945803868,14.841186798605097,14.641335148419472,14.693470001220703,27422700.0
2023-05-05,14.754293205672935,14.884631156921387,14.66740068572831,14.884631156921387,23712300.0
2023-05-08,14.78036314268576,14.919390527500836,14.728228287714396,14.875945091247559,32091000.0
2023-05-09,14.858565699396307,14.867255117790167,14.693470064587153,14.78905200958252,29058400.0
2023-05-10,14.823807041272564,14.858564712539515,14.650023656948767,14.806429862976074,32892400.0
2023-05-11,14.728228780381682,14.771674218088233,14.667402847320414,14.736916542053223,21332600.0
2023-05-12,14.771673633958198,14.936769273921543,14.72822819796965,14.797741889953613,27280600.0
2023-05-15,14.771674006113868,14.85856653761727,14.719539150146703,14.728228569030762,28697300.0
2023-05-16,14.710847764868427,14.719537182590974,14.345900507206272,14.363279342651367,31200300.0
2023-05-17,14.476240158081055,14.55444326942914,14.38065820924736,14.476240158081055,34154700.0
2023-05-18,14.424105243253418,14.46755067945044,14.224253585007661,14.380658149719238,39142000.0
2023-05-19,14.41541598781184,14.467550843306165,14.154740053003042,14.172117233276367,46679400.0
2023-05-22,14.206874076276499,14.276387765309298,14.041778443322196,14.232940673828125,42251600.0
2023-05-23,14.128671433232348,14.163427450222335,13.963575794852806,13.989644050598145,45314800.0
2023-05-24,13.99833359432054,14.00702301298,13.859305381774902,13.859305381774902,34236900.0
2023-05-25,13.616007222565017,13.616007222565017,13.03382944122993,13.164167404174805,102758200.0
2023-05-26,13.233680065845434,13.572559903286674,13.19023463402118,13.468289375305176,50164900.0
2023-05-30,13.459599387795667,13.633383593742751,13.398775122881302,13.589938163757324,35346700.0
2023-05-31,13.607317095997805,13.789790731826717,13.572560252443179,13.66814136505127,70109400.0
2023-06-01,13.685521861007611,13.789792404317911,13.581251317697312,13.73765754699707,31363800.0
2023-06-02,13.103342918942873,13.398776514061694,12.903491268520462,13.216302871704102,105292900.0
2023-06-05,13.320573592032716,13.459600973166046,13.25105990146605,13.372709274291992,39528300.0
2023-06-06,13.433534151742931,13.685521498569853,13.346641620284572,13.616007804870605,39037200.0
2023-06-07,13.581250492608746,14.007022887761703,13.529114809786636,13.989644050598145,43584200.0
2023-06-08,13.93750971745088,13.9722657357401,13.798481500951013,13.963576316833496,32833700.0
2023-06-09,13.911441065063087,14.015710774302313,13.824548535805636,13.859305381774902,24666300.0
2023-06-12,13.859304582354994,13.902750844477692,13.74634463230339,13.841926574707031,27517900.0
2023-06-13,13.728968463718013,13.876685277521462,13.624697917857103,13.746346473693848,41578200.0
2023-06-14,13.815859181951561,13.920130549017033,13.746345489686965,13.763724327087402,26782400.0
2023-06-15,13.798480864787926,13.989643928576868,13.720277755571153,13.92881965637207,30535200.0
2023-06-16,13.98964411093944,14.015710709460079,13.86799473627552,13.954886436462402,64149000.0
2023-06-20,13.920128831947881,13.972263680381127,13.702898363249583,13.711586952209473,35360500.0
2023-06-21,13.642073532826155,13.659452368419592,13.459599902437532,13.563870429992676,40676400.0
2023-06-22,13.529115184754048,13.58994028784374,13.442223482533699,13.53780460357666,30272800.0
2023-06-23,13.581250967083259,13.668142669931001,13.398777313833826,13.424844741821289,37408500.0
2023-06-26,13.433533392802218,13.59862819884359,13.407465966304853,13.581250190734863,28616600.0
2023-06-27,13.511736985461093,13.807170591919919,13.494358148060655,13.763724327087402,31457000.0
2023-06-28,13.73765520509457,13.763722629311193,13.563870167201152,13.711586952209473,26156400.0
2023-06-29,13.676831095770071,13.911440416628531,13.676831095770071,13.885372161865234,27298300.0
2023-06-30,13.902751646403628,13.937509321041468,13.755034843867103,13.859305381774902,40465300.0
2023-07-03,13.859305228098854,14.007022857666016,13.859305228098854,14.007022857666016,18424200.0
2023-07-05,13.9722657357401,14.102603704664766,13.902752041824465,13.963576316833496,32988100.0
2023-07-06,13.911441439351757,13.928820277138255,13.763724632840898,13.78979206085205,33325300.0
2023-07-07,13.743801094677112,13.929528170690723,13.734956747380421,13.805709838867188,28998300.0
2023-07-10,13.726114242710485,13.752646443088572,13.460789708599291,13.505010604858398,45305500.0
2023-07-11,13.522699303612006,13.575764551132702,13.363504404493412,13.469634056091309,39688000.0
2023-07-12,13.47847747601238,13.505010519666534,13.354659979400076,13.372347831726074,46478300.0
2023-07-13,13.39003652749551,13.416568727706228,13.275062535324487,13.372347831726074,40508200.0
2023-07-14,13.089335380080794,13.098179727920321,12.638283761586129,12.824010848999023,101745400.0
2023-07-17,12.48793305671829,12.567530499333108,11.921907454135589,11.9661283493042,160933400.0
2023-07-18,11.96612930599344,12.372960055872532,11.877688352028805,11.895376205444336,132538700.0
2023-07-19,12.664816926617215,12.947830174941345,12.62059687093724,12.903609275817871,142144700.0
2023-07-20,12.90360829606128,12.965517044067383,12.779789956605644,12.965517044067383,76867900.0
2023-07-21,12.921297148925706,13.0716477001066,12.912453643842445,13.053959846496582,49225400.0
2023-07-24,13.07164672112673,13.345815600818309,13.07164672112673,13.221997261047363,49475700.0
2023-07-25,13.336971278155746,13.363503478355572,13.018582345427529,13.089335441589355,59669800.0
2023-07-26,13.186619812136469,13.239685052253918,12.850542207241626,13.16893196105957,63191500.0
2023-07-27,13.168933830897721,13.195466033002027,12.824011829767757,12.832856178283691,65496000.0
2023-07-28,12.903607300853247,12.974360391244273,12.770944623787544,12.779788970947266,51420600.0
2023-07-31,12.788634356396486,12.903608348477308,12.744413460451026,12.841699600219727,47585600.0
2023-08-01,12.877076088253178,12.885919592646292,12.611751557260822,12.647128105163574,46296400.0
2023-08-02,12.638283785845429,12.877076117310416,12.567530689880272,12.691349029541016,41739100.0
2023-08-03,12.59406186532359,12.611750559597402,12.408334792665384,12.461400032043457,40781600.0
2023-08-04,12.426025365172855,12.479089769128416,12.381804466247559,12.381804466247559,38965000.0
2023-08-07,12.390646934509277,12.461400024675966,12.284517299259244,12.390646934509277,38109900.0
2023-08-08,12.328737390513153,12.558685356068926,12.328737390513153,12.540997505187988,39075100.0
2023-08-09,12.532154140339665,12.691349027963199,12.514465444628858,12.620595932006836,33951700.0
2023-08-10,12.638284688453634,12.691349935939066,12.53215503692627,12.53215503692627,33556400.0
2023-08-11,12.51446633137315,12.735569982764503,12.487934129370366,12.709037780761719,31237100.0
2023-08-14,12.655971495114542,12.709035891230698,12.540997512271714,12.611750602722168,26901400.0
2023-08-15,12.558687267933944,12.567531616442512,12.470246313178755,12.505622863769531,26393600.0
2023-08-16,12.514465413608665,12.549841961499158,12.390647917713661,12.470245361328125,29440300.0
2023-08-17,12.49677656975931,12.523308767710978,12.372958240245923,12.390646934509277,36036700.0
2023-08-18,12.355270393088704,12.50562092059833,12.337581698820104,12.426023483276367,32213600.0
2023-08-21,12.399492265547142,12.505621909218616,12.311050474099195,12.470245361328125,47841400.0
2023-08-22,12.461400074654112,12.664814998838324,12.408334835094587,12.611750602722168,43191500.0
2023-08-23,12.611751498709598,12.69134894198211,12.50562185549406,12.523309707641602,29371100.0
2023-08-24,12.417179090566806,12.629438360350735,12.417179090566806,12.514464378356934,29780100.0
2023-08-25,12.532154026470993,12.567530574127737,12.426024383500755,12.47908878326416,22107700.0
2023-08-28,12.540998432015122,12.620595875470316,12.479088840748066,12.567530632019043,30173700.0
2023-08-29,12.779790039755971,13.098179816586768,12.779790039755971,13.062803268432617,45429000.0
2023-08-30,13.160088453023095,13.257373748758399,13.000893565962206,13.027425765991211,26065300.0
2023-08-31,13.089335413841342,13.160088509853178,13.000893622104828,13.080491065979004,45406200.0
2023-09-01,13.098179703293098,13.142399755520723,12.947829164077564,12.956672668457031,20292900.0
2023-09-05,12.956673601495238,13.045115399206237,12.79747954643633,12.806323051452637,28402900.0
2023-09-06,12.76210395995582,13.045116384497211,12.664817806437048,12.921298027038574,43010100.0
2023-09-07,12.912454521354322,13.053960733625019,12.868233619158842,12.921298027038574,30699100.0
2023-09-08,12.921297054404262,12.921297054404262,12.700193403513708,12.735569953918457,28281300.0
2023-09-11,12.797478704274265,12.903608348477308,12.770945660640928,12.841699600219727,28625000.0
2023-09-12,12.850542089926652,12.885918635200866,12.717880256009186,12.788633346557617,27383300.0
2023-09-13,12.868231747298228,12.983205738904514,12.797478651454886,12.930140495300293,30916600.0
2023-09-14,13.177776449012566,13.407724434288747,13.151244248694065,13.319283485412598,55155000.0
2023-09-15,13.266219101389547,13.531543652106038,13.230842550856915,13.469634056091309,80594200.0
2023-09-18,13.416566837443156,13.460787727193019,13.283905011636886,13.345813751220703,29972500.0
2023-09-19,13.319284404356175,13.48732280922482,13.310440055825325,13.451946258544922,33190500.0
2023-09-20,13.513855049555723,13.911841456689924,13.505011544443386,13.752647399902344,45303600.0
2023-09-21,13.628829062606561,13.743803063604497,13.522699410172352,13.540388107299805,33709200.0
2023-09-22,13.558074920087968,13.584607120298685,13.310439083419922,13.372347831726074,33964400.0
2023-09-25,13.31043913749195,13.363503538128953,13.13355639629621,13.319283485412598,30428700.0
2023-09-26,13.089336439321906,13.336972294764301,12.974362438434206,13.283907890319824,35412000.0
2023-09-27,13.275062503269949,13.275062503269949,13.089335415356517,13.151244163513184,27561600.0
2023-09-28,13.168934808643327,13.283908817556386,13.160090459470732,13.275064468383789,27817600.0
2023-09-29,13.301595743986816,13.354660991874793,13.186621743099115,13.283907890319824,29640900.0
2023-10-02,13.3015937218083,13.345814614418337,12.965516118792735,12.974360466003418,36600200.0
2023-10-03,12.974362340996375,13.107024194554773,12.894764891483938,13.071647644042969,36830800.0
2023-10-04,12.965517016279929,13.02742576415335,12.779789929216237,12.956672668457031,37089000.0
2023-10-05,12.938985815519144,13.1600894675066,12.938985815519144,13.11586856842041,32171500.0
2023-10-06,12.996894342844447,13.078012405801164,12.72650108617421,13.023933410644531,53313500.0
2023-10-09,13.04195852969207,13.294325139114736,13.032945221609312,13.276298522949219,30659800.0
2023-10-10,13.240248322971679,13.501628283370986,13.240248322971679,13.483602523803711,35746800.0
2023-10-11,13.474589363963766,13.564720741471158,13.231236019984243,13.31235408782959,31793500.0
2023-10-12,13.195182845676817,13.2222219134769,12.870710593849944,13.023933410644531,38543700.0
2023-10-13,13.05097387665816,13.186170949255825,12.906764353532566,12.942816734313965,34104500.0
2023-10-16,12.978868350907634,13.06899972733253,12.825645526719214,12.987881660461426,31727900.0
2023-10-17,12.906762866646032,13.150117053552973,12.879723799064081,13.141103744506836,34771800.0
2023-10-18,13.041959172342098,13.096037304390645,12.897749674137426,12.90676212310791,36230900.0
2023-10-19,13.853138762080798,14.11451870628774,13.66386357078912,13.753994941711426,97636500.0
2023-10-20,13.690902666415893,14.339846303545086,13.690902666415893,13.862152099609375,68058400.0
2023-10-23,13.853139757626973,13.86215306727823,13.393471280091077,13.474589347839355,53938600.0
2023-10-24,13.681890694622584,14.033401163190897,13.681890694622584,13.99734878540039,66404200.0
2023-10-25,13.970310246775636,14.051428314769828,13.582746526161838,13.690903663635254,42605800.0
2023-10-26,13.672877118131483,13.781034249389718,13.501627682305255,13.627811431884766,41165100.0
2023-10-27,13.609786529006861,13.681891287713514,13.285314255270398,13.35741901397705,35849200.0
2023-10-30,13.47458837949744,13.862152071084319,13.43853600303981,13.753994941711426,41832200.0
2023-10-31,13.77202131731842,13.916230829611308,13.744982248652626,13.880178451538086,33688400.0
2023-11-01,13.961296599191279,14.150571800077852,13.907218461541687,14.042414665222168,41502800.0
2023-11-02,14.078466575241253,14.22267608358559,14.024388439390362,14.177610397338867,35788800.0
2023-11-03,14.330834751175766,14.457019373839346,14.267743299400541,14.312808990478516,42807500.0
2023-11-06,14.267741502086643,14.330832945914212,14.096492929030479,14.195636749267578,32805500.0
2023-11-07,14.159584890443666,14.38491246612892,14.159584890443666,14.276755332946777,26425500.0
2023-11-08,14.276754417515871,14.276754417515871,14.042413547535675,14.105504989624023,28224500.0
2023-11-09,14.132546233404055,14.195637681374302,14.015375787490376,14.087480545043945,26080800.0
2023-11-10,14.132545143329972,14.18662327754573,13.934256645573821,14.096492767333984,23755800.0
2023-11-13,14.069453734046965,14.18662417836308,13.979323218112143,14.042414665222168,23876000.0
2023-11-14,14.150571993014193,14.195637681374302,13.988336718296914,14.087480545043945,31504200.0
2023-11-15,14.105505246366873,14.240702301303834,14.096492797016232,14.204649925231934,25233500.0
2023-11-16,14.312808990478516,14.35787468155649,14.195638537498407,14.312808990478516,26214200.0
2023-11-17,14.339846744357736,14.384912431296963,14.276755298376711,14.330833435058594,27162600.0
2023-11-20,14.330834197004538,14.574188403681191,14.285769367225779,14.511096954345703,30868000.0
2023-11-21,14.484056589376323,14.646292722281212,14.43899176095297,14.592214584350586,25680000.0
2023-11-22,14.646292032295882,14.673331959543852,14.51109583428189,14.574187278747559,21301600.0
2023-11-24,14.610238075256348,14.70938275116193,14.601226485731152,14.610238075256348,12431000.0
2023-11-27,14.592213177093113,14.66431792708458,14.502081809825569,14.610238075256348,29976200.0
2023-11-28,14.57418809879642,14.60122802756585,14.448005202765126,14.58320140838623,24258400.0
2023-11-29,14.592214645838121,14.718397541245618,14.556161407657113,14.691357612609863,26623500.0
2023-11-30,14.682346609070411,14.96175233968976,14.682346609070411,14.934712409973145,50630000.0
2023-12-01,14.961752279935087,15.114975109491123,14.88964752009184,15.105961799621582,35407200.0
2023-12-04,14.961751901242618,15.114974726920476,14.916685353035579,15.015830039978027,40542500.0
2023-12-05,15.304249795011476,15.628722080977822,15.286223174877097,15.520564079284668,72091000.0
2023-12-06,15.475498983974099,15.574643673908168,15.196093253111728,15.268198013305664,45867500.0
2023-12-07,15.340300397564892,15.439443353030429,15.232142414469157,15.40339183807373,31309100.0
2023-12-08,15.403393531113698,15.421420150129824,15.151026022226947,15.250170707702637,42137200.0
2023-12-11,15.241157388917632,15.268197317425363,14.898660223384733,14.979778289794922,43835000.0
2023-12-12,14.925699717844788,14.943726338401989,14.72741204905504,14.79050350189209,41348800.0
2023-12-13,14.718397258721312,14.871620079823405,14.511096300498767,14.826555252075195,53889700.0
2023-12-14,14.88063302048056,15.15102541849596,14.88063302048056,15.006815910339355,54485000.0
2023-12-15,14.889646530151367,15.015829421709492,14.826555084372306,14.889646530151367,65906500.0
2023-12-18,14.961752091839362,15.096948299956662,14.790502644697153,14.835567474365234,34621800.0
2023-12-19,14.808528979563055,14.979778423413542,14.790502360397104,14.970765113830566,28077400.0
2023-12-20,14.934713163829917,14.970766405271924,14.781490325927734,14.781490325927734,33476300.0
2023-12-21,14.844581335750288,14.880634576114947,14.736425052882554,14.862607955932617,36327900.0
2023-12-22,14.871621226820526,15.078922201031483,14.871621226820526,14.916686058044434,26740400.0
2023-12-26,14.871620959747462,14.970765649595299,14.817542819427317,14.934712409973145,22750400.0
2023-12-27,14.86260561963271,14.979776913286205,14.826554104048224,14.943723678588867,27728700.0
2023-12-28,14.90767346216124,15.20510579788316,14.898660152701424,15.087934494018555,32112900.0
2023-12-29,14.988789279865166,15.169052024470954,14.97076438069494,15.123987197875977,33285400.0
2024-01-02,15.178063706528823,15.664770314208948,15.169050398353463,15.547600746154785,47624300.0
2024-01-03,15.610691491416958,15.664769618956198,15.520560132776437,15.529573440551758,33612400.0
2024-01-04,15.556614614572254,15.592666129459264,15.457469940185547,15.457469940185547,35703700.0
2024-01-05,15.466484900483097,15.790957164683428,15.41240676282071,15.745890617370605,33311400.0
2024-01-08,15.727867153526407,15.763918675555201,15.538591075757477,15.610695838928223,41215100.0
2024-01-09,15.544739524885507,15.553899864275447,15.416498267738529,15.526420593261719,30338400.0
2024-01-10,15.480620486299456,15.480620486299456,15.352379215981042,15.453141212463379,26893800.0
2024-01-11,15.38901903673171,15.38901903673171,14.793610884488194,14.866891860961914,59137500.0
2024-01-12,14.9676544897659,15.224138791814294,14.95849414892599,15.095895767211914,32658900.0
2024-01-16,15.040935871480238,15.205818516694382,14.967654889957998,15.059256553649902,39033400.0
2024-01-17,15.004294451395943,15.233297736196688,14.976815175399956,15.03177547454834,39261000.0
2024-01-18,14.921854226208406,15.040935160368432,14.830252566847285,15.022614479064941,35127800.0
2024-01-19,15.260776222056695,15.370698549233929,15.022612635802787,15.269936561584473,52563000.0
2024-01-22,15.315738985226087,15.480621629038842,15.242458004326686,15.389019966125488,44093400.0
2024-01-23,15.608863798136547,15.801225707241855,15.553901755115339,15.746265411376953,59713000.0
2024-01-24,15.1691752251715,15.608862805600793,15.077573573117222,15.279097557067871,79217000.0
2024-01-25,15.361537344831374,15.746262847556963,15.288256379891072,15.737102508544922,54457900.0
2024-01-26,15.709623765565645,15.920306351872005,15.682144491707763,15.83786678314209,38567300.0
2024-01-29,15.773744640799123,15.828706683663768,15.618022346995229,15.801225662231445,38264800.0
2024-01-30,15.801224467724083,16.11266903178795,15.737103836385552,16.057708740234375,54946400.0
2024-01-31,16.03939057620071,16.323354165445107,16.03023023497909,16.204273223876953,52968100.0
2024-02-01,16.570677505423912,16.634798144375054,16.323353543335465,16.524877548217773,71660400.0
2024-02-02,16.424115470352092,16.469915427347903,16.26839317054742,16.3325138092041,33248500.0
2024-02-05,16.222592708050172,16.369156425398558,16.10351176245295,16.24091339111328,31496900.0
2024-02-06,16.17679285019619,16.27755486052617,16.07603083986621,16.130992889404297,25734200.0
2024-02-07,16.12182993812081,16.140150618334545,15.847024976383501,15.874505996704102,33871800.0
2024-02-08,15.847025918063384,15.847025918063384,15.334059071690364,15.407340049743652,66974900.0
2024-02-09,15.37985922819392,15.462298791451133,15.178335248447395,15.4256591796875,44427100.0
2024-02-12,15.425662049124824,15.627184319201788,15.352381064809885,15.590544700622559,31151200.0
2024-02-13,15.590542720304573,15.755425350858838,15.343218774473174,15.480620384216309,29734600.0
2024-02-14,15.544740719432403,15.654663053402652,15.425659792524506,15.48978042602539,26468100.0
2024-02-15,15.517262423860176,15.773744974021549,15.517262423860176,15.654664039611816,25926700.0
2024-02-16,15.526420791348066,15.636341371117531,15.352377835030946,15.544739723205566,28848800.0
2024-02-20,15.46229940574377,15.691302666621919,15.453140812806124,15.48978042602539,29103900.0
2024-02-21,15.498941731496577,15.581383050320202,15.425660753337391,15.572222709655762,22644500.0
2024-02-22,15.361539815206514,15.361539815206514,15.040934886850916,15.196657180786133,59974500.0
2024-02-23,15.23329766331971,15.443982012167341,15.150858088569734,15.389019966125488,32270900.0
2024-02-26,15.389019752395443,15.4165007750347,15.132537196387892,15.205818176269531,26815900.0
2024-02-27,15.214977842601696,15.434820772500002,15.15085720644256,15.416500091552734,28350800.0
2024-02-28,15.407343149166199,15.608867189719632,15.398182806672253,15.535584449768066,33531100.0
2024-02-29,15.590541820160812,15.682143470419561,15.489779830160574,15.508100509643555,46155200.0
2024-03-01,15.453143316665663,15.61802422360221,15.398181267196971,15.553903579711914,27552700.0
2024-03-04,15.453142353174316,15.563062950945218,15.306578644219112,15.389019966125488,32690500.0
2024-03-05,15.599704050150974,15.901988309623947,15.57222302759657,15.727945327758789,43337900.0
2024-03-06,15.663821543604621,15.773742117437063,15.590540578664319,15.737102508544922,35356700.0
2024-03-07,15.746265942923447,15.847026197551079,15.581383302606495,15.618022918701172,27325100.0
2024-03-08,15.627178652076996,15.865342201520749,15.55389769433706,15.75542163848877,30812900.0
2024-03-11,15.773744002684799,15.975267990723404,15.773744002684799,15.874505996704102,29541600.0
2024-03-12,15.847021525296803,15.883662877744694,15.72794062415285,15.75542163848877,38700600.0
2024-03-13,15.819546388248924,15.966108341992866,15.691303368355747,15.746265411376953,32339800.0
2024-03-14,15.709623062471177,15.727943742327327,15.41649917339758,15.581381797790527,37237700.0
2024-03-15,15.47146096000974,15.700464238859647,15.47146096000974,15.618022918701172,93104700.0
2024-03-18,15.66382335761344,15.865345597748316,15.508101070686784,15.847024917602539,35177000.0
2024-03-19,15.847026264515137,15.865346946218073,15.718784986907322,15.727945327758789,26144600.0
2024-03-20,15.682145918763306,15.856187159554993,15.645504554076782,15.764585494995117,28961700.0
2024-03-21,15.746262487660456,15.819543450925847,15.627179830381706,15.718781471252441,34446700.0
2024-03-22,15.746267258539316,15.755427600117432,15.553903579711914,15.553903579711914,26169900.0
2024-03-25,15.608862241799516,15.691301803798787,15.544739864668324,15.682143211364746,30944600.0
2024-03-26,15.691300813484721,15.828704151509303,15.618019848544419,15.737102508544922,33048600.0
2024-03-27,15.83786508192176,16.11266827392029,15.83786508192176,16.076026916503906,37488400.0
2024-03-28,16.076028285900282,16.213431640759996,16.04854901265333,16.121829986572266,33461500.0
2024-04-01,15.746265991043558,16.06687093184446,15.709624627680542,16.030229568481445,31980100.0
2024-04-02,16.011908290102067,16.21343228677594,16.011908290102067,16.04854965209961,40169500.0
2024-04-03,16.112672206224936,16.222592810988083,16.021070537484636,16.130992889404297,38155900.0
2024-04-04,16.140152520752252,16.378314402977683,16.085190473632753,16.094350814819336,31850300.0
2024-04-05,16.048548980665306,16.06686966089758,15.828706059346686,15.956947326660156,37769000.0
2024-04-08,15.93862727508046,15.993587570788804,15.773744640799123,15.801225662231445,27372200.0
2024-04-09,15.827293978974247,15.901775291373731,15.65040019611001,15.73419189453125,32785000.0
2024-04-10,15.613160696032988,15.631781468396406,15.371095982632331,15.575919151306152,39046800.0
2024-04-11,15.520059214519941,15.547990374153027,15.287304878234863,15.287304878234863,40831200.0
2024-04-12,15.277994745635416,15.324544903356305,15.12903210999894,15.184892654418945,41785200.0
2024-04-15,15.324544588506994,15.399027680569635,15.017308936847213,15.119721412658691,40249900.0
2024-04-16,15.101099672084862,15.110410057996157,14.840415081779497,14.98006820678711,56368800.0
2024-04-17,14.998689987302894,15.129031847277703,14.952138054615705,15.008000373840332,27177500.0
2024-04-18,14.998690910020741,15.222134873341517,14.980070135800318,15.203514099121094,29566500.0
2024-04-19,15.203512261173461,15.380406043333315,15.13834133505524,15.371095657348633,45820400.0
2024-04-22,15.538680245886594,15.575920016908368,15.054550792180702,15.184892654418945,54178100.0
2024-04-23,15.250064921617607,15.389718958564943,15.16627498553399,15.361787796020508,47805000.0
2024-04-24,15.73419090120015,15.855224136067342,15.250061513280281,15.650399208068848,74197800.0
2024-04-25,15.547991678588462,15.827296195253602,15.361787483628495,15.43626880645752,46680400.0
2024-04-26,15.333852285808327,15.715569186811692,15.259370982582654,15.594537734985352,37852700.0
2024-04-29,15.8179855864615,16.087981487795773,15.8179855864615,15.845916748046875,42383300.0
2024-04-30,15.74350194382542,15.80867286880925,15.641089475551102,15.724881172180176,31822800.0
2024-05-01,15.669020688632608,15.92039577941203,15.622470535128803,15.752812385559082,39350700.0
2024-05-02,15.817984861280026,15.817984861280026,15.575920132628676,15.659711837768555,32205000.0
2024-05-03,15.659710938771763,15.7528130253351,15.575919238442221,15.687642097473145,24023200.0
2024-05-06,15.780743858925966,15.864535557529255,15.74350231475803,15.817983627319336,24182300.0
2024-05-07,15.883153635425847,16.022805866431355,15.827293098178536,15.901774406433105,28086800.0
2024-05-08,15.855225260506845,16.013498272560067,15.827294102224073,15.929706573486328,25292100.0
2024-05-09,15.920393653100474,16.004185338835814,15.864533121201676,15.994874954223633,22547700.0
2024-05-10,16.013499206481566,16.032118203981383,15.939017889158267,15.985568046569824,19229600.0
2024-05-13,15.99487751264695,16.143840138720236,15.966946354342742,16.069358825683594,28014800.0
2024-05-14,16.08797890476456,16.14383944319175,16.032116590562875,16.106597900390625,23545300.0
2024-05-15,16.15314988523504,16.236941581055344,15.994876879327197,16.13452911376953,30877900.0
2024-05-16,16.115908286090907,16.171770600292593,15.966945666435405,16.106597900390625,24686200.0
2024-05-17,16.19969940185547,16.209009787222545,16.069357558265274,16.19969940185547,25891200.0
2024-05-20,16.181080619985543,16.34866402564221,16.16246162273731,16.311424255371094,28266600.0
2024-05-21,16.302112524889985,16.31142291063387,15.957635355464399,16.07866859436035,31173300.0
2024-05-22,16.00418981737249,16.302115105235135,15.994879430154937,16.292804718017578,30647500.0
2024-05-23,16.199698770685487,16.30211122995871,16.12521746642524,16.264869689941406,32477700.0
2024-05-24,16.28349433080002,16.395217201635905,16.218323396051918,16.292804718017578,24996000.0
2024-05-28,16.25556059617058,16.31142291063387,16.013497669927688,16.07866859436035,25458300.0
2024-05-29,16.06004684423502,16.115907379519875,15.929705003312225,15.93901538848877,23503800.0
2024-05-30,15.985567257708123,16.42314475341694,15.976256871530328,16.404525756835938,33262600.0
2024-05-31,16.320735934766706,17.009688609218568,16.264873611272787,16.963136672973633,67619500.0
2024-06-03,16.879341156913064,17.065545308350828,16.721068160923284,16.767620086669922,38332700.0
2024-06-04,16.730378051012,17.093475957993945,16.665207132669543,17.084165573120117,30089100.0
2024-06-05,17.04692902468472,17.056239412284473,16.90727676223809,17.03761863708496,28101800.0
2024-06-06,17.028309487036925,17.177272132374963,16.96313677589858,17.018999099731445,22319200.0
2024-06-07,16.963134809974974,16.963134809974974,16.730380481637244,16.85141372680664,36626700.0
2024-06-10,16.758311597106466,16.795553141916287,16.52555726936888,16.62796974182129,32414600.0
2024-06-11,16.609348969416377,16.711761441868788,16.506936496963966,16.62796974182129,29957000.0
2024-06-12,16.749003745873786,16.79555568393172,16.357976345061466,16.395217895507812,35652200.0
2024-06-13,16.33935364516444,16.46038689408324,16.218322172020294,16.45107650756836,30692000.0
2024-06-14,16.376595137542292,16.52555776974279,16.283493048473318,16.423145294189453,22652300.0
2024-06-17,16.34866403167932,16.479007667113002,16.283493101849807,16.45107650756836,27451600.0
2024-06-18,16.646588061271558,16.94451508030672,16.62796906539866,16.804861068725586,33711100.0
2024-06-20,16.702452376423942,16.907275561750698,16.66521082866922,16.86072540283203,32100600.0
2024-06-21,16.916586558564447,17.17727207492149,16.823484461595875,17.130720138549805,72558200.0
2024-06-24,17.149338435810343,17.41002391451036,17.130717663951508,17.36347198486328,42162200.0
2024-06-25,17.354162941020398,17.43795464509064,17.25175223942596,17.400714874267578,32354000.0
2024-06-26,17.354160407297964,17.51243340568102,17.32623102720205,17.465883255004883,32029700.0
2024-06-27,17.484506553585526,17.49381694022178,17.326233532318536,17.456575393676758,28916300.0
2024-06-28,17.50312378815035,17.81035941310298,17.48450479252784,17.79174041748047,52825200.0
2024-07-01,17.912772410645044,17.987253722664946,17.531055464571217,17.67070770263672,36095700.0
2024-07-02,17.67071023449449,17.689331009111086,17.391405718344764,17.521747589111328,31606900.0
2024-07-03,17.577607517871872,17.614849065792928,17.372784331630292,17.39140510559082,19463000.0
2024-07-05,17.410025905195806,17.503126223586094,17.363473970225918,17.475196838378906,30727800.0
2024-07-08,17.54036516256469,17.596225700444975,17.40071292997673,17.512434005737305,23277400.0
2024-07-09,17.521746918312903,17.670709557993213,17.410025826440037,17.50312614440918,27803600.0
2024-07-10,17.54848647777724,17.718585183931413,17.444536867921315,17.709135055541992,33408200.0
2024-07-11,17.671334222587888,17.83198278106332,17.595735006977534,17.822532653808594,23623400.0
2024-07-12,17.690232563795895,17.81308241490993,17.567384515109328,17.77528190612793,37919400.0
2024-07-15,17.81308569606446,17.83198595393687,17.510688779817084,17.557937622070312,33910900.0
2024-07-16,17.576833977661288,17.822531868171165,17.54848359714682,17.813081741333008,23923600.0
2024-07-17,17.860329724315896,18.134377982316582,17.813080894797928,18.106027603149414,40611500.0
2024-07-18,18.049331667945644,18.266679203986882,17.945382062696527,18.096580505371094,34793900.0
2024-07-19,18.0682315826416,18.181629511292034,17.935931595979326,18.0682315826416,29910300.0
2024-07-22,17.671334997250945,17.737484088506367,17.302787227870308,17.529584884643555,44083600.0
2024-07-23,17.548483642748472,17.586284150199326,17.1421371997888,17.20828628540039,70161800.0
2024-07-24,17.87922997709401,18.172176685445496,17.728031559723735,18.106027603149414,64465000.0
2024-07-25,18.096579830104236,18.654124742572485,18.04933099444186,18.134380340576172,54049700.0
2024-07-26,18.106031309499404,18.238329501173336,17.850883252047385,17.964282989501953,30844200.0
2024-07-29,17.954831965105004,17.97373222080879,17.784733268626123,17.860332489013672,30788300.0
2024-07-30,17.90758167325048,17.983180887495458,17.803632077753342,17.935930252075195,27855000.0
2024-07-31,17.86033282210947,18.25722918715313,17.841432566053193,18.19108009338379,39522000.0
2024-08-01,18.247778837901162,18.550175721425013,18.077680140312093,18.398977279663086,44379300.0
2024-08-02,18.559627776801218,18.890375078414696,18.134382791093422,18.304481506347656,45240100.0
2024-08-05,17.765831896728358,18.068230561707,17.614633465452776,17.869781494140625,50898400.0
2024-08-06,17.850881919319285,18.23832813951891,17.822533338892878,18.134380340576172,33776000.0
2024-08-07,18.143831255670726,18.446228142860633,18.049331777816974,18.19108009338379,30036700.0
2024-08-08,18.20053033337598,18.408427743991055,18.15327969294462,18.332828521728516,25588100.0
2024-08-09,18.323377722292904,18.521826799978374,18.209979794267692,18.417877197265625,22819600.0
2024-08-12,18.46512896085195,18.484027415055724,18.23832948612988,18.36117935180664,22979900.0
2024-08-13,18.351726652504446,18.48402482553493,18.295027692981012,18.446226119995117,21508000.0
2024-08-14,18.408426406991104,18.5785250953345,18.351727445019144,18.550174713134766,19158600.0
2024-08-15,18.47457580567222,18.502926188346606,17.92648102429346,18.039880752563477,42608100.0
2024-08-16,18.068231367255013,18.29502902427986,18.03043085653709,18.2761287689209,24724400.0
2024-08-19,18.285579013760355,18.436777452745684,18.276128886020324,18.417877197265625,20506700.0
2024-08-20,18.38952681404554,18.50292654449832,18.323377722292904,18.417877197265625,20260900.0
2024-08-21,18.446227689354682,18.51237678149773,18.351728213824227,18.46512794494629,20055500.0
2024-08-22,18.484027862511535,18.50292811960052,18.33282941065511,18.436779022216797,17596700.0
2024-08-23,18.465127286710338,18.67302468352425,18.43677690433355,18.64467430114746,21519300.0
2024-08-26,18.67302703857422,18.843125749432847,18.616328069097257,18.67302703857422,22599700.0
2024-08-27,18.65412588944918,18.710824856215456,18.52182769951865,18.569076538085938,20321900.0
2024-08-28,18.597422907965267,18.81477040233916,18.587972781806325,18.729721069335938,20435500.0
2024-08-29,18.710825750749613,18.75807639400353,18.540728842318728,18.67302703857422,20775600.0
2024-08-30,18.67302446904433,18.81477277444511,18.616325507369513,18.805322647094727,29362700.0
2024-09-03,18.83367393422692,19.325069765496746,18.824223806422395,19.306169509887695,50352600.0
2024-09-04,19.362869708278925,19.72196737802578,19.136072033799294,19.43846893310547,57532400.0
2024-09-05,19.570765659932754,19.68416538989184,19.39121864093658,19.514066696166992,44199100.0
2024-09-06,19.514064717124153,19.844811943331823,19.514064717124153,19.81646156311035,53079500.0
2024-09-09,19.807014231809664,20.411809811566556,19.778665650014624,20.317310333251953,58958400.0
2024-09-10,20.270058614407528,20.657504798246393,20.156658896061515,20.51575469970703,60944500.0
2024-09-11,20.430711987772685,20.430711987772685,20.071614296915076,20.270063400268555,37328500.0
2024-09-12,20.156659209888186,20.449605933404268,20.00546078469102,20.40235710144043,34564800.0
2024-09-13,20.383458757203922,20.477958232411698,20.26061070113311,20.449607849121094,31451300.0
2024-09-16,20.63860592804253,21.11110148170206,20.591357093647574,21.044952392578125,53733400.0
2024-09-17,20.855955693019034,20.88430607816134,20.515758281022116,20.5819091796875,29304400.0
2024-09-18,20.638606124228218,20.789804558642327,20.44960717999683,20.534656524658203,27825600.0
2024-09-19,20.459057397708413,20.50630803518847,20.014912219961023,20.18501091003418,40942200.0
2024-09-20,20.128312593171866,20.430711302541017,20.0621634950819,20.355112075805664,94156500.0
2024-09-23,20.355110059322406,20.41180902315009,20.185011365411793,20.307859420776367,25550300.0
2024-09-24,20.203908041852024,20.468506187160763,20.137758956131687,20.40235710144043,25905500.0
2024-09-25,20.430710856694546,20.544108793109093,20.33621137473062,20.37401008605957,28334800.0
2024-09-26,20.30786031643601,20.563008368555007,20.251161350107672,20.45905876159668,25497500.0
2024-09-27,20.525206183057417,20.733105380028366,20.487407476062014,20.69530487060547,23577700.0
2024-09-30,20.789804458618164,20.85595354805264,20.477957463835992,20.789804458618164,26260200.0
2024-10-01,20.72365582431504,20.931553224593145,20.63860647819501,20.91265296936035,32705500.0
2024-10-02,20.837054639671265,21.016603467186467,20.7898058020014,20.9693546295166,29820100.0
2024-10-03,20.91265251581426,21.007151987501217,20.76145408208613,20.837053298950195,28894700.0
2024-10-04,20.50630850836825,20.77090487465199,20.298409303513807,20.704755783081055,24539300.0
2024-10-07,20.704757243782115,20.704757243782115,20.477959569926732,20.5819091796875,23116300.0
2024-10-08,20.71420590659439,20.770904870439754,20.525206957206418,20.657506942749023,22716400.0
2024-10-09,20.666956737751004,20.789804791176206,20.591357519698374,20.723655700683594,25365400.0
2024-10-10,20.67388510318742,20.750454973638977,20.300605387362577,20.310176849365234,28738500.0
2024-10-11,20.38674656215384,20.530316665513695,20.31017669229444,20.453746795654297,25249800.0
2024-10-14,20.44417777094724,20.492033260725744,20.348464965820312,20.348464965820312,33512200.0
2024-10-15,20.47288804075767,20.683456553558322,20.319748299940677,20.587743759155273,35942600.0
2024-10-16,20.597316767747706,20.827026396221456,20.559030916883824,20.7791690826416,23926900.0
2024-10-17,20.635600024548257,20.83659708295858,20.606887463039484,20.798311233520508,25471200.0
2024-10-18,20.798310328396557,21.114161270235986,20.70259753453649,20.913166046142578,27277400.0
2024-10-21,20.941878482890203,21.028019814299245,20.721740336209177,20.731311798095703,29366200.0
2024-10-22,20.338891605998196,20.69302840427097,20.147466013596198,20.57817268371582,47781900.0
2024-10-23,20.32931908475023,21.61186574054707,20.14746496399913,21.525724411010742,71932600.0
2024-10-24,21.43958701524928,21.51615689715635,21.11416456075174,21.2481632232666,38783100.0
2024-10-25,21.343871669808195,21.449155929506393,20.874880970669498,20.894023895263672,26050400.0
2024-10-28,20.980165593957558,21.20030375389631,20.88445279489773,21.162019729614258,27923800.0
2024-10-29,21.04716312960287,21.40129992371341,20.980164720720538,21.22901725769043,32711100.0
2024-10-30,21.181160578016154,21.305587762990662,20.9610224206856,21.075878143310547,36264900.0
2024-10-31,21.114162530078108,21.63101055241999,21.085449968105653,21.573583602905273,59566700.0
2024-11-01,21.564011631012615,21.755435400063188,21.12373349361374,21.17159080505371,37170000.0
2024-11-04,21.19073217791517,21.29601643887396,20.85574012135501,20.980165481567383,24318500.0
2024-11-05,20.961023081002352,21.219447095872052,20.894024668014616,21.104591369628906,26461800.0
2024-11-06,21.16202088257647,21.43001454386123,21.02802222636419,21.36301612854004,32259200.0
2024-11-07,21.430014273924407,21.430014273924407,21.018450498627068,21.095022201538086,31471800.0
2024-11-08,21.104591339641473,21.468299617586446,21.104591339641473,21.382158279418945,29901600.0
2024-11-11,21.32473058441211,21.516154353766897,21.296016197502492,21.353443145751953,23465000.0
2024-11-12,21.25772906881645,21.334300762633347,20.855738629695708,21.200302124023438,39579500.0
2024-11-13,21.2194448130255,21.430011491986445,21.114160560760205,21.343870162963867,29345600.0
2024-11-14,21.343874091809955,21.4970138548014,21.26730421031423,21.296018600463867,20825100.0
2024-11-15,21.286447211275533,21.774580892100918,21.24816318317922,21.707582473754883,40207300.0
2024-11-18,21.812863952616954,22.20528477459686,21.80329249042601,22.004287719726562,35656400.0
2024-11-19,21.899004230370814,21.937290080479325,21.707580456537688,21.755435943603516,24727700.0
2024-11-20,21.82243612278879,21.918148930240577,21.765009168545703,21.851150512695312,20423100.0
2024-11-21,21.82243586536879,22.157429774713428,21.755437448613847,21.994718551635742,23080900.0
2024-11-22,22.06171668085322,22.291428143261882,21.956434238283325,22.18614387512207,35732900.0
2024-11-25,22.15742885264273,22.320140068949268,21.96600507353319,22.109573364257812,64729800.0
2024-11-26,21.956432100619462,22.119143305735022,21.889433691260656,22.100000381469727,30080300.0
2024-11-27,22.205283241587104,22.377564072420892,22.023429123653546,22.272281646728516,33206300.0
2024-11-29,22.272284079657332,22.31056810439028,22.023431529398778,22.16699981689453,19673900.0
2024-12-02,22.157427564418008,22.16699902665248,21.669293943878305,21.726722717285156,44160600.0
2024-12-03,22.40628076832804,22.999698665423765,22.377566380775566,22.722131729125977,63128700.0
2024-12-04,22.655134066084198,22.80827382028744,22.367997483345587,22.521137237548828,41534200.0
2024-12-05,22.59770850419349,22.865702177743277,22.56899411392602,22.80827522277832,40155600.0
2024-12-06,22.808273205317448,22.875271617778683,22.549849192478558,22.856128692626953,34218800.0
2024-12-09,22.875270938284153,22.961412273338347,22.33928182894566,22.367996215820312,38385900.0
2024-12-10,22.406280381369168,22.645561463464585,22.11914381308258,22.50199317932129,32851500.0
2024-12-11,22.425422561052986,22.53070681785953,22.147855638770178,22.473278045654297,38518100.0
2024-12-12,22.568991837728973,22.722131585903924,22.35842514038086,22.35842514038086,22015000.0
2024-12-13,22.367995376629715,22.655131932324544,22.262711120942416,22.616846084594727,33693900.0
2024-12-16,22.693416819378808,22.78912961678147,21.640581524658852,21.860719680786133,48018100.0
2024-12-17,21.82243612278879,21.99471881108801,21.698010751000442,21.851150512695312,39844700.0
2024-12-18,21.822434747000372,22.00428888713683,21.497012317522433,21.516155242919922,38897400.0
2024-12-19,21.544867975664648,21.70757917790207,21.449155181600922,21.602294921875,43160800.0
2024-12-20,21.62143835063274,21.774578094482422,21.554439940894724,21.774578094482422,93984000.0
2024-12-23,21.69800847287254,21.88943406767786,21.621438600064366,21.860719680786133,24655600.0
2024-12-24,21.86072105897991,22.004289351350177,21.78415118134444,21.966005325317383,9605900.0
2024-12-26,21.94686002603262,22.157426710365566,21.899002716704892,21.97557258605957,16440500.0
2024-12-27,21.899004839030123,22.08085898096037,21.841577887841044,21.879863739013672,18547500.0
2024-12-30,21.803292335935055,21.803292335935055,21.477869926027836,21.640581130981445,25420000.0
2024-12-31,21.650151968793942,21.87029011456858,21.63100904509971,21.793720245361328,22342800.0
2025-01-02,21.851150512695312,22.176572962689406,21.82243612278879,21.851150512695312,27108200.0
2025-01-03,21.918147657423198,21.975574608331424,21.678866565474102,21.698009490966797,26874900.0
2025-01-06,21.78414980111006,21.793721263404287,21.564011645052183,21.631010055541992,34416000.0
2025-01-07,21.573585677764143,21.67886812440512,21.209877369528073,21.2481632232666,37143500.0
2025-01-08,21.181159947367533,21.29601566657276,20.731312183750646,21.22901725769043,35517800.0
2025-01-10,21.207691490863887,21.36277686486368,20.829675629139352,21.023530960083008,41572400.0
2025-01-13,20.96537268939344,21.013837445200554,20.74244035890492,20.897523880004883,37865600.0
2025-01-14,20.858754595024894,21.149535744254987,20.723055123141588,21.130149841308594,25627300.0
2025-01-15,21.304619442000412,21.4112400603232,21.207691775228923,21.236770629882812,50559900.0
2025-01-16,21.324007420816017,21.450012105765417,21.16892387838214,21.343393325805664,25639600.0
2025-01-17,21.411241470704166,21.682638585793256,21.304620845358166,21.6050968170166,33638000.0
2025-01-21,21.527551198106256,21.84741304440706,21.527551198106256,21.798948287963867,36777600.0
2025-01-22,21.69232830024848,21.789255967198272,21.343391287467302,21.634172439575195,31676400.0
2025-01-23,21.65355848741058,21.96372554472938,21.537244916545287,21.83772087097168,32125200.0
2025-01-24,21.857106518561164,22.08973367724687,21.847415414962416,22.021883010864258,44409200.0
2025-01-27,22.77791642620694,23.62118478394261,22.6325258400433,23.398250579833984,92445200.0
2025-01-28,23.3207079560693,23.82473036179274,23.185010327121272,23.65026092529297,55731400.0
2025-01-29,23.950735687679657,24.212439849518894,23.45640806919433,23.485485076904297,34420400.0
2025-01-30,23.427327217902388,23.48548307711193,23.04931135992821,23.281936645507812,45653000.0
2025-01-31,23.272245886589342,23.3982505682041,22.932999953215067,23.0008487701416,40341800.0
2025-02-03,22.96207711692601,23.679338891002153,22.94269121387873,23.50486946105957,59555800.0
2025-02-04,23.46609765496501,23.679338891002153,23.330400031116987,23.50486946105957,30540200.0
2025-02-05,23.708416179220283,23.824729750147895,23.5339485959411,23.718109130859375,29511700.0
2025-02-06,23.747189566733095,23.80534543169785,23.553334218528423,23.698726654052734,24522500.0
2025-02-07,23.698726430129366,23.970121696561623,23.504871083756385,23.785961151123047,26290100.0
2025-02-10,23.8538083145944,24.17366831982349,23.84411536307334,24.096126556396484,31913400.0
2025-02-11,24.134896193179085,24.406293285939647,24.037968527997354,24.377214431762695,35150300.0
2025-02-12,24.37721647171852,24.600148826173115,24.289981750629053,24.580764770507812,38970300.0
2025-02-13,24.68738282115939,24.94908697673057,24.580764047540477,24.842466354370117,35115100.0
2025-02-14,24.881236983968297,25.133248175688905,24.8133881724938,25.075092315673828,31687800.0
2025-02-18,24.920006837841715,25.375566310840274,24.920006837841715,25.268945693969727,52442500.0
2025-02-19,25.41433563999872,25.540342156595237,25.268945069783925,25.4337215423584,30551500.0
2025-02-20,25.394951801598015,25.472493562952486,25.142940615010634,25.346487045288086,32753900.0
2025-02-21,25.278639429073543,25.898973549206893,25.17201880889756,25.802047729492188,58421500.0
2025-02-24,25.802048031952037,26.29637563426452,25.782662128285242,25.918359756469727,54549600.0
2025-02-25,26.044366504072897,26.32545471467674,25.453109378375036,25.831125259399414,52497200.0
2025-02-26,25.743889049377792,26.00559318972848,25.61788437925048,25.753582000732422,39296500.0
2025-02-27,25.82143126567746,26.14129127104089,25.753582453743014,26.073442459106445,32943300.0
2025-02-28,26.170370142541085,26.645313675130815,26.170370142541085,26.567771911621094,62510800.0
2025-03-03,26.43207435098223,27.003945551514395,26.35453258728676,26.86824607849121,45078600.0
2025-03-04,26.94578638773299,27.11056285778441,25.317409438023027,25.414335250854492,89479700.0
2025-03-05,25.268947764286466,25.579114840149767,25.03632245738899,25.375568389892578,42010100.0
2025-03-06,25.414335292406662,25.96682240965276,25.259251773133105,25.90866470336914,32211600.0
2025-03-07,25.85051045567186,26.373916903629993,25.782661642857054,26.286684036254883,35341900.0
2025-03-10,26.276992158921146,26.61623623686494,25.86020446459984,26.441768646240234,57820800.0
2025-03-11,25.656655321140775,26.00559418834091,24.803695905335616,25.210790634155273,74574300.0
2025-03-12,24.84246613369162,25.06540032835054,24.125204336778136,24.92970085144043,62383200.0
2025-03-13,24.997550833392136,25.64696194979138,24.968471978687397,25.288331985473633,37698500.0
2025-03-14,25.007241573791536,25.8311239577373,24.958778665394146,25.763275146484375,37591300.0
2025-03-17,25.75358494310013,26.102523836767595,25.443417859280895,26.005596160888672,45570000.0
2025-03-18,25.976515118805967,26.15098455096634,25.743889825505967,25.792354583740234,30365600.0
2025-03-19,25.831126905976536,26.11221698323971,25.637273401520034,26.015289306640625,30145700.0
2025-03-20,26.0734442618949,26.10252311848088,25.86020485982249,25.966825485229492,27272300.0
2025-03-21,25.986208106052835,26.373916928750642,25.82143162531358,26.189756393432617,91268600.0
2025-03-24,26.034671704122054,26.383608704629008,26.01528580166572,26.1315975189209,26863300.0
2025-03-25,26.14129131140146,26.713162511076806,26.14129131140146,26.470844268798828,42339700.0
2025-03-26,26.56777257657337,26.98456025914776,26.51930966644489,26.800397872924805,42589400.0
2025-03-27,26.916712213973124,27.54673930733892,26.790705686055023,27.333499908447266,43000100.0
2025-03-28,27.478890101985805,27.63397363511498,27.197800042725703,27.31411361694336,35085300.0
2025-03-31,27.391653449958888,27.682434591864766,27.343188693813634,27.411039352416992,50156500.0
2025-04-01,27.527350969902965,27.7308992474924,27.352881545895286,27.60489273071289,43986400.0
2025-04-02,27.53704518192966,27.71151461392574,27.149336360128096,27.275341033935547,41574800.0
2025-04-03,27.663050805843394,28.13799432821444,27.57581609267918,27.721206665039062,48912300.0
2025-04-04,27.13964398449148,27.55643167005196,25.71481334085263,25.82143211364746,61361000.0
2025-04-07,24.406295979482202,26.39330501566272,24.328754208527393,26.005596160888672,74875400.0
2025-04-08,26.189756011074557,26.354532489408154,25.23017599562883,25.579113006591797,55717100.0
2025-04-09,25.288333329792874,26.034674001549803,24.425680930516844,25.65665626525879,77738700.0
2025-04-10,25.703675079859075,26.213047142523763,25.37062425952939,25.850608825683594,51467900.0
2025-04-11,26.036726710078078,26.35018587581779,25.821224000723024,26.242435455322266,32057600.0
2025-04-14,26.08570318939649,26.790988158647846,26.03672589691579,26.644054412841797,27042800.0
2025-04-15,26.93792152404785,27.06526360371777,26.702827160405285,26.93792152404785,25721300.0
2025-04-16,27.173016489732575,27.212199818723104,26.389368593561613,26.46773338317871,27835900.0
2025-04-17,26.624461194742953,26.928124500802678,26.4579357943172,26.595073699951172,24870300.0
2025-04-21,26.604869206566384,26.722417315933807,25.625308479171853,25.791833877563477,46226000.0
2025-04-22,25.46857911860681,26.80078231653344,25.44898745549287,26.40895652770996,50906800.0
2025-04-23,25.997544133615413,26.761600350247754,25.586128529134953,26.634258270263672,43351000.0
2025-04-24,26.61466557754677,27.261175521263382,26.58527808251825,26.967308044433594,43640800.0
2025-04-25,26.89873805758404,26.957513049465337,26.085702686865176,26.26202392578125,37050300.0
2025-04-28,26.350184970095313,26.71262328575144,26.252228517077665,26.70282745361328,24156000.0
2025-04-29,26.546099070094296,26.87914990431557,26.497119907200567,26.74201011657715,25015800.0
2025-04-30,27.03587838544161,27.319950045175435,26.76160068952279,27.133834838867188,38877100.0
2025-05-01,26.93792197674194,27.212199673116153,26.71262344134381,27.07505989074707,37367600.0
2025-05-02,27.03587753848925,27.212198775458884,26.800783178651034,27.045673370361328,22928400.0
2025-05-05,26.99669495897946,27.12403890848082,26.604871015059775,26.947717666625977,21335300.0
2025-05-06,26.977104073132647,27.662795480197936,26.937920746141785,27.584430694580078,32491700.0
2025-05-07,27.466884531512466,27.81952513365311,27.378723913886336,27.525657653808594,28352900.0
2025-05-08,27.427700965776665,27.466884292542424,26.88894330129445,26.908533096313477,30141500.0
2025-05-09,26.996695505092326,27.447294450988032,26.859557589037276,27.270973205566406,29206900.0
2025-05-12,26.536302029298525,26.74200889899414,26.124886421543355,26.457937240600586,57106100.0
2025-05-13,26.497118756083253,26.575483544944788,25.772243992023068,25.90938377380371,58767100.0
2025-05-14,25.889791799189812,26.046521375034366,25.76244785108866,25.899587631225586,31519500.0
2025-05-15,26.056317700096212,26.839965594146822,26.056317700096212,26.77139663696289,35278700.0
2025-05-16,26.810578541619062,27.20240246782994,26.565688354191778,27.153423309326172,31106000.0
2025-05-19,27.19260820144074,27.466885899758772,27.143629040117542,27.447294235229492,30996600.0
2025-05-20,27.476680165388675,27.682388908477137,27.182812667678288,27.212200164794922,24966600.0
2025-05-21,27.114241825106006,27.20240244196511,26.84975997452869,26.908533096313477,29684200.0
2025-05-22,27.01628566528801,27.143627741909967,26.653847362286644,26.673439025878906,25901600.0
2025-05-23,26.918329320762446,26.967308479934285,26.604870175518194,26.859556198120117,31766300.0
2025-05-27,26.80078404952716,27.065264045211848,26.761600720765603,26.830169677734375,33329200.0
2025-05-28,26.82037340804461,27.055469640051093,26.75180445219435,26.93792152404785,32270200.0
2025-05-29,26.91832998756255,26.947717483793618,26.712623119036856,26.82037353515625,27189100.0
2025-05-30,26.830168869368133,27.231788635253906,26.79098741015103,27.231788635253906,47964900.0
2025-06-02,27.084855076891717,27.3885183942444,27.035877785447834,27.359132766723633,26935200.0
2025-06-03,27.319950329507027,27.555044699156777,27.08485595985728,27.388519287109375,26085900.0
2025-06-04,27.38851812229507,27.398313954159363,26.663643379612427,26.800783157348633,33913500.0
2025-06-05,26.86935289218686,27.28076850061316,26.771396439063658,27.192607879638672,29186800.0
2025-06-06,27.20240395018533,27.5256589404701,27.20240395018533,27.506067276000977,22403100.0
2025-06-09,27.26117608773485,27.5060662796363,27.26117608773485,27.290563583374023,23353600.0
2025-06-10,27.33954083520465,28.025234118891003,27.280767712374473,27.8391170501709,39959100.0
2025-06-11,27.897891547741335,28.02523549990646,27.672593008820243,27.760753631591797,32164500.0
2025-06-12,27.888095488524375,27.888095488524375,27.545250700939558,27.692184448242188,23311700.0
2025-06-13,27.65300058226457,27.76075286676426,27.535454334050296,27.613819122314453,22428200.0
2025-06-16,27.574636676012716,27.809731048325006,27.21220021933443,27.3983154296875,32761400.0
2025-06-17,27.280768942746718,27.398315193708456,27.026082907844327,27.084856033325195,35258600.0
2025-06-18,27.192606717491465,27.26117567123805,27.026081314808103,27.094650268554688,27985500.0
2025-06-20,27.114243400236234,27.53545484561804,27.05547027503718,27.202404022216797,51495200.0
2025-06-23,27.23178945080359,27.721569850050876,27.23178945080359,27.623615264892578,32957200.0
2025-06-24,27.58443247064309,27.770549549105365,27.45709038645142,27.701980590820312,26007000.0
2025-06-25,27.564839319760527,27.77054805188913,27.310153296744296,27.349336624145508,26189400.0
2025-06-26,27.408112191973487,27.525660316299764,27.231790939666098,27.427703857421875,25118500.0
2025-06-27,27.427702486488425,27.604023729982654,27.329746032506744,27.506067276000977,37337200.0
2025-06-30,27.545250213181827,28.426854549750562,27.525658548991338,28.34848976135254,42590800.0
2025-07-01,28.397467098085485,28.593380003570342,28.11339544033277,28.289714813232422,25976400.0
2025-07-02,28.221145594655713,28.436650162359868,27.711775408182067,27.731365203857422,47012300.0
2025-07-03,27.711775054501015,27.82932130050859,27.555043612551096,27.780344009399414,21085200.0
2025-07-07,27.839118647369094,27.888095941143543,27.64320573554331,27.829322814941406,22448700.0
2025-07-08,27.662795666980514,27.878298361793757,27.506066094686542,27.711774826049805,24955400.0
2025-07-09,27.75095617958031,27.799933470099774,27.388517877299133,27.525657653808594,34453800.0
2025-07-10,27.464319597529933,27.52367998999161,27.18730128765401,27.3258113861084,25053100.0
2025-07-11,27.25655375310332,27.25655375310332,26.336461120702207,26.68273162841797,42713300.0
2025-07-14,26.732200262124906,27.216980861237086,26.732200262124906,26.870708465576172,30747000.0
2025-07-15,26.643159094272864,26.831135863657487,26.50465088895407,26.732200622558594,32266200.0
2025-07-16,26.732200804179723,26.82124233307041,26.59369071088711,26.662946701049805,21934400.0
2025-07-17,26.514543594859067,26.761880762300038,26.484864342467162,26.7025203704834,24546400.0
2025-07-18,26.68273253562886,26.751988526559447,26.51454318886303,26.653053283691406,27427900.0
2025-07-21,27.16751337234536,27.42474425109489,26.959751058951216,27.08836555480957,36229500.0
2025-07-22,27.157620362162216,27.464317905861474,26.93006874551496,27.127939224243164,35255800.0
2025-07-23,26.019869473997215,27.454425811767578,25.57466370116123,27.454425811767578,65616300.0
2025-07-24,27.474211989327546,27.869951065092614,27.395064174174532,27.62261390686035,47332700.0
2025-07-25,27.612721620550083,28.048035569896197,27.454425982066564,27.701763153076172,33987800.0
2025-07-28,27.632507617401878,27.632507617401878,27.246662254441194,27.30602264404297,29164400.0
2025-07-29,27.385170389966675,27.632507547553754,27.029004279190797,27.118045806884766,34202400.0
2025-07-30,27.048792833957123,27.414850785730362,26.94985758938525,27.207088470458984,30096100.0
2025-07-31,27.05868541743304,27.424743353923574,27.019110566443384,27.118045806884766,34120000.0
2025-08-01,27.3455968533479,27.63250887571511,27.04879300479058,27.454425811767578,38817000.0
2025-08-04,27.493998934481308,27.622613424220432,27.276341031339005,27.385169982910156,29972400.0
2025-08-05,27.424744081435023,27.672081245583353,27.37527740341848,27.474212646484375,25317400.0
2025-08-06,27.64240271499976,27.76112350015097,27.157622087061135,27.197195053100586,39247200.0
2025-08-07,27.15762037483743,27.81059031309944,26.999324746594077,27.76112174987793,35331400.0
2025-08-08,27.77101677883011,27.949099840802955,27.731443813409935,27.78091049194336,23598200.0
2025-08-11,27.879845848706672,27.97878109320615,27.7809106042072,27.84027099609375,20602400.0
2025-08-12,27.84027040173078,28.394307004286556,27.84027040173078,28.17664909362793,30755100.0
2025-08-13,28.196436998829867,28.285478529788797,28.057928789352786,28.097501754760742,26382700.0
2025-08-14,28.275583926142755,28.463560695250507,28.10739458263219,28.44377326965332,24530200.0
2025-08-15,28.43387980483209,28.770258494786844,28.344838275900962,28.562496185302734,37020400.0
2025-08-18,28.67132366322059,28.839513010604538,28.562496593995313,28.611963272094727,20420600.0
2025-08-19,28.562496706590835,28.849406837357527,28.493240715132703,28.671323776245117,18890600.0
2025-08-20,28.7900451512421,29.067061556485275,28.710897337310804,28.968128204345703,34843000.0
2025-08-21,28.938448017526877,29.24514557071097,28.89887316574426,29.12642478942871,32991000.0
2025-08-22,29.156104956356238,29.334188020901916,28.374520479445913,28.46356201171875,34012000.0
2025-08-25,28.463560990999103,28.671323300830018,28.414092426492132,28.433879852294922,19405000.0
2025-08-26,28.522921016315518,28.651535508321956,27.909524033509346,28.255796432495117,49407900.0
2025-08-27,28.196436401900286,28.770258540913787,28.196436401900286,28.750471115112305,28026200.0
2025-08-28,28.710897922355624,28.710897922355624,28.443773337257,28.631750106811523,24658100.0
2025-08-29,28.71089893453683,29.017596494703515,28.641644829373337,28.978023529052734,26562400.0
2025-09-02,28.987913968075315,29.08684920801732,28.69111013528205,28.7702579498291,31571100.0
2025-09-03,28.701005048410288,28.77025915315645,28.146970323408187,28.73068618774414,27245400.0
2025-09-04,28.869193554708453,29.383655299284026,28.720791636435862,29.26493263244629,31845400.0
2025-09-05,29.264932337082,29.47269653019293,29.10663670758451,29.274826049804688,25105900.0
2025-09-08,28.196437343299593,28.82961989382493,27.97878131331472,28.59217643737793,40649300.0
2025-09-09,28.592176193285628,29.264933590991873,28.52292208829225,29.106637954711914,35105500.0
2025-09-10,28.938447542361757,29.12642431117704,28.59217514308079,28.888980865478516,25689400.0
2025-09-11,28.97802327563155,29.185785589305084,28.809833927262716,29.175891876220703,23581000.0
2025-09-12,29.1066372953165,29.28472035385529,28.97802280139004,29.25503921508789,22794000.0
2025-09-15,29.294614496161035,29.47269755731006,29.18578553945156,29.304508209228516,31486400.0
2025-09-16,29.30450730009513,29.334186551343993,28.898872625043953,29.017595291137695,28118200.0
2025-09-17,29.017596666607194,29.264933836246545,28.938448847803915,29.225360870361328,25967200.0
2025-09-18,29.037382783161,29.15610356249388,28.82961858877931,28.888980865478516,30142900.0
2025-09-19,28.948341186213074,28.997807862978526,28.621856213275937,28.701004028320312,62155700.0
2025-09-22,28.631750698147616,28.760365193425788,28.433880211684333,28.611963272094727,25835300.0
2025-09-23,28.611963342028076,28.70100487245091,28.255797220336742,28.483348846435547,28805800.0
2025-09-24,28.38441425909737,28.443774651740497,27.869952490769307,28.018354415893555,28858700.0
2025-09-25,28.196436156052126,28.44377331531574,27.988673848046417,27.998565673828125,25658500.0
2025-09-26,28.077713193124545,28.265689960551136,27.949098701958615,28.008459091186523,25455100.0
2025-09-29,27.94910013845435,28.038141670389045,27.583040297496954,27.77101707458496,28739600.0
2025-09-30,27.840269928970468,28.048034123159002,27.751228401037203,27.939205169677734,34049500.0
2025-10-01,27.75122795851787,27.86005691026376,27.226874399086363,27.256553649902344,38415100.0
2025-10-02,27.108152574015936,27.137833712783603,26.593690824239758,26.722307205200195,39597200.0
2025-10-03,26.73220132672987,26.930069927107088,26.702520187508522,26.771774291992188,34891700.0
2025-10-06,26.25731365734096,26.435394826388737,25.56476885859056,25.594449996948242,63474300.0
2025-10-07,25.643917553779755,26.019869217380116,25.57466344893491,25.88136100769043,43249600.0
2025-10-08,25.950614338255644,26.06933700518511,25.742852029920044,25.970401763916016,36913200.0
2025-10-09,25.970402425708954,26.19795216550348,25.812106790457737,25.82200050354004,33129200.0
2025-10-10,25.84000015258789,26.239999771118164,25.709999084472656,25.8700008392334,37980100.0
2025-10-13,25.68000030517578,25.850000381469727,25.350000381469727,25.59000015258789,36313700.0
2025-10-14,25.579999923706055,26.149999618530273,25.579999923706055,26.1299991607666,43644900.0
2025-10-15,26.049999237060547,26.190000534057617,25.940000534057617,26.06999969482422,34674000.0
2025-10-16,26.100000381469727,26.389999389648438,26.049999237060547,26.200000762939453,49513100.0
2025-10-17,26.389999389648438,26.479999542236328,26.200000762939453,26.34000015258789,61491800.0
2025-10-20,26.34000015258789,26.440000534057617,25.829999923706055,26.100000381469727,66161100.0
2025-10-21,26.149999618530273,26.229999542236328,25.899999618530273,26.049999237060547,100445700.0
2025-10-22,24.920000076293945,25.829999923706055,24.31999969482422,25.549999237060547,95468000.0
2025-10-23,25.68000030517578,25.75,24.489999771118164,24.6200008392334,107294100.0
2025-10-24,24.639999389648438,25.190000534057617,24.56999969482422,25.139999389648438,80553700.0
2025-10-27,25.079999923706055,25.56999969482422,24.969999313354492,25.530000686645508,86220400.0
2025-10-28,25.40999984741211,25.780000686645508,25.309999465942383,25.700000762939453,77662500.0
2025-10-29,26.1200008392334,26.209999084472656,24.989999771118164,25.139999389648438,102705000.0
2025-10-30,24.989999771118164,25.170000076293945,24.8799991607666,25.0049991607666,5095118.0
